1.681791092188866521e-01 9.916285390908896602e-01 1.002672101347332201e-02
1.512818101258411319e-01 9.943455840460820871e-01 1.002491805019870182e-02
1.343404557188997428e-01 9.967730695574137378e-01 1.002014448735035444e-02
1.173599780929579645e-01 9.989102864278970317e-01 1.001240173943797503e-02
1.003453206397850461e-01 1.000756608438514661e+00 1.000169210080487439e-02
8.330143668783356048e-02 1.002311492525384207e+00 9.988018744948111427e-03
6.623328813932823078e-02 1.003574478935890246e+00 9.971385723578122043e-03
4.914584410491899119e-02 1.004545191363741763e+00 9.951797965418104908e-03
3.204407953617639804e-02 1.005223337062917555e+00 9.929261274743545612e-03
1.493297385620800249e-02 1.005608706940460673e+00 9.903782329662269568e-03
-2.182490411317313146e-03 1.005701175628087807e+00 9.875368680135589161e-03
-1.929732901446126400e-02 1.005500701532587193e+00 9.844028745741070785e-03
-3.640655734633558432e-02 1.005007326864959305e+00 9.809771813177650332e-03
-5.350519181916707501e-02 1.004221177648291663e+00 9.772608033513770220e-03
-7.058825123882531138e-02 1.003142463704322473e+00 9.732548419179401847e-03
-8.765075817952137915e-02 1.001771478618683764e+00 9.689604840702834704e-03
-1.046877403583973132e-01 1.000108599684791821e+00 9.643790023193168914e-03
-1.216942320097105235e-01 9.981542878263683916e-01 9.595117542569593649e-03
-1.386652752583306947e-01 9.959090874985765396e-01 9.543601821538559918e-03
-1.555959214922525979e-01 9.933736265677536315e-01 9.489258125320009993e-03
-1.724812327338350604e-01 9.905486161697285574e-01 9.432102557123961048e-03
-1.893162830094739790e-01 9.874348505467132053e-01 9.372152053378792619e-03
-2.060961597174104099e-01 9.840332068627611894e-01 9.309424378712603115e-03
-2.228159649933818542e-01 9.803446449977831767e-01 9.243938120689165414e-03
-2.394708170738153452e-01 9.763702073201258047e-01 9.175712684300044511e-03
-2.560558516562634335e-01 9.721110184377022012e-01 9.104768286214466252e-03
-2.725662232567853116e-01 9.675682849276855402e-01 9.031125948788689198e-03
-2.889971065639644343e-01 9.627432950447680771e-01 8.954807493836628232e-03
-3.053436977892651227e-01 9.576374184079915475e-01 8.875835536163566991e-03
-3.216012160134164577e-01 9.522521056661681360e-01 8.794233476864921073e-03
-3.377649045285184837e-01 9.465888881418956791e-01 8.710025496391975847e-03
-3.538300321755632472e-01 9.406493774541943020e-01 8.623236547386706544e-03
-3.697918946770547555e-01 9.344352651197829207e-01 8.533892347287758834e-03
-3.856458159644206019e-01 9.279483221330183662e-01 8.442019370709827678e-03
-4.013871494998961786e-01 9.211903985245263327e-01 8.347644841598658369e-03
-4.170112795925691729e-01 9.141634228985587862e-01 8.250796725163987363e-03
-4.325136227082616025e-01 9.068694019491095881e-01 8.151503719592879255e-03
-4.478896287729376979e-01 8.993104199548300759e-01 8.049795247545791371e-03
-4.631347824693068937e-01 8.914886382527877906e-01 7.945701447438049611e-03
-4.782446045263056833e-01 8.834062946911157566e-01 7.839253164509150246e-03
-4.932146530011318752e-01 8.750657030606048270e-01 7.730481941682663255e-03
-5.080405245535027925e-01 8.664692525052946070e-01 7.619420010219394787e-03
-5.227178557118143942e-01 8.576194069121222396e-01 7.506100280166547005e-03
-5.372423241308669217e-01 8.485187042796979995e-01 7.390556330605772307e-03
-5.516096498408290527e-01 8.391697560662744193e-01 7.272822399702972944e-03
-5.658155964871074417e-01 8.295752465169826673e-01 7.152933374562775101e-03
-5.798559725607866921e-01 8.197379319704221068e-01 7.030924780890750528e-03
-5.937266326193092469e-01 8.096606401446766466e-01 6.906832772466365081e-03
-6.074234784970515832e-01 7.993462694028594662e-01 6.780694120429837414e-03
-6.209424605054650881e-01 7.887977879982730478e-01 6.652546202386062403e-03
-6.342795786224397769e-01 7.780182332992884309e-01 6.522426991328810278e-03
-6.474308836705523484e-01 7.670107109940491608e-01 6.390375044388528665e-03
-6.603924784838582918e-01 7.557783942751086226e-01 6.256429491407005349e-03
-6.731605190628833224e-01 7.443245230041241056e-01 6.120630023342370739e-03
-6.857312157174756395e-01 7.326524028567238389e-01 5.983016880507805411e-03
-6.981008341971741693e-01 7.207654044476811128e-01 5.843630840647462930e-03
-7.102656968087460720e-01 7.086669624365288245e-01 5.702513206853157199e-03
-7.222221835205571150e-01 6.963605746137534469e-01 5.559705795325347102e-03
-7.339667330534210832e-01 6.838498009677210776e-01 5.415250922982102130e-03
-7.454958439575903872e-01 6.711382627324842254e-01 5.269191394919691893e-03
-7.568060756755392582e-01 6.582296414166339815e-01 5.121570491728498833e-03
-7.678940495901950269e-01 6.451276778133632206e-01 4.972431956668071397e-03
-7.787564500582784266e-01 6.318361709919082525e-01 4.821819982705004802e-03
-7.893900254283964246e-01 6.183589772705661014e-01 4.669779199417667045e-03
-7.997915890435577380e-01 6.047000091714519465e-01 4.516354659771452951e-03
-8.099580202277580909e-01 5.908632343572106649e-01 4.361591826768628985e-03
-8.198862652562951547e-01 5.768526745498732122e-01 4.205536559976676310e-03
-8.295733383094753277e-01 5.626724044320667861e-01 4.048235101939088969e-03
-8.390163224093659666e-01 5.483265505307997056e-01 3.889734064472728965e-03
-8.482123703392575598e-01 5.338192900840370569e-01 3.730080414855729398e-03
-8.571587055454977788e-01 5.191548498903005848e-01 3.569321461910074725e-03
-8.658526230213603458e-01 5.043375051415329713e-01 3.407504841982994612e-03
-8.742914901726152044e-01 4.893715782394610359e-01 3.244678504831256631e-03
-8.824727476644655955e-01 4.742614375957234230e-01 3.080890699412640842e-03
-8.903939102495267433e-01 4.590114964160120770e-01 2.916189959588721872e-03
-8.980525675765114180e-01 4.436262114684987878e-01 2.750625089743238046e-03
-9.054463849793021879e-01 4.281100818368230865e-01 2.584245150320316729e-03
-9.125731042460877296e-01 4.124676476579177131e-01 2.417099443286777321e-03
-9.194305443682400103e-01 3.967034888449685326e-01 2.249237497522913343e-03
-9.260166022686204812e-01 3.808222237958030498e-01 2.080709054146012791e-03
-9.323292535089974242e-01 3.648285080870110053e-01 1.911564051770984997e-03
-9.383665529762694746e-01 3.487270331541146851e-01 1.741852611712490888e-03
-9.441266355471883420e-01 3.325225249581019726e-01 1.571625023132888288e-03
-9.496077167312756417e-01 3.162197426386574861e-01 1.400931728140485414e-03
-9.548080932916432895e-01 2.998234771544237565e-01 1.229823306842451301e-03
-9.597261438434152581e-01 2.833385499106338412e-01 1.058350462356834895e-03
-9.643603294294720296e-01 2.667698113744716437e-01 8.865640057881527848e-04
-9.687091940732276418e-01 2.501221396785091589e-01 7.145148411709374529e-04
-9.727713653081621059e-01 2.334004392125964555e-01 5.422539503857897337e-04
-9.765455546838364143e-01 2.166096392045692431e-01 3.698323780523441015e-04
-9.800305582481265709e-01 1.997546922901582700e-01 1.973012164036407350e-04
-9.832252570054045293e-01 1.828405730724886602e-01 2.471159014641236730e-05
-9.861286173504220098e-01 1.658722766715585994e-01 -1.478853586882961579e-04
-9.887396914776388490e-01 1.488548172641073197e-01 -3.204384858995978848e-04
-9.910576177657562935e-01 1.317932266142750608e-01 -4.928966602718986168e-04
-9.930816211372163194e-01 1.146925525954729241e-01 -6.652087787261841542e-04
-9.948110133924414900e-01 9.755785770388769595e-02 -8.373237814629474725e-04
-9.962451935185835383e-01 8.039421756404421804e-02 -1.009190667092335885e-03
-9.973836479725762816e-01 6.320671942687070000e-02 -1.180758507746946769e-03
-9.982259509382749307e-01 4.600046066070232614e-02 -1.351976464172856360e-03
-9.987717645574857306e-01 2.878054723567483389e-02 -1.522793800794394053e-03
-9.990208391346940831e-01 1.155209220196526387e-02 -1.693159900748170132e-03
-9.989730133153024161e-01 -5.679785837665439312e-03 -1.863024280881970911e-03
-9.986282142372070458e-01 -2.290996426055188356e-02 -2.032336606713989850e-03
-9.979864576555397271e-01 -4.013331796155921588e-02 -2.201046707348022942e-03
-9.970478480404197930e-01 -5.734472089479300538e-02 -2.369104590340194612e-03
-9.958125786475653385e-01 -7.453904761909729837e-02 -2.536460456512779765e-03
-9.942809315616200072e-01 -9.171117484685843702e-02 -2.703064714710799905e-03
-9.924532777120644855e-01 -1.088559829956110697e-01 -2.868867996496937255e-03
-9.903300768615929117e-01 -1.259683577419535294e-01 -3.033821170780469974e-03
-9.879118775668361829e-01 -1.430431915772662488e-01 -3.197875358375881251e-03
-9.851993171113325731e-01 -1.600753853647224889e-01 -3.360981946486798957e-03
-9.821931214106499608e-01 -1.770598498970847312e-01 -3.523092603111041381e-03
-9.788941048895791752e-01 -1.939915074547607921e-01 -3.684159291362415749e-03
-9.753031703313227441e-01 -2.108652933636060434e-01 -3.844134283705091457e-03
-9.714213086986168699e-01 -2.276761575519435088e-01 -4.002970176096295324e-03
-9.672495989267380079e-01 -2.444190661062733694e-01 -4.160619902033146911e-03
-9.627892076883448613e-01 -2.610890028251452444e-01 -4.317036746499493954e-03
-9.580413891301370333e-01 -2.776809707706530128e-01 -4.472174359808573328e-03
-9.530074845812982476e-01 -2.941899938170162154e-01 -4.625986771337405740e-03
-9.476889222337226970e-01 -3.106111181957184053e-01 -4.778428403148928666e-03
-9.420872167940305131e-01 -3.269394140366404522e-01 -4.929454083497659088e-03
-9.362039691073734682e-01 -3.431699769046722137e-01 -5.079019060215124275e-03
-9.300408657530728762e-01 -3.592979293312298927e-01 -5.227079013970839169e-03
-9.235996786121125623e-01 -3.753184223401539454e-01 -5.373590071405102454e-03
-9.168822644065421912e-01 -3.912266369674324840e-01 -5.518508818129643986e-03
-9.098905642108527925e-01 -4.070177857741915095e-01 -5.661792311592191845e-03
-9.026266029353884335e-01 -4.226871143524252306e-01 -5.803398093801336033e-03
-8.950924887818877407e-01 -4.382299028228915927e-01 -5.943284203907698085e-03
-8.872904126712416462e-01 -4.536414673246438878e-01 -6.081409190637858224e-03
-8.792226476435797133e-01 -4.689171614956414991e-01 -6.217732124577278301e-03
-8.708915482308061673e-01 -4.840523779438833940e-01 -6.352212610298530772e-03
-8.622995498017081983e-01 -4.990425497085361206e-01 -6.484810798331382478e-03
-8.534491678797933023e-01 -5.138831517104852642e-01 -6.615487396971007905e-03
-8.443429974339974331e-01 -5.285697021917880045e-01 -6.744203683920994320e-03
-8.349837121424394937e-01 -5.430977641434707737e-01 -6.870921517767604285e-03
-8.253740636294004673e-01 -5.574629467211276168e-01 -6.995603349281862525e-03
-8.155168806757160382e-01 -5.716609066477957857e-01 -7.118212232546248380e-03
-8.054150684027893137e-01 -5.856873496035528426e-01 -7.238711835902530457e-03
-7.950716074304372549e-01 -5.995380316013174671e-01 -7.357066452717631391e-03
-7.844895530087948599e-01 -6.132087603483186156e-01 -7.473241011964301336e-03
-7.736720341245275634e-01 -6.266953965926983505e-01 -7.587201088613367526e-03
-7.626222525815871123e-01 -6.399938554547438541e-01 -7.698912913834672460e-03
-7.513434820567889139e-01 -6.531001077422085022e-01 -7.808343385003462846e-03
-7.398390671304755362e-01 -6.660101812492259521e-01 -7.915460075509415591e-03
-7.281124222925547951e-01 -6.787201620383003231e-01 -8.020231244365383025e-03
-7.161670309242176291e-01 -6.912261957048624339e-01 -8.122625845612871029e-03
-7.040064442556304147e-01 -7.035244886239085949e-01 -8.222613537521687027e-03
-6.916342802999412287e-01 -7.156113091782099200e-01 -8.320164691580800992e-03
-6.790542227639146944e-01 -7.274829889676209804e-01 -8.415250401277935347e-03
-6.662700199355483521e-01 -7.391359239990011876e-01 -8.507842490665197543e-03
-6.532854835490270462e-01 -7.505665758562640733e-01 -8.597913522708191397e-03
-6.401044876273679352e-01 -7.617714728501081556e-01 -8.685436807416239274e-03
-6.267309673031504769e-01 -7.727472111469464444e-01 -8.770386409751173770e-03
-6.131689176177005374e-01 -7.834904558765974913e-01 -8.852737157312450672e-03
-5.994223922991330777e-01 -7.939979422182856794e-01 -8.932464647796307250e-03
-5.854955025196681984e-01 -8.042664764645087727e-01 -9.009545256226639612e-03
-5.713924156326195547e-01 -8.142929370623556151e-01 -9.083956141955645824e-03
-5.571173538895030086e-01 -8.240742756318381046e-01 -9.155675255431958842e-03
-5.426745931376882881e-01 -8.336075179608368746e-01 -9.224681344734430438e-03
-5.280684614990421855e-01 -8.428897649762522315e-01 -9.290953961869531305e-03
-5.133033380300301429e-01 -8.519181936909627773e-01 -9.354473468830516378e-03
-4.983836513637229793e-01 -8.606900581262165728e-01 -9.415221043416620653e-03
-4.833138783342018630e-01 -8.692026902090678186e-01 -9.473178684810446698e-03
-4.680985425838303238e-01 -8.774535006445035590e-01 -9.528329218912019033e-03
-4.527422131538862415e-01 -8.854399797619024737e-01 -9.580656303427845244e-03
-4.372495030590662912e-01 -8.931596983354750385e-01 -9.630144432713467692e-03
-4.216250678463460133e-01 -9.006103083783637553e-01 -9.676778942368138847e-03
-4.058736041387380755e-01 -9.077895439100650554e-01 -9.720546013580192574e-03
-3.899998481644480486e-01 -9.146952216968726734e-01 -9.761432677221855425e-03
-3.740085742719672091e-01 -9.213252419650370673e-01 -9.799426817692288849e-03
-3.579045934316466004e-01 -9.276775890863461216e-01 -9.834517176507686156e-03
-3.416927517242749901e-01 -9.337503322358593483e-01 -9.866693355637421586e-03
-3.253779288172349848e-01 -9.395416260215175841e-01 -9.895945820585198491e-03
-3.089650364287722106e-01 -9.450497110853831595e-01 -9.922265903214334479e-03
-2.924590167809481556e-01 -9.502729146762625145e-01 -9.945645804316310956e-03
-2.758648410418502173e-01 -9.552096511934802248e-01 -9.966078595921851538e-03
-2.591875077576126229e-01 -9.598584227015914960e-01 -9.983558223353830238e-03
-2.424320412748481590e-01 -9.642178194158215199e-01 -9.998079507021393614e-03
-2.256034901540531490e-01 -9.682865201580405090e-01 -1.000963814395480073e-02
-2.087069255745791496e-01 -9.720632927830984427e-01 -1.001823070908046918e-02
-1.917474397317700807e-01 -9.755469945753446614e-01 -1.002385465623591154e-02
-1.747301442268376637e-01 -9.787365726151797674e-01 -1.002650831892420991e-02
-1.576601684500971157e-01 -9.816310641155059358e-01 -1.002619091080783793e-02
-1.405426579581421087e-01 -9.842295967279305335e-01 -1.002290252594167236e-02
-1.233827728455705458e-01 -9.865313888186276747e-01 -1.001664413874511946e-02
-1.061856861118747053e-01 -9.885357497137357008e-01 -1.000741760371336858e-02
-8.895658202408140980e-02 -9.902420799142195307e-01 -9.995225654867876883e-03
-7.170065447577754492e-02 -9.916498712801047333e-01 -9.980071904946210062e-03
-5.442310534310935977e-02 -9.927587071840378030e-01 -9.961960844331516768e-03
-3.712914283837561585e-02 -9.935682626341100221e-01 -9.940897839721924562e-03
-1.982397986183625713e-02 -9.940783043659161544e-01 -9.916889132540277277e-03
-2.512832352326591946e-03 -9.942886909038256560e-01 -9.889941837084657850e-03
1.479908236268316288e-02 -9.941993725914541891e-01 -9.860063938420288165e-03
3.210654721699282566e-02 -9.938103915913435449e-01 -9.827264290013355830e-03
4.940434705492061096e-02 -9.931218818538651849e-01 -9.791552611107558896e-03
6.668727027927501272e-02 -9.921340690553795971e-01 -9.752939483844076315e-03
8.395011049746224641e-02 -9.908472705056978747e-01 -9.711436350125859235e-03
1.011876681650945159e-01 -9.892618950248998066e-01 -9.667055508227138244e-03
1.183947522265143826e-01 -9.873784427895828664e-01 -9.619810109149183955e-03
1.355661817516221335e-01 -9.851975051486236978e-01 -9.569714152723382550e-03
1.526967875683957199e-01 -9.827197644085511330e-01 -9.516782483462785103e-03
1.697814138905253400e-01 -9.799459935886405404e-01 -9.461030786163346709e-03
1.868149199395416626e-01 -9.768770561458532953e-01 -9.402475581256199838e-03
2.037921815608658982e-01 -9.735139056697543758e-01 -9.341134219912288969e-03
2.207080928331847658e-01 -9.698575855475618512e-01 -9.277024878900827151e-03
2.375575676705569128e-01 -9.659092285994865801e-01 -9.210166555203154817e-03
2.543355414166920681e-01 -9.616700566845327591e-01 -9.140579060383499654e-03
2.710369724308012152e-01 -9.571413802769556112e-01 -9.068283014718398274e-03
2.876568436644686422e-01 -9.523245980135615074e-01 -8.993299841086465837e-03
3.041901642289717156e-01 -9.472211962120704598e-01 -8.915651758620305595e-03
3.206319709524796946e-01 -9.418327483607613626e-01 -8.835361776122549818e-03
3.369773299265990119e-01 -9.361609145796295772e-01 -8.752453685247799792e-03
3.532213380416905357e-01 -9.302074410533105464e-01 -8.666952053452687058e-03
3.693591245104396181e-01 -9.239741594360175725e-01 -8.578882216715997058e-03
3.853858523791335311e-01 -9.174629862287694282e-01 -8.488270272031047878e-03
4.012967200261111644e-01 -9.106759221291836903e-01 -8.395143069672626052e-03
4.170869626468830527e-01 -9.036150513541256757e-01 -8.299528205240628773e-03
4.327518537253842168e-01 -8.962825409355164030e-01 -8.201454011482927839e-03
4.482867064908739319e-01 -8.886806399896077791e-01 -8.100949549899755589e-03
4.636868753599744375e-01 -8.808116789600481944e-01 -7.998044602132135111e-03
4.789477573633520446e-01 -8.726780688350714854e-01 -7.892769661136965487e-03
4.940647935565776194e-01 -8.642823003391461034e-01 -7.785155922151278281e-03
5.090334704146677325e-01 -8.556269430994414282e-01 -7.675235273448431303e-03
5.238493212098646046e-01 -8.467146447874658310e-01 -7.563040286888921514e-03
5.385079273721867787e-01 -8.375481302362477454e-01 -7.448604208268625598e-03
5.530049198322983806e-01 -8.281302005334415517e-01 -7.331960947467379072e-03
5.673359803462794115e-01 -8.184637320907350855e-01 -7.213145068400715447e-03
5.814968428018423285e-01 -8.085516756899679969e-01 -7.092191778777864539e-03
5.954832945055985594e-01 -7.983970555063498731e-01 -6.969136919668934664e-03
6.092911774509573997e-01 -7.880029681091955673e-01 -6.844016954884405562e-03
6.229163895662506167e-01 -7.773725814406009516e-01 -6.716868960170168171e-03
6.363548859427133886e-01 -7.665091337724712073e-01 -6.587730612221121863e-03
6.496026800419184566e-01 -7.554159326423499632e-01 -6.456640177516802942e-03
6.626558448823176573e-01 -7.440963537684771589e-01 -6.323636500982185091e-03
6.755105142045216837e-01 -7.325538399445226112e-01 -6.188758994477065734e-03
6.881628836149671358e-01 -7.207918999144571348e-01 -6.052047625117525087e-03
7.006092117076448966e-01 -7.088141072280061961e-01 -5.913542903432784242e-03
7.128458211635597674e-01 -6.966240990771537245e-01 -5.773285871361039275e-03
7.248690998275993946e-01 -6.842255751141731457e-01 -5.631318090087905626e-03
7.366755017625222779e-01 -6.716222962516433803e-01 -5.487681627730871085e-03
7.482615482797578821e-01 -6.588180834449451906e-01 -5.342419046873672639e-03
7.596238289467476257e-01 -6.458168164577082759e-01 -5.195573391954045814e-03
7.707590025705526315e-01 -6.326224326106987261e-01 -5.047188176508718427e-03
7.816637981574627858e-01 -6.192389255146484306e-01 -4.897307370279457318e-03
7.923350158483718486e-01 -6.056703437875007312e-01 -4.745975386183824869e-03
8.027695278296661519e-01 -5.919207897565932353e-01 -4.593237067154728841e-03
8.129642792194147205e-01 -5.779944181462592923e-01 -4.439137672852468304e-03
8.229162889286401050e-01 -5.638954347513608356e-01 -4.283722866253295014e-03
8.326226504974625353e-01 -5.496280950972626256e-01 -4.127038700118540807e-03
8.420805329059356525e-01 -5.351967030867464947e-01 -3.969131603348158635e-03
8.512871813593877457e-01 -5.206056096343770756e-01 -3.810048367222821503e-03
8.602399180480946317e-01 -5.058592112888453673e-01 -3.649836131538705761e-03
8.689361428811387400e-01 -4.909619488437756418e-01 -3.488542370638891398e-03
8.773733341942915320e-01 -4.759183059375411973e-01 -3.326214879345746906e-03
8.855490494317989070e-01 -4.607328076425779018e-01 -3.162901758798263453e-03
8.934609258019370337e-01 -4.454100190447218832e-01 -2.998651402198629617e-03
9.011066809062218130e-01 -4.299545438130945585e-01 -2.833512480472334932e-03
9.084841133421814874e-01 -4.143710227610296615e-01 -2.667533927845860183e-03
9.155911032795883697e-01 -3.986641323985813945e-01 -2.500764927346466916e-03
9.224256130100759732e-01 -3.828385834771102503e-01 -2.333254896228182697e-03
9.289856874700730405e-01 -3.668991195264655891e-01 -2.165053471328372715e-03
9.352694547369874156e-01 -3.508505153852875535e-01 -1.996210494359335584e-03
9.412751264986020105e-01 -3.346975757249195937e-01 -1.826775997139060441e-03
9.470009984956357929e-01 -3.184451335674652328e-01 -1.656800186765777913e-03
9.524454509374461475e-01 -3.020980487984767926e-01 -1.486333430740488905e-03
9.576069488908571792e-01 -2.856612066747906686e-01 -1.315426242041960224e-03
9.624840426421011896e-01 -2.691395163280219660e-01 -1.144129264158699711e-03
9.670753680318834311e-01 -2.525379092641976131e-01 -9.724932560821284312e-04
9.713796467635743559e-01 -2.358613378600530053e-01 -8.005690772656565450e-04
9.753956866845593376e-01 -2.191147738564665770e-01 -6.284076725539039423e-04
9.791223820407765066e-01 -2.023032068495333458e-01 -4.560600570866163526e-04
9.825587137044775599e-01 -1.854316427797755573e-01 -2.835773011818409407e-04
9.857037493752733859e-01 -1.685051024199551439e-01 -1.110105152026169198e-04
9.885566437545155738e-01 -1.515286198619953673e-01 6.158916558806474032e-05
9.911166386930875261e-01 -1.345072410034693078e-01 2.341705961797707148e-04
9.933830633126802256e-01 -1.174460220341374678e-01 4.066826369700221448e-04
9.953553341006439181e-01 -1.003500279230136183e-01 5.790741689180003071e-04
9.970329549785043044e-01 -8.322433090640289632e-02 7.512941086922929118e-04
9.984155173442516018e-01 -6.607400897739929002e-02 9.232914238079248642e-04
9.995027000885128299e-01 -4.890414437727717833e-02 1.095015147748413077e-03
1.000294269584725670e+00 -3.171982208923748020e-02 1.266414395068269760e-03
1.000790079653443021e+00 -1.452612833496374524e-02 1.437438376471397977e-03
1.000990071500900802e+00 2.671850925592337070e-03 1.608036413861125245e-03
1.000894273631993903e+00 1.986903149073312308e-02 1.778157955357157578e-03
1.000502801737809255e+00 3.706033240943606283e-02 1.947752590275217237e-03
9.998158585578700297e-01 5.424067746923937061e-02 2.116770064064842864e-03
9.988337337172594754e-01 7.140499667916343218e-02 2.285160293200838230e-03
9.975568035387881727e-01 8.854822774727595658e-02 2.452873380024168763e-03
9.959855308303877663e-01 1.056653175524659011e-01 2.619859627527654829e-03
9.941204646479085971e-01 1.227512236100455623e-01 2.786069554082294328e-03
9.919622400335136314e-01 1.398009155307754214e-01 2.951453908099762203e-03
9.895115777298618687e-01 1.568093764729121542e-01 3.115963682626658997e-03
9.867692838702815106e-01 1.737716045869177051e-01 3.279550129866398451e-03
9.837362496451401705e-01 1.906826144524237376e-01 3.442164775624169653e-03
9.804134509446208456e-01 2.075374385071020455e-01 3.603759433670914933e-03
9.768019479781231418e-01 2.243311284670656547e-01 3.764286220021973665e-03
9.729028848705081334e-01 2.410587567384322172e-01 3.923697567126081635e-03
9.687174892354133426e-01 2.577154178197180734e-01 4.081946237960728738e-03
9.642470717258699864e-01 2.742962296946900302e-01 4.238985340029454048e-03
9.594930255624538606e-01 2.907963352153551950e-01 4.394768339257123548e-03
9.544568260392112258e-01 3.072109034747467216e-01 4.549249073779009812e-03
9.491400300076022756e-01 3.235351311691679332e-01 4.702381767619491677e-03
9.435442753387063286e-01 3.397642439495955347e-01 4.854121044256525831e-03
9.376712803639425386e-01 3.558934977619005458e-01 5.004421940067634196e-03
9.315228432945537040e-01 3.719181801755997996e-01 5.153239917653621924e-03
9.251008416201166318e-01 3.878336117008260309e-01 5.300530879035990177e-03
9.184072314863351849e-01 4.036351470932144636e-01 5.446251178724068574e-03
9.114440470523746951e-01 4.193181766464333382e-01 5.590357636648170606e-03
9.042133998280120766e-01 4.348781274720536771e-01 5.732807550954734446e-03
8.967174779908603233e-01 4.503104647664994409e-01 5.873558710659821866e-03
8.889585456839410593e-01 4.656106930647991859e-01 6.012569408157170982e-03
8.809389422938802561e-01 4.807743574808671649e-01 6.149798451576998608e-03
8.726610817099936801e-01 4.957970449340739494e-01 6.285205176992113112e-03
8.641274515645471777e-01 5.106743853618316287e-01 6.418749460467444191e-03
8.553406124544633560e-01 5.254020529179648236e-01 6.550391729949676251e-03
8.463031971447533275e-01 5.399757671566209893e-01 6.680092976993296482e-03
8.370179097539630630e-01 5.543912942014764811e-01 6.807814768319614233e-03
8.274875249219031392e-01 5.686444479000273278e-01 6.933519257205408848e-03
8.177148869599590864e-01 5.827310909627234636e-01 7.057169194697694020e-03
8.077029089842562293e-01 5.966471360867401375e-01 7.178727940651396383e-03
7.974545720319667907e-01 6.103885470641756683e-01 7.298159474586654941e-03
7.869729241610532444e-01 6.239513398744543915e-01 7.415428406362402879e-03
7.762610795337197001e-01 6.373315837607582690e-01 7.530499986663300935e-03
7.653222174838751890e-01 6.505254022902641209e-01 7.643340117296650027e-03
7.541595815688841853e-01 6.635289743980194999e-01 7.753915361296448601e-03
7.427764786058966839e-01 6.763385354142618100e-01 7.862192952831501686e-03
7.311762776930520458e-01 6.889503780749932638e-01 7.968140806914604871e-03
7.193624092158330541e-01 7.013608535156569124e-01 8.071727528910062344e-03
7.073383638388741623e-01 7.135663722477191273e-01 8.172922423836553527e-03
6.951076914834996012e-01 7.255634051180146482e-01 8.271695505462747094e-03
6.826740002912847771e-01 7.373484842506812242e-01 8.368017505192866870e-03
6.700409555739371692e-01 7.489182039715284178e-01 8.461859880739584089e-03
6.572122787497706176e-01 7.602692217146962417e-01 8.553194824581750177e-03
6.441917462670759820e-01 7.713982589114470878e-01 8.641995272204329795e-03
6.309831885146667263e-01 7.823021018609555011e-01 8.728234910118216547e-03
6.175904887198876425e-01 7.929776025829560204e-01 8.811888183657502760e-03
6.040175818343849201e-01 8.034216796521064241e-01 8.892930304551845827e-03
5.902684534079052359e-01 8.136313190139515816e-01 8.971337258271797413e-03
5.763471384504320616e-01 8.236035747823420294e-01 9.047085811144809156e-03
5.622577202829280862e-01 8.333355700182017989e-01 9.120153517239871360e-03
5.480043293769746304e-01 8.428244974895172659e-01 9.190518725018746379e-03
5.335911421836034840e-01 8.520676204124288944e-01 9.258160583751756656e-03
5.190223799515831793e-01 8.610622731733242885e-01 9.323059049696331979e-03
5.043023075354696738e-01 8.698058620318122047e-01 9.385194892036390416e-03
4.894352321936840666e-01 8.782958658044809352e-01 9.444549698580840744e-03
4.744255023769086699e-01 8.865298365293355909e-01 9.501105881219527177e-03
4.592775065070903717e-01 8.945054001108116992e-01 9.554846681134949310e-03
4.439956717473148018e-01 9.022202569452800747e-01 9.605756173768270623e-03
4.285844627628550008e-01 9.096721825269340478e-01 9.653819273538108078e-03
4.130483804736572173e-01 9.168590280339853349e-01 9.699021738310711557e-03
3.973919607985498259e-01 9.237787208950719586e-01 9.741350173620221681e-03
3.816197733914642454e-01 9.304292653357917331e-01 9.780792036637731002e-03
3.657364203699280947e-01 9.368087429052899262e-01 9.817335639888007115e-03
3.497465350361311787e-01 9.429153129828109492e-01 9.850970154712725829e-03
3.336547805908252617e-01 9.487472132641417977e-01 9.881685614479255100e-03
3.174658488403415690e-01 9.543027602278774113e-01 9.909472917533974912e-03
3.011844588970140624e-01 9.595803495814253514e-01 9.934323829899284822e-03
2.848153558732642310e-01 9.645784566866928422e-01 9.956230987713528963e-03
2.683633095696498216e-01 9.692956369653783488e-01 9.975187899413052658e-03
2.518331131571344694e-01 9.737305262838078512e-01 9.991188947655790450e-03
2.352295818538631123e-01 9.778818413172557511e-01 1.000422939098582174e-02
2.185575515967282112e-01 9.817483798936804673e-01 1.001430536523835110e-02
2.018218777079845150e-01 9.853290213168279799e-01 1.002141388468474892e-02
1.850274335572124340e-01 9.886227266686357096e-01 1.002555284291728986e-02
1.681791092188875680e-01 9.916285390908896602e-01 1.002672101347332201e-02
1.512818101258416037e-01 9.943455840460820871e-01 1.002491805019870182e-02
1.343404557189008808e-01 9.967730695574135158e-01 1.002014448735035444e-02
1.173599780929586306e-01 9.989102864278970317e-01 1.001240173943797503e-02
1.003453206397854902e-01 1.000756608438514661e+00 1.000169210080487439e-02
8.330143668783447641e-02 1.002311492525384207e+00 9.988018744948113162e-03
6.623328813932870263e-02 1.003574478935890024e+00 9.971385723578122043e-03
4.914584410492011529e-02 1.004545191363741763e+00 9.951797965418106642e-03
3.204407953617707805e-02 1.005223337062917555e+00 9.929261274743547347e-03
1.493297385620846393e-02 1.005608706940460673e+00 9.903782329662271303e-03
-2.182490411316407621e-03 1.005701175628087807e+00 9.875368680135590896e-03
-1.929732901446080257e-02 1.005500701532587193e+00 9.844028745741070785e-03
-3.640655734633446716e-02 1.005007326864959305e+00 9.809771813177652067e-03
-5.350519181916638806e-02 1.004221177648291663e+00 9.772608033513770220e-03
-7.058825123882483954e-02 1.003142463704322473e+00 9.732548419179403582e-03
-8.765075817952046322e-02 1.001771478618683764e+00 9.689604840702836439e-03
-1.046877403583966332e-01 1.000108599684792043e+00 9.643790023193168914e-03
-1.216942320097093994e-01 9.981542878263686136e-01 9.595117542569597119e-03
-1.386652752583300285e-01 9.959090874985767616e-01 9.543601821538563387e-03
-1.555959214922522094e-01 9.933736265677536315e-01 9.489258125320011727e-03
-1.724812327338341722e-01 9.905486161697285574e-01 9.432102557123964517e-03
-1.893162830094724525e-01 9.874348505467134274e-01 9.372152053378799558e-03
-2.060961597174084114e-01 9.840332068627615225e-01 9.309424378712608319e-03
-2.228159649933811326e-01 9.803446449977831767e-01 9.243938120689168883e-03
-2.394708170738140129e-01 9.763702073201262488e-01 9.175712684300049715e-03
-2.560558516562617126e-01 9.721110184377025343e-01 9.104768286214473191e-03
-2.725662232567846455e-01 9.675682849276855402e-01 9.031125948788692667e-03
-2.889971065639633796e-01 9.627432950447681881e-01 8.954807493836633436e-03
-3.053436977892636239e-01 9.576374184079922136e-01 8.875835536163573930e-03
-3.216012160134160691e-01 9.522521056661683581e-01 8.794233476864921073e-03
-3.377649045285175955e-01 9.465888881418960121e-01 8.710025496391982786e-03
-3.538300321755618594e-01 9.406493774541948572e-01 8.623236547386715217e-03
-3.697918946770528681e-01 9.344352651197836979e-01 8.533892347287769242e-03
-3.856458159644199357e-01 9.279483221330185883e-01 8.442019370709832882e-03
-4.013871494998951794e-01 9.211903985245266657e-01 8.347644841598663573e-03
-4.170112795925673410e-01 9.141634228985595634e-01 8.250796725163999507e-03
-4.325136227082609919e-01 9.068694019491099212e-01 8.151503719592880989e-03
-4.478896287729366987e-01 8.993104199548306310e-01 8.049795247545798310e-03
-4.631347824693054505e-01 8.914886382527883457e-01 7.945701447438060019e-03
-4.782446045263053502e-01 8.834062946911158676e-01 7.839253164509151980e-03
-4.932146530011308760e-01 8.750657030606054931e-01 7.730481941682671061e-03
-5.080405245535013492e-01 8.664692525052953842e-01 7.619420010219406063e-03
-5.227178557118127289e-01 8.576194069121232388e-01 7.506100280166560015e-03
-5.372423241308663666e-01 8.485187042796983325e-01 7.390556330605777512e-03
-5.516096498408280535e-01 8.391697560662747524e-01 7.272822399702980750e-03
-5.658155964871057764e-01 8.295752465169837775e-01 7.152933374562788112e-03
-5.798559725607861370e-01 8.197379319704225509e-01 7.030924780890754865e-03
-5.937266326193084698e-01 8.096606401446773127e-01 6.906832772466372020e-03
-6.074234784970504730e-01 7.993462694028604654e-01 6.780694120429848690e-03
-6.209424605054648660e-01 7.887977879982731588e-01 6.652546202386063270e-03
-6.342795786224389998e-01 7.780182332992892080e-01 6.522426991328818084e-03
-6.474308836705511272e-01 7.670107109940501600e-01 6.390375044388539941e-03
-6.603924784838567374e-01 7.557783942751099548e-01 6.256429491407020961e-03
-6.731605190628827673e-01 7.443245230041245497e-01 6.120630023342375943e-03
-6.857312157174748624e-01 7.326524028567246161e-01 5.983016880507814085e-03
-6.981008341971728370e-01 7.207654044476825561e-01 5.843630840647478543e-03
-7.102656968087456280e-01 7.086669624365293796e-01 5.702513206853163270e-03
-7.222221835205562268e-01 6.963605746137543351e-01 5.559705795325355776e-03
-7.339667330534200840e-01 6.838498009677221878e-01 5.415250922982116008e-03
-7.454958439575901652e-01 6.711382627324844474e-01 5.269191394919694495e-03
-7.568060756755384810e-01 6.582296414166349807e-01 5.121570491728509242e-03
-7.678940495901944718e-01 6.451276778133639977e-01 4.972431956668081805e-03
-7.787564500582772054e-01 6.318361709919099178e-01 4.821819982705022149e-03
-7.893900254283959805e-01 6.183589772705666565e-01 4.669779199417673117e-03
-7.997915890435569608e-01 6.047000091714528347e-01 4.516354659771464226e-03
-8.099580202277568697e-01 5.908632343572123302e-01 4.361591826768647200e-03
-8.198862652562947106e-01 5.768526745498736563e-01 4.205536559976682381e-03
-8.295733383094747726e-01 5.626724044320677853e-01 4.048235101939100244e-03
-8.390163224093651895e-01 5.483265505308010379e-01 3.889734064472744144e-03
-8.482123703392572267e-01 5.338192900840371680e-01 3.730080414855731132e-03
-8.571587055454973347e-01 5.191548498903015840e-01 3.569321461910085567e-03
-8.658526230213596797e-01 5.043375051415343036e-01 3.407504841983009358e-03
-8.742914901726140942e-01 4.893715782394626457e-01 3.244678504831276147e-03
-8.824727476644653734e-01 4.742614375957240336e-01 3.080890699412647347e-03
-8.903939102495262992e-01 4.590114964160130206e-01 2.916189959588732714e-03
-8.980525675765106408e-01 4.436262114685006197e-01 2.750625089743257562e-03
-9.054463849793019659e-01 4.281100818368236971e-01 2.584245150320323668e-03
-9.125731042460872855e-01 4.124676476579186013e-01 2.417099443286788597e-03
-9.194305443682396772e-01 3.967034888449699759e-01 2.249237497522928956e-03
-9.260166022686204812e-01 3.808222237958032164e-01 2.080709054146014959e-03
-9.323292535089969801e-01 3.648285080870120600e-01 1.911564051770996272e-03
-9.383665529762690305e-01 3.487270331541162394e-01 1.741852611712506283e-03
-9.441266355471875649e-01 3.325225249581038600e-01 1.571625023132908238e-03
-9.496077167312754197e-01 3.162197426386581522e-01 1.400931728140492136e-03
-9.548080932916429564e-01 2.998234771544248667e-01 1.229823306842462577e-03
-9.597261438434145919e-01 2.833385499106357841e-01 1.058350462356855062e-03
-9.643603294294718076e-01 2.667698113744722543e-01 8.865640057881597237e-04
-9.687091940732274198e-01 2.501221396785102136e-01 7.145148411709486202e-04
-9.727713653081616618e-01 2.334004392125979821e-01 5.422539503858056715e-04
-9.765455546838364143e-01 2.166096392045694929e-01 3.698323780523465952e-04
-9.800305582481263489e-01 1.997546922901593802e-01 1.973012164036520649e-04
-9.832252570054043073e-01 1.828405730724902145e-01 2.471159014642818310e-05
-9.861286173504216768e-01 1.658722766715606256e-01 -1.478853586882759104e-04
-9.887396914776388490e-01 1.488548172641080136e-01 -3.204384858995910001e-04
-9.910576177657558494e-01 1.317932266142761710e-01 -4.928966602718873411e-04
-9.930816211372160973e-01 1.146925525954749364e-01 -6.652087787261638796e-04
-9.948110133924414900e-01 9.755785770388837597e-02 -8.373237814629404252e-04
-9.962451935185835383e-01 8.039421756404535602e-02 -1.009190667092324609e-03
-9.973836479725762816e-01 6.320671942687228206e-02 -1.180758507746930940e-03
-9.982259509382749307e-01 4.600046066070256900e-02 -1.351976464172853758e-03
-9.987717645574857306e-01 2.878054723567596840e-02 -1.522793800794382778e-03
-9.990208391346940831e-01 1.155209220196684421e-02 -1.693159900748154303e-03
-9.989730133153024161e-01 -5.679785837663418359e-03 -1.863024280881951395e-03
-9.986282142372070458e-01 -2.290996426054940985e-02 -2.032336606713965564e-03
-9.979864576555397271e-01 -4.013331796155808484e-02 -2.201046707348012100e-03
-9.970478480404200150e-01 -5.734472089479099310e-02 -2.369104590340175096e-03
-9.958125786475655605e-01 -7.453904761909484200e-02 -2.536460456512755479e-03
-9.942809315616201182e-01 -9.171117484685731291e-02 -2.703064714710789063e-03
-9.924532777120647076e-01 -1.088559829956095154e-01 -2.868867996496922076e-03
-9.903300768615932448e-01 -1.259683577419515310e-01 -3.033821170780450893e-03
-9.879118775668364050e-01 -1.430431915772651108e-01 -3.197875358375870409e-03
-9.851993171113329062e-01 -1.600753853647209346e-01 -3.360981946486783778e-03
-9.821931214106504049e-01 -1.770598498970827328e-01 -3.523092603111021865e-03
-9.788941048895798414e-01 -1.939915074547584051e-01 -3.684159291362393632e-03
-9.753031703313229661e-01 -2.108652933636049331e-01 -3.844134283705080615e-03
-9.714213086986174250e-01 -2.276761575519415659e-01 -4.002970176096277109e-03
-9.672495989267383409e-01 -2.444190661062709824e-01 -4.160619902033124359e-03
-9.627892076883453054e-01 -2.610890028251441897e-01 -4.317036746499483546e-03
-9.580413891301375884e-01 -2.776809707706510699e-01 -4.472174359808555114e-03
-9.530074845812985807e-01 -2.941899938170142725e-01 -4.625986771337388392e-03
-9.476889222337229191e-01 -3.106111181957173506e-01 -4.778428403148919125e-03
-9.420872167940307351e-01 -3.269394140366393420e-01 -4.929454083497649547e-03
-9.362039691073743564e-01 -3.431699769046703263e-01 -5.079019060215106927e-03
-9.300408657530740975e-01 -3.592979293312271172e-01 -5.227079013970814016e-03
-9.235996786121130064e-01 -3.753184223401528907e-01 -5.373590071405093781e-03
-9.168822644065430794e-01 -3.912266369674306521e-01 -5.518508818129626639e-03
-9.098905642108536806e-01 -4.070177857741896776e-01 -5.661792311592175365e-03
-9.026266029353889886e-01 -4.226871143524242314e-01 -5.803398093801327359e-03
-8.950924887818885178e-01 -4.382299028228898718e-01 -5.943284203907682473e-03
-8.872904126712425343e-01 -4.536414673246421669e-01 -6.081409190637842611e-03
-8.792226476435802685e-01 -4.689171614956406109e-01 -6.217732124577269627e-03
-8.708915482308066114e-01 -4.840523779438824503e-01 -6.352212610298522098e-03
-8.622995498017093086e-01 -4.990425497085343998e-01 -6.484810798331366866e-03
-8.534491678797938574e-01 -5.138831517104842650e-01 -6.615487396971000099e-03
-8.443429974339982103e-01 -5.285697021917871163e-01 -6.744203683920985647e-03
-8.349837121424404929e-01 -5.430977641434691083e-01 -6.870921517767588672e-03
-8.253740636294015776e-01 -5.574629467211259515e-01 -6.995603349281847780e-03
-8.155168806757167044e-01 -5.716609066477948975e-01 -7.118212232546240574e-03
-8.054150684027905349e-01 -5.856873496035511772e-01 -7.238711835902516580e-03
-7.950716074304384762e-01 -5.995380316013159128e-01 -7.357066452717616646e-03
-7.844895530087956370e-01 -6.132087603483176164e-01 -7.473241011964292663e-03
-7.736720341245283405e-01 -6.266953965926974623e-01 -7.587201088613359720e-03
-7.626222525815884445e-01 -6.399938554547422997e-01 -7.698912913834661184e-03
-7.513434820567895800e-01 -6.531001077422077250e-01 -7.808343385003454172e-03
-7.398390671304763133e-01 -6.660101812492251749e-01 -7.915460075509408652e-03
-7.281124222925561273e-01 -6.787201620382988798e-01 -8.020231244365370882e-03
-7.161670309242189614e-01 -6.912261957048609906e-01 -8.122625845612858886e-03
-7.040064442556311919e-01 -7.035244886239077067e-01 -8.222613537521681823e-03
-6.916342802999426720e-01 -7.156113091782083657e-01 -8.320164691580790584e-03
-6.790542227639162487e-01 -7.274829889676197592e-01 -8.415250401277926673e-03
-6.662700199355492403e-01 -7.391359239990005214e-01 -8.507842490665192339e-03
-6.532854835490278234e-01 -7.505665758562632961e-01 -8.597913522708184458e-03
-6.401044876273693784e-01 -7.617714728501068233e-01 -8.685436807416228866e-03
-6.267309673031514761e-01 -7.727472111469457783e-01 -8.770386409751166831e-03
-6.131689176177014255e-01 -7.834904558765968252e-01 -8.852737157312445468e-03
-5.994223922991347431e-01 -7.939979422182844582e-01 -8.932464647796296842e-03
-5.854955025196699747e-01 -8.042664764645075515e-01 -9.009545256226630938e-03
-5.713924156326204429e-01 -8.142929370623549490e-01 -9.083956141955640620e-03
-5.571173538895046740e-01 -8.240742756318369944e-01 -9.155675255431951903e-03
-5.426745931376900645e-01 -8.336075179608357644e-01 -9.224681344734421765e-03
-5.280684614990431847e-01 -8.428897649762515654e-01 -9.290953961869526101e-03
-5.133033380300311421e-01 -8.519181936909621111e-01 -9.354473468830512908e-03
-4.983836513637247001e-01 -8.606900581262155736e-01 -9.415221043416613714e-03
-4.833138783342029177e-01 -8.692026902090673746e-01 -9.473178684810443229e-03
-4.680985425838312119e-01 -8.774535006445031149e-01 -9.528329218912015564e-03
-4.527422131538880734e-01 -8.854399797619014745e-01 -9.580656303427841775e-03
-4.372495030590681231e-01 -8.931596983354740393e-01 -9.630144432713460753e-03
-4.216250678463470125e-01 -9.006103083783633112e-01 -9.676778942368135378e-03
-4.058736041387399629e-01 -9.077895439100640562e-01 -9.720546013580187369e-03
-3.899998481644499360e-01 -9.146952216968716742e-01 -9.761432677221851956e-03
-3.740085742719682638e-01 -9.213252419650366232e-01 -9.799426817692285380e-03
-3.579045934316475996e-01 -9.276775890863457885e-01 -9.834517176507684422e-03
-3.416927517242769330e-01 -9.337503322358585711e-01 -9.866693355637418117e-03
-3.253779288172360395e-01 -9.395416260215171400e-01 -9.895945820585198491e-03
-3.089650364287732653e-01 -9.450497110853827154e-01 -9.922265903214332744e-03
-2.924590167809500429e-01 -9.502729146762619594e-01 -9.945645804316307487e-03
-2.758648410418521602e-01 -9.552096511934796697e-01 -9.966078595921849803e-03
-2.591875077576136777e-01 -9.598584227015912740e-01 -9.983558223353830238e-03
-2.424320412748501019e-01 -9.642178194158209648e-01 -9.998079507021393614e-03
-2.256034901540551751e-01 -9.682865201580400649e-01 -1.000963814395479899e-02
-2.087069255745802321e-01 -9.720632927830982206e-01 -1.001823070908046918e-02
-1.917474397317711909e-01 -9.755469945753444394e-01 -1.002385465623591154e-02
-1.747301442268396621e-01 -9.787365726151795453e-01 -1.002650831892420991e-02
-1.576601684500982259e-01 -9.816310641155057137e-01 -1.002619091080783793e-02
-1.405426579581432189e-01 -9.842295967279305335e-01 -1.002290252594167409e-02
-1.233827728455725581e-01 -9.865313888186272306e-01 -1.001664413874511946e-02
-1.061856861118767176e-01 -9.885357497137354787e-01 -1.000741760371336858e-02
-8.895658202408253390e-02 -9.902420799142193086e-01 -9.995225654867876883e-03
-7.170065447577958495e-02 -9.916498712801047333e-01 -9.980071904946211797e-03
-5.442310534311137898e-02 -9.927587071840378030e-01 -9.961960844331518503e-03
-3.712914283837675383e-02 -9.935682626341100221e-01 -9.940897839721926296e-03
-1.982397986183739511e-02 -9.940783043659161544e-01 -9.916889132540277277e-03
-2.512832352328625042e-03 -9.942886909038256560e-01 -9.889941837084661319e-03
1.479908236268202490e-02 -9.941993725914541891e-01 -9.860063938420288165e-03
3.210654721699168074e-02 -9.938103915913435449e-01 -9.827264290013357564e-03
4.940434705491858480e-02 -9.931218818538651849e-01 -9.791552611107562365e-03
6.668727027927297268e-02 -9.921340690553798192e-01 -9.752939483844081520e-03
8.395011049746112231e-02 -9.908472705056978747e-01 -9.711436350125862704e-03
1.011876681650924897e-01 -9.892618950249000287e-01 -9.667055508227143448e-03
1.183947522265123425e-01 -9.873784427895833105e-01 -9.619810109149190894e-03
1.355661817516210510e-01 -9.851975051486239199e-01 -9.569714152723384284e-03
1.526967875683945541e-01 -9.827197644085511330e-01 -9.516782483462788572e-03
1.697814138905233416e-01 -9.799459935886409845e-01 -9.461030786163351913e-03
1.868149199395405524e-01 -9.768770561458534063e-01 -9.402475581256203307e-03
2.037921815608648157e-01 -9.735139056697545978e-01 -9.341134219912294173e-03
2.207080928331827951e-01 -9.698575855475622953e-01 -9.277024878900835825e-03
2.375575676705549699e-01 -9.659092285994869131e-01 -9.210166555203163491e-03
2.543355414166909578e-01 -9.616700566845329812e-01 -9.140579060383504859e-03
2.710369724307992723e-01 -9.571413802769559442e-01 -9.068283014718406948e-03
2.876568436644666993e-01 -9.523245980135620625e-01 -8.993299841086474511e-03
3.041901642289706609e-01 -9.472211962120709039e-01 -8.915651758620312534e-03
3.206319709524786399e-01 -9.418327483607619177e-01 -8.835361776122555022e-03
3.369773299265970690e-01 -9.361609145796305764e-01 -8.752453685247806731e-03
3.532213380416895365e-01 -9.302074410533109905e-01 -8.666952053452692262e-03
3.693591245104385079e-01 -9.239741594360180166e-01 -8.578882216716003997e-03
3.853858523791316992e-01 -9.174629862287702053e-01 -8.488270272031060021e-03
4.012967200261093326e-01 -9.106759221291845785e-01 -8.395143069672636460e-03
4.170869626468819424e-01 -9.036150513541261198e-01 -8.299528205240633977e-03
4.327518537253823849e-01 -8.962825409355171802e-01 -8.201454011482938247e-03
4.482867064908721000e-01 -8.886806399896087783e-01 -8.100949549899769467e-03
4.636868753599733828e-01 -8.808116789600487495e-01 -7.998044602132142050e-03
4.789477573633511009e-01 -8.726780688350720405e-01 -7.892769661136974160e-03
4.940647935565757876e-01 -8.642823003391471026e-01 -7.785155922151290424e-03
5.090334704146667333e-01 -8.556269430994419833e-01 -7.675235273448437374e-03
5.238493212098637164e-01 -8.467146447874664972e-01 -7.563040286888929320e-03
5.385079273721848914e-01 -8.375481302362488556e-01 -7.448604208268637741e-03
5.530049198322967152e-01 -8.281302005334426619e-01 -7.331960947467392950e-03
5.673359803462784123e-01 -8.184637320907358626e-01 -7.213145068400724121e-03
5.814968428018406632e-01 -8.085516756899692181e-01 -7.092191778777879284e-03
5.954832945055967830e-01 -7.983970555063509833e-01 -6.969136919668948542e-03
6.092911774509565115e-01 -7.880029681091962335e-01 -6.844016954884413369e-03
6.229163895662498396e-01 -7.773725814406016177e-01 -6.716868960170176844e-03
6.363548859427118343e-01 -7.665091337724725395e-01 -6.587730612221136609e-03
6.496026800419174574e-01 -7.554159326423507403e-01 -6.456640177516811616e-03
6.626558448823167691e-01 -7.440963537684779361e-01 -6.323636500982193764e-03
6.755105142045202404e-01 -7.325538399445239435e-01 -6.188758994477081346e-03
6.881628836149650263e-01 -7.207918999144591332e-01 -6.052047625117548506e-03
7.006092117076440084e-01 -7.088141072280069732e-01 -5.913542903432792916e-03
7.128458211635584352e-01 -6.966240990771551678e-01 -5.773285871361055754e-03
7.248690998275978403e-01 -6.842255751141747000e-01 -5.631318090087922106e-03
7.366755017625215007e-01 -6.716222962516442685e-01 -5.487681627730881494e-03
7.482615482797565498e-01 -6.588180834449468559e-01 -5.342419046873689986e-03
7.596238289467462934e-01 -6.458168164577098302e-01 -5.195573391954064028e-03
7.707590025705518544e-01 -6.326224326106995033e-01 -5.047188176508727968e-03
7.816637981574618976e-01 -6.192389255146494298e-01 -4.897307370279466859e-03
7.923350158483706274e-01 -6.056703437875023965e-01 -4.745975386183843084e-03
8.027695278296643755e-01 -5.919207897565955667e-01 -4.593237067154754862e-03
8.129642792194140544e-01 -5.779944181462601804e-01 -4.439137672852478712e-03
8.229162889286389948e-01 -5.638954347513625009e-01 -4.283722866253313229e-03
8.326226504974607590e-01 -5.496280950972649570e-01 -4.127038700118567695e-03
8.420805329059349864e-01 -5.351967030867473829e-01 -3.969131603348169911e-03
8.512871813593866355e-01 -5.206056096343788520e-01 -3.810048367222840151e-03
8.602399180480936325e-01 -5.058592112888470327e-01 -3.649836131538724843e-03
8.689361428811381849e-01 -4.909619488437766965e-01 -3.488542370638902240e-03
8.773733341942906439e-01 -4.759183059375430291e-01 -3.326214879345765554e-03
8.855490494317981298e-01 -4.607328076425797336e-01 -3.162901758798282534e-03
8.934609258019357014e-01 -4.454100190447244367e-01 -2.998651402198657372e-03
9.011066809062212579e-01 -4.299545438130956132e-01 -2.833512480472345340e-03
9.084841133421808212e-01 -4.143710227610314933e-01 -2.667533927845879699e-03
9.155911032795872595e-01 -3.986641323985840590e-01 -2.500764927346495539e-03
9.224256130100756401e-01 -3.828385834771113605e-01 -2.333254896228193973e-03
9.289856874700721523e-01 -3.668991195264674765e-01 -2.165053471328392230e-03
9.352694547369866385e-01 -3.508505153852894409e-01 -1.996210494359355533e-03
9.412751264986017885e-01 -3.346975757249206485e-01 -1.826775997139071716e-03
9.470009984956353488e-01 -3.184451335674671202e-01 -1.656800186765797862e-03
9.524454509374453703e-01 -3.020980487984786800e-01 -1.486333430740509071e-03
9.576069488908564020e-01 -2.856612066747934442e-01 -1.315426242041989064e-03
9.624840426421007455e-01 -2.691395163280231317e-01 -1.144129264158710987e-03
9.670753680318829870e-01 -2.525379092641995560e-01 -9.724932560821484889e-04
9.713796467635734677e-01 -2.358613378600558641e-01 -8.005690772656856016e-04
9.753956866845591156e-01 -2.191147738564676872e-01 -6.284076725539152180e-04
9.791223820407759515e-01 -2.023032068495353164e-01 -4.560600570866366814e-04
9.825587137044772268e-01 -1.854316427797775557e-01 -2.835773011818611610e-04
9.857037493752731638e-01 -1.685051024199562542e-01 -1.110105152026282904e-04
9.885566437545155738e-01 -1.515286198619973657e-01 6.158916558804447929e-05
9.911166386930871930e-01 -1.345072410034713062e-01 2.341705961797504402e-04
9.933830633126800036e-01 -1.174460220341403405e-01 4.066826369699929797e-04
9.953553341006439181e-01 -1.003500279230147424e-01 5.790741689179889230e-04
9.970329549785043044e-01 -8.322433090640490860e-02 7.512941086922725288e-04
9.984155173442513798e-01 -6.607400897740219048e-02 9.232914238078960244e-04
9.995027000885126078e-01 -4.890414437727830937e-02 1.095015147748401802e-03
1.000294269584725670e+00 -3.171982208923949248e-02 1.266414395068249594e-03
1.000790079653443021e+00 -1.452612833496576272e-02 1.437438376471377810e-03
1.000990071500900802e+00 2.671850925591205596e-03 1.608036413861114186e-03
1.000894273631994125e+00 1.986903149073110386e-02 1.778157955357137629e-03
1.000502801737809255e+00 3.706033240943404361e-02 1.947752590275197287e-03
9.998158585578702517e-01 5.424067746923647015e-02 2.116770064064814674e-03
9.988337337172594754e-01 7.140499667916229420e-02 2.285160293200827388e-03
9.975568035387881727e-01 8.854822774727394430e-02 2.452873380024149248e-03
9.959855308303879884e-01 1.056653175524630284e-01 2.619859627527626640e-03
9.941204646479087081e-01 1.227512236100444382e-01 2.786069554082283052e-03
9.919622400335138535e-01 1.398009155307733953e-01 2.951453908099742687e-03
9.895115777298622017e-01 1.568093764729101558e-01 3.115963682626639916e-03
9.867692838702817326e-01 1.737716045869165948e-01 3.279550129866388043e-03
9.837362496451402816e-01 1.906826144524217670e-01 3.442164775624151005e-03
9.804134509446212897e-01 2.075374385071000749e-01 3.603759433670895851e-03
9.768019479781236969e-01 2.243311284670628236e-01 3.764286220021946777e-03
9.729028848705083554e-01 2.410587567384311347e-01 3.923697567126071227e-03
9.687174892354138978e-01 2.577154178197160750e-01 4.081946237960710523e-03
9.642470717258706525e-01 2.742962296946872547e-01 4.238985340029427160e-03
9.594930255624543047e-01 2.907963352153540848e-01 4.394768339257113139e-03
9.544568260392116699e-01 3.072109034747448342e-01 4.549249073778991598e-03
9.491400300076028307e-01 3.235351311691660459e-01 4.702381767619474330e-03
9.435442753387069947e-01 3.397642439495943689e-01 4.854121044256515423e-03
9.376712803639433158e-01 3.558934977618986584e-01 5.004421940067617716e-03
9.315228432945543702e-01 3.719181801755979122e-01 5.153239917653605444e-03
9.251008416201176310e-01 3.878336117008234218e-01 5.300530879035966758e-03
9.184072314863356290e-01 4.036351470932134089e-01 5.446251178724059033e-03
9.114440470523754723e-01 4.193181766464314508e-01 5.590357636648153258e-03
9.042133998280134088e-01 4.348781274720510126e-01 5.732807550954709293e-03
8.967174779908608784e-01 4.503104647664983862e-01 5.873558710659813192e-03
8.889585456839418365e-01 4.656106930647973541e-01 6.012569408157153635e-03
8.809389422938812553e-01 4.807743574808654441e-01 6.149798451576983863e-03
8.726610817099941242e-01 4.957970449340729502e-01 6.285205176992103571e-03
8.641274515645480658e-01 5.106743853618299633e-01 6.418749460467429446e-03
8.553406124544643552e-01 5.254020529179630472e-01 6.550391729949659771e-03
8.463031971447548818e-01 5.399757671566185468e-01 6.680092976993274798e-03
8.370179097539637292e-01 5.543912942014754819e-01 6.807814768319605560e-03
8.274875249219042495e-01 5.686444479000256624e-01 6.933519257205394970e-03
8.177148869599608627e-01 5.827310909627209101e-01 7.057169194697673203e-03
8.077029089842568954e-01 5.966471360867391382e-01 7.178727940651388577e-03
7.974545720319680120e-01 6.103885470641738920e-01 7.298159474586640195e-03
7.869729241610544657e-01 6.239513398744528372e-01 7.415428406362388133e-03
7.762610795337203662e-01 6.373315837607574919e-01 7.530499986663293129e-03
7.653222174838765213e-01 6.505254022902624556e-01 7.643340117296637017e-03
7.541595815688855176e-01 6.635289743980180566e-01 7.753915361296435590e-03
7.427764786058986823e-01 6.763385354142597006e-01 7.862192952831484338e-03
7.311762776930528229e-01 6.889503780749925976e-01 7.968140806914597932e-03
7.193624092158344974e-01 7.013608535156554691e-01 8.071727528910048466e-03
7.073383638388762717e-01 7.135663722477172399e-01 8.172922423836536179e-03
6.951076914835004894e-01 7.255634051180137600e-01 8.271695505462741890e-03
6.826740002912862204e-01 7.373484842506798920e-01 8.368017505192854727e-03
6.700409555739388345e-01 7.489182039715269745e-01 8.461859880739573680e-03
6.572122787497713947e-01 7.602692217146954645e-01 8.553194824581743239e-03
6.441917462670775363e-01 7.713982589114457555e-01 8.641995272204317652e-03
6.309831885146682806e-01 7.823021018609541688e-01 8.728234910118206138e-03
6.175904887198897519e-01 7.929776025829541330e-01 8.811888183657490617e-03
6.040175818343858083e-01 8.034216796521058690e-01 8.892930304551840623e-03
5.902684534079067902e-01 8.136313190139503604e-01 8.971337258271790474e-03
5.763471384504342820e-01 8.236035747823403641e-01 9.047085811144797013e-03
5.622577202829288634e-01 8.333355700182011327e-01 9.120153517239867891e-03
5.480043293769764068e-01 8.428244974895161556e-01 9.190518725018739440e-03
5.335911421836053714e-01 8.520676204124277842e-01 9.258160583751746248e-03
5.190223799515842895e-01 8.610622731733236224e-01 9.323059049696328510e-03
5.043023075354713392e-01 8.698058620318112055e-01 9.385194892036383477e-03
4.894352321936858430e-01 8.782958658044798250e-01 9.444549698580833805e-03
4.744255023769112234e-01 8.865298365293341476e-01 9.501105881219518504e-03
4.592775065070914819e-01 8.945054001108112551e-01 9.554846681134945841e-03
4.439956717473165781e-01 9.022202569452791865e-01 9.605756173768265418e-03
4.285844627628575543e-01 9.096721825269328265e-01 9.653819273538099405e-03
4.130483804736582165e-01 9.168590280339848908e-01 9.699021738310708088e-03
3.973919607985516023e-01 9.237787208950709594e-01 9.741350173620216477e-03
3.816197733914660217e-01 9.304292653357908449e-01 9.780792036637725798e-03
3.657364203699290939e-01 9.368087429052895931e-01 9.817335639888005380e-03
3.497465350361330660e-01 9.429153129828101720e-01 9.850970154712722360e-03
3.336547805908271491e-01 9.487472132641410205e-01 9.881685614479253366e-03
3.174658488403442336e-01 9.543027602278763011e-01 9.909472917533969707e-03
3.011844588970150616e-01 9.595803495814249073e-01 9.934323829899283087e-03
2.848153558732661739e-01 9.645784566866922871e-01 9.956230987713528963e-03
2.683633095696525972e-01 9.692956369653775717e-01 9.975187899413049189e-03
2.518331131571356352e-01 9.737305262838076292e-01 9.991188947655790450e-03
2.352295818538650551e-01 9.778818413172553070e-01 1.000422939098582001e-02
2.185575515967301818e-01 9.817483798936801342e-01 1.001430536523834937e-02
2.018218777079856252e-01 9.853290213168277578e-01 1.002141388468474892e-02
1.850274335572144047e-01 9.886227266686352655e-01 1.002555284291728986e-02
1.681791092188895664e-01 9.916285390908893271e-01 1.002672101347332201e-02
1.512818101258444348e-01 9.943455840460817541e-01 1.002491805019870182e-02
1.343404557189019910e-01 9.967730695574132938e-01 1.002014448735035444e-02
1.173599780929606429e-01 9.989102864278969207e-01 1.001240173943797676e-02
1.003453206397883768e-01 1.000756608438514217e+00 1.000169210080487613e-02
8.330143668783558664e-02 1.002311492525383985e+00 9.988018744948113162e-03
6.623328813933070103e-02 1.003574478935890024e+00 9.971385723578125512e-03
4.914584410492212063e-02 1.004545191363741541e+00 9.951797965418108377e-03
3.204407953617820215e-02 1.005223337062917555e+00 9.929261274743549082e-03
1.493297385621047621e-02 1.005608706940460451e+00 9.903782329662274772e-03
-2.182490411314397076e-03 1.005701175628087807e+00 9.875368680135592631e-03
-1.929732901445790558e-02 1.005500701532587193e+00 9.844028745741077724e-03
-3.640655734633334306e-02 1.005007326864959527e+00 9.809771813177653801e-03
-5.350519181916438272e-02 1.004221177648291663e+00 9.772608033513773690e-03
-7.058825123882195296e-02 1.003142463704322473e+00 9.732548419179408786e-03
-8.765075817951935300e-02 1.001771478618683986e+00 9.689604840702839908e-03
-1.046877403583946486e-01 1.000108599684792265e+00 9.643790023193175853e-03
-1.216942320097074148e-01 9.981542878263687246e-01 9.595117542569604058e-03
-1.386652752583288906e-01 9.959090874985769837e-01 9.543601821538566857e-03
-1.555959214922501832e-01 9.933736265677538535e-01 9.489258125320016932e-03
-1.724812327338321738e-01 9.905486161697290015e-01 9.432102557123973191e-03
-1.893162830094704541e-01 9.874348505467138715e-01 9.372152053378806497e-03
-2.060961597174081894e-01 9.840332068627615225e-01 9.309424378712610054e-03
-2.228159649933792175e-01 9.803446449977836208e-01 9.243938120689177557e-03
-2.394708170738120701e-01 9.763702073201265819e-01 9.175712684300056654e-03
-2.560558516562613796e-01 9.721110184377025343e-01 9.104768286214474926e-03
-2.725662232567827026e-01 9.675682849276862063e-01 9.031125948788701341e-03
-2.889971065639614922e-01 9.627432950447686322e-01 8.954807493836642110e-03
-3.053436977892634574e-01 9.576374184079922136e-01 8.875835536163575665e-03
-3.216012160134141817e-01 9.522521056661689132e-01 8.794233476864931481e-03
-3.377649045285157081e-01 9.465888881418966783e-01 8.710025496391991459e-03
-3.538300321755599720e-01 9.406493774541955233e-01 8.623236547386723891e-03
-3.697918946770527016e-01 9.344352651197836979e-01 8.533892347287769242e-03
-3.856458159644181038e-01 9.279483221330191434e-01 8.442019370709843290e-03
-4.013871494998933476e-01 9.211903985245275539e-01 8.347644841598675716e-03
-4.170112795925671190e-01 9.141634228985596744e-01 8.250796725164001241e-03
-4.325136227082591600e-01 9.068694019491106983e-01 8.151503719592893132e-03
-4.478896287729349224e-01 8.993104199548314082e-01 8.049795247545810453e-03
-4.631347824693052284e-01 8.914886382527884567e-01 7.945701447438060019e-03
-4.782446045263036294e-01 8.834062946911168668e-01 7.839253164509165858e-03
-4.932146530011291552e-01 8.750657030606064923e-01 7.730481941682683204e-03
-5.080405245534995728e-01 8.664692525052963834e-01 7.619420010219417339e-03
-5.227178557118123958e-01 8.576194069121233499e-01 7.506100280166561750e-03
-5.372423241308647013e-01 8.485187042796993317e-01 7.390556330605791389e-03
-5.516096498408264992e-01 8.391697560662759736e-01 7.272822399702992893e-03
-5.658155964871055543e-01 8.295752465169839995e-01 7.152933374562788979e-03
-5.798559725607844717e-01 8.197379319704237721e-01 7.030924780890769610e-03
-5.937266326193066934e-01 8.096606401446785339e-01 6.906832772466386765e-03
-6.074234784970502510e-01 7.993462694028605764e-01 6.780694120429850424e-03
-6.209424605054632007e-01 7.887977879982743801e-01 6.652546202386078883e-03
-6.342795786224373344e-01 7.780182332992904293e-01 6.522426991328833697e-03
-6.474308836705496839e-01 7.670107109940514922e-01 6.390375044388556421e-03
-6.603924784838566264e-01 7.557783942751100659e-01 6.256429491407021828e-03
-6.731605190628813240e-01 7.443245230041258820e-01 6.120630023342392423e-03
-6.857312157174734191e-01 7.326524028567259483e-01 5.983016880507830565e-03
-6.981008341971726150e-01 7.207654044476826671e-01 5.843630840647481145e-03
-7.102656968087441847e-01 7.086669624365307119e-01 5.702513206853179750e-03
-7.222221835205547835e-01 6.963605746137557784e-01 5.559705795325372256e-03
-7.339667330534198619e-01 6.838498009677222989e-01 5.415250922982118610e-03
-7.454958439575889440e-01 6.711382627324858907e-01 5.269191394919712709e-03
-7.568060756755371488e-01 6.582296414166364240e-01 5.121570491728526589e-03
-7.678940495901931396e-01 6.451276778133655521e-01 4.972431956668099153e-03
-7.787564500582770943e-01 6.318361709919100289e-01 4.821819982705024751e-03
-7.893900254283947593e-01 6.183589772705682108e-01 4.669779199417691332e-03
-7.997915890435558506e-01 6.047000091714545000e-01 4.516354659771481574e-03
-8.099580202277567587e-01 5.908632343572124412e-01 4.361591826768649802e-03
-8.198862652562936004e-01 5.768526745498753217e-01 4.205536559976700596e-03
-8.295733383094736624e-01 5.626724044320694507e-01 4.048235101939118459e-03
-8.390163224093650784e-01 5.483265505308013710e-01 3.889734064472745445e-03
-8.482123703392563385e-01 5.338192900840388333e-01 3.730080414855750214e-03
-8.571587055454962245e-01 5.191548498903032494e-01 3.569321461910104215e-03
-8.658526230213586805e-01 5.043375051415359689e-01 3.407504841983028439e-03
-8.742914901726139831e-01 4.893715782394629232e-01 3.244678504831278749e-03
-8.824727476644643742e-01 4.742614375957258654e-01 3.080890699412666862e-03
-8.903939102495254110e-01 4.590114964160148525e-01 2.916189959588751796e-03
-8.980525675765105298e-01 4.436262114685008418e-01 2.750625089743260164e-03
-9.054463849793009667e-01 4.281100818368255290e-01 2.584245150320343184e-03
-9.125731042460865083e-01 4.124676476579204887e-01 2.417099443286808112e-03
-9.194305443682394552e-01 3.967034888449701979e-01 2.249237497522931124e-03
-9.260166022686195930e-01 3.808222237958051037e-01 2.080709054146035342e-03
-9.323292535089964250e-01 3.648285080870140029e-01 1.911564051771016222e-03
-9.383665529762682533e-01 3.487270331541181267e-01 1.741852611712526450e-03
-9.441266355471875649e-01 3.325225249581040821e-01 1.571625023132910840e-03
-9.496077167312748646e-01 3.162197426386600951e-01 1.400931728140512086e-03
-9.548080932916422903e-01 2.998234771544267541e-01 1.229823306842482743e-03
-9.597261438434145919e-01 2.833385499106359506e-01 1.058350462356857664e-03
-9.643603294294712525e-01 2.667698113744741972e-01 8.865640057881797815e-04
-9.687091940732268647e-01 2.501221396785122120e-01 7.145148411709690032e-04
-9.727713653081614398e-01 2.334004392125982319e-01 5.422539503858080567e-04
-9.765455546838360812e-01 2.166096392045714636e-01 3.698323780523668156e-04
-9.800305582481260158e-01 1.997546922901613786e-01 1.973012164036723394e-04
-9.832252570054038632e-01 1.828405730724922129e-01 2.471159014644844413e-05
-9.861286173504216768e-01 1.658722766715608476e-01 -1.478853586882734438e-04
-9.887396914776385159e-01 1.488548172641100120e-01 -3.204384858995707797e-04
-9.910576177657556274e-01 1.317932266142781972e-01 -4.928966602718670665e-04
-9.930816211372160973e-01 1.146925525954751723e-01 -6.652087787261613859e-04
-9.948110133924412679e-01 9.755785770389038825e-02 -8.373237814629203675e-04
-9.962451935185833163e-01 8.039421756404736830e-02 -1.009190667092304443e-03
-9.973836479725762816e-01 6.320671942687253186e-02 -1.180758507746928554e-03
-9.982259509382749307e-01 4.600046066070458822e-02 -1.351976464172833809e-03
-9.987717645574855085e-01 2.878054723567798762e-02 -1.522793800794362612e-03
-9.990208391346940831e-01 1.155209220196886516e-02 -1.693159900748134571e-03
-9.989730133153024161e-01 -5.679785837663169426e-03 -1.863024280881948576e-03
-9.986282142372070458e-01 -2.290996426054916699e-02 -2.032336606713963396e-03
-9.979864576555397271e-01 -4.013331796155606562e-02 -2.201046707347992151e-03
-9.970478480404200150e-01 -5.734472089479074330e-02 -2.369104590340172494e-03
-9.958125786475657826e-01 -7.453904761909459220e-02 -2.536460456512753311e-03
-9.942809315616203403e-01 -9.171117484685528676e-02 -2.703064714710769548e-03
-9.924532777120647076e-01 -1.088559829956092795e-01 -2.868867996496919474e-03
-9.903300768615932448e-01 -1.259683577419512812e-01 -3.033821170780448290e-03
-9.879118775668367380e-01 -1.430431915772631402e-01 -3.197875358375851327e-03
-9.851993171113331282e-01 -1.600753853647189362e-01 -3.360981946486765130e-03
-9.821931214106504049e-01 -1.770598498970824830e-01 -3.523092603111020130e-03
-9.788941048895798414e-01 -1.939915074547581553e-01 -3.684159291362391030e-03
-9.753031703313234102e-01 -2.108652933636029347e-01 -3.844134283705061966e-03
-9.714213086986174250e-01 -2.276761575519413161e-01 -4.002970176096274507e-03
-9.672495989267383409e-01 -2.444190661062707326e-01 -4.160619902033121757e-03
-9.627892076883458605e-01 -2.610890028251422468e-01 -4.317036746499465331e-03
-9.580413891301378104e-01 -2.776809707706508479e-01 -4.472174359808553379e-03
-9.530074845812988027e-01 -2.941899938170141060e-01 -4.625986771337385790e-03
-9.476889222337236962e-01 -3.106111181957154632e-01 -4.778428403148900910e-03
-9.420872167940315123e-01 -3.269394140366374546e-01 -4.929454083497631332e-03
-9.362039691073736902e-01 -3.431699769046717696e-01 -5.079019060215119938e-03
-9.300408657530734313e-01 -3.592979293312286160e-01 -5.227079013970827026e-03
-9.235996786121132285e-01 -3.753184223401526687e-01 -5.373590071405091179e-03
-9.168822644065431904e-01 -3.912266369674303745e-01 -5.518508818129624904e-03
-9.098905642108537917e-01 -4.070177857741894556e-01 -5.661792311592172763e-03
-9.026266029353898768e-01 -4.226871143524223995e-01 -5.803398093801310879e-03
-8.950924887818879627e-01 -4.382299028228911486e-01 -5.943284203907695483e-03
-8.872904126712418682e-01 -4.536414673246434437e-01 -6.081409190637853020e-03
-8.792226476435803795e-01 -4.689171614956403888e-01 -6.217732124577267025e-03
-8.708915482308067224e-01 -4.840523779438822283e-01 -6.352212610298520364e-03
-8.622995498017094196e-01 -4.990425497085341777e-01 -6.484810798331364264e-03
-8.534491678797949676e-01 -5.138831517104825997e-01 -6.615487396970985354e-03
-8.443429974339992095e-01 -5.285697021917854510e-01 -6.744203683920970901e-03
-8.349837121424396047e-01 -5.430977641434704406e-01 -6.870921517767599948e-03
-8.253740636294008004e-01 -5.574629467211271727e-01 -6.995603349281859056e-03
-8.155168806757168154e-01 -5.716609066477946755e-01 -7.118212232546239707e-03
-8.054150684027906459e-01 -5.856873496035509552e-01 -7.238711835902514845e-03
-7.950716074304385872e-01 -5.995380316013158017e-01 -7.357066452717614911e-03
-7.844895530087967472e-01 -6.132087603483161731e-01 -7.473241011964278785e-03
-7.736720341245296728e-01 -6.266953965926960191e-01 -7.587201088613346710e-03
-7.626222525815874453e-01 -6.399938554547435210e-01 -7.698912913834670725e-03
-7.513434820567898020e-01 -6.531001077422075030e-01 -7.808343385003453305e-03
-7.398390671304766464e-01 -6.660101812492249529e-01 -7.915460075509406918e-03
-7.281124222925563494e-01 -6.787201620382987688e-01 -8.020231244365369147e-03
-7.161670309242191834e-01 -6.912261957048608796e-01 -8.122625845612858886e-03
-7.040064442556327462e-01 -7.035244886239061524e-01 -8.222613537521669680e-03
-6.916342802999414507e-01 -7.156113091782093649e-01 -8.320164691580800992e-03
-6.790542227639151385e-01 -7.274829889676208694e-01 -8.415250401277931877e-03
-6.662700199355494624e-01 -7.391359239990002994e-01 -8.507842490665190605e-03
-6.532854835490280454e-01 -7.505665758562631851e-01 -8.597913522708184458e-03
-6.401044876273696005e-01 -7.617714728501067123e-01 -8.685436807416228866e-03
-6.267309673031529194e-01 -7.727472111469444460e-01 -8.770386409751158158e-03
-6.131689176177029799e-01 -7.834904558765956040e-01 -8.852737157312436794e-03
-5.994223922991335218e-01 -7.939979422182854574e-01 -8.932464647796303781e-03
-5.854955025196687535e-01 -8.042664764645084396e-01 -9.009545256226637877e-03
-5.713924156326206649e-01 -8.142929370623548380e-01 -9.083956141955638885e-03
-5.571173538895048960e-01 -8.240742756318368833e-01 -9.155675255431950169e-03
-5.426745931376903975e-01 -8.336075179608356533e-01 -9.224681344734420030e-03
-5.280684614990448500e-01 -8.428897649762505662e-01 -9.290953961869517427e-03
-5.133033380300329185e-01 -8.519181936909611119e-01 -9.354473468830505969e-03
-4.983836513637233678e-01 -8.606900581262163508e-01 -9.415221043416618918e-03
-4.833138783342030842e-01 -8.692026902090671525e-01 -9.473178684810443229e-03
-4.680985425838315450e-01 -8.774535006445030039e-01 -9.528329218912015564e-03
-4.527422131538883510e-01 -8.854399797619013635e-01 -9.580656303427840040e-03
-4.372495030590683451e-01 -8.931596983354739283e-01 -9.630144432713460753e-03
-4.216250678463488999e-01 -9.006103083783624230e-01 -9.676778942368130174e-03
-4.058736041387385196e-01 -9.077895439100648334e-01 -9.720546013580190839e-03
-3.899998481644485482e-01 -9.146952216968723404e-01 -9.761432677221853690e-03
-3.740085742719684858e-01 -9.213252419650364011e-01 -9.799426817692285380e-03
-3.579045934316479327e-01 -9.276775890863457885e-01 -9.834517176507684422e-03
-3.416927517242771550e-01 -9.337503322358585711e-01 -9.866693355637418117e-03
-3.253779288172379824e-01 -9.395416260215165849e-01 -9.895945820585195021e-03
-3.089650364287751527e-01 -9.450497110853821603e-01 -9.922265903214329275e-03
-2.924590167809485441e-01 -9.502729146762624035e-01 -9.945645804316310956e-03
-2.758648410418506614e-01 -9.552096511934800027e-01 -9.966078595921851538e-03
-2.591875077576139552e-01 -9.598584227015912740e-01 -9.983558223353828504e-03
-2.424320412748503517e-01 -9.642178194158209648e-01 -9.998079507021393614e-03
-2.256034901540554249e-01 -9.682865201580400649e-01 -1.000963814395479899e-02
-2.087069255745822582e-01 -9.720632927830978876e-01 -1.001823070908046918e-02
-1.917474397317731893e-01 -9.755469945753437733e-01 -1.002385465623590981e-02
-1.747301442268381910e-01 -9.787365726151797674e-01 -1.002650831892420991e-02
-1.576601684500984757e-01 -9.816310641155057137e-01 -1.002619091080783793e-02
-1.405426579581434965e-01 -9.842295967279303115e-01 -1.002290252594167409e-02
-1.233827728455728079e-01 -9.865313888186272306e-01 -1.001664413874511946e-02
-1.061856861118769813e-01 -9.885357497137354787e-01 -1.000741760371336858e-02
-8.895658202408454618e-02 -9.902420799142193086e-01 -9.995225654867878617e-03
-7.170065447577804452e-02 -9.916498712801047333e-01 -9.980071904946210062e-03
-5.442310534310984549e-02 -9.927587071840378030e-01 -9.961960844331516768e-03
-3.712914283837699669e-02 -9.935682626341100221e-01 -9.940897839721926296e-03
-1.982397986183764491e-02 -9.940783043659161544e-01 -9.916889132540279012e-03
-2.512832352328871373e-03 -9.942886909038256560e-01 -9.889941837084663054e-03
1.479908236267999180e-02 -9.941993725914541891e-01 -9.860063938420293370e-03
3.210654721698965458e-02 -9.938103915913435449e-01 -9.827264290013362769e-03
4.940434705492012524e-02 -9.931218818538651849e-01 -9.791552611107558896e-03
6.668727027927451312e-02 -9.921340690553795971e-01 -9.752939483844078050e-03
8.395011049746085863e-02 -9.908472705056978747e-01 -9.711436350125862704e-03
1.011876681650922538e-01 -9.892618950249000287e-01 -9.667055508227143448e-03
1.183947522265121066e-01 -9.873784427895833105e-01 -9.619810109149190894e-03
1.355661817516225776e-01 -9.851975051486236978e-01 -9.569714152723380815e-03
1.526967875683960807e-01 -9.827197644085510220e-01 -9.516782483462783368e-03
1.697814138905248404e-01 -9.799459935886407624e-01 -9.461030786163348444e-03
1.868149199395403026e-01 -9.768770561458534063e-01 -9.402475581256205042e-03
2.037921815608645382e-01 -9.735139056697545978e-01 -9.341134219912294173e-03
2.207080928331825731e-01 -9.698575855475622953e-01 -9.277024878900835825e-03
2.375575676705547201e-01 -9.659092285994869131e-01 -9.210166555203163491e-03
2.543355414166924011e-01 -9.616700566845327591e-01 -9.140579060383497920e-03
2.710369724308006600e-01 -9.571413802769556112e-01 -9.068283014718401744e-03
2.876568436644681426e-01 -9.523245980135617295e-01 -8.993299841086467572e-03
3.041901642289703833e-01 -9.472211962120709039e-01 -8.915651758620314268e-03
3.206319709524784178e-01 -9.418327483607619177e-01 -8.835361776122556757e-03
3.369773299265968469e-01 -9.361609145796305764e-01 -8.752453685247810200e-03
3.532213380416908688e-01 -9.302074410533103244e-01 -8.666952053452685323e-03
3.693591245104399512e-01 -9.239741594360175725e-01 -8.578882216715995324e-03
3.853858523791330315e-01 -9.174629862287695392e-01 -8.488270272031051347e-03
4.012967200261106648e-01 -9.106759221291839124e-01 -8.395143069672627786e-03
4.170869626468817759e-01 -9.036150513541262308e-01 -8.299528205240635712e-03
4.327518537253821629e-01 -8.962825409355172912e-01 -8.201454011482939982e-03
4.482867064908718779e-01 -8.886806399896087783e-01 -8.100949549899769467e-03
4.636868753599748261e-01 -8.808116789600479724e-01 -7.998044602132131642e-03
4.789477573633524332e-01 -8.726780688350713744e-01 -7.892769661136963752e-03
4.940647935565771198e-01 -8.642823003391463255e-01 -7.785155922151280883e-03
5.090334704146666223e-01 -8.556269430994419833e-01 -7.675235273448439109e-03
5.238493212098634944e-01 -8.467146447874667192e-01 -7.563040286888931055e-03
5.385079273721846693e-01 -8.375481302362490776e-01 -7.448604208268639476e-03
5.530049198322964932e-01 -8.281302005334427729e-01 -7.331960947467394685e-03
5.673359803462797446e-01 -8.184637320907348634e-01 -7.213145068400712845e-03
5.814968428018418845e-01 -8.085516756899683299e-01 -7.092191778777868008e-03
5.954832945055980042e-01 -7.983970555063502061e-01 -6.969136919668937266e-03
6.092911774509562894e-01 -7.880029681091963445e-01 -6.844016954884415971e-03
6.229163895662497286e-01 -7.773725814406018397e-01 -6.716868960170179446e-03
6.363548859427116122e-01 -7.665091337724726506e-01 -6.587730612221138343e-03
6.496026800419186786e-01 -7.554159326423497411e-01 -6.456640177516799473e-03
6.626558448823178793e-01 -7.440963537684769369e-01 -6.323636500982180754e-03
6.755105142045212396e-01 -7.325538399445228332e-01 -6.188758994477069203e-03
6.881628836149661366e-01 -7.207918999144581340e-01 -6.052047625117536363e-03
7.006092117076437864e-01 -7.088141072280070842e-01 -5.913542903432794651e-03
7.128458211635582131e-01 -6.966240990771552788e-01 -5.773285871361058356e-03
7.248690998275977293e-01 -6.842255751141749220e-01 -5.631318090087924708e-03
7.366755017625226110e-01 -6.716222962516430472e-01 -5.487681627730868483e-03
7.482615482797575490e-01 -6.588180834449456347e-01 -5.342419046873676976e-03
7.596238289467472926e-01 -6.458168164577086090e-01 -5.195573391954050151e-03
7.707590025705517434e-01 -6.326224326106997253e-01 -5.047188176508729703e-03
7.816637981574618976e-01 -6.192389255146495408e-01 -4.897307370279469461e-03
7.923350158483702943e-01 -6.056703437875025076e-01 -4.745975386183844819e-03
8.027695278296642645e-01 -5.919207897565957888e-01 -4.593237067154757464e-03
8.129642792194149425e-01 -5.779944181462589592e-01 -4.439137672852463967e-03
8.229162889286397720e-01 -5.638954347513611687e-01 -4.283722866253300218e-03
8.326226504974617582e-01 -5.496280950972637358e-01 -4.127038700118552950e-03
8.420805329059347644e-01 -5.351967030867474939e-01 -3.969131603348172513e-03
8.512871813593865244e-01 -5.206056096343789630e-01 -3.810048367222842319e-03
8.602399180480935215e-01 -5.058592112888471437e-01 -3.649836131538727012e-03
8.689361428811389620e-01 -4.909619488437753643e-01 -3.488542370638887929e-03
8.773733341942913100e-01 -4.759183059375416969e-01 -3.326214879345751243e-03
8.855490494317986849e-01 -4.607328076425784014e-01 -3.162901758798267789e-03
8.934609258019364786e-01 -4.454100190447231045e-01 -2.998651402198642627e-03
9.011066809062211469e-01 -4.299545438130958352e-01 -2.833512480472348376e-03
9.084841133421807102e-01 -4.143710227610316599e-01 -2.667533927845881867e-03
9.155911032795871485e-01 -3.986641323985842811e-01 -2.500764927346497708e-03
9.224256130100761952e-01 -3.828385834771099172e-01 -2.333254896228178794e-03
9.289856874700730405e-01 -3.668991195264660332e-01 -2.165053471328377485e-03
9.352694547369871936e-01 -3.508505153852879976e-01 -1.996210494359340355e-03
9.412751264986015665e-01 -3.346975757249209260e-01 -1.826775997139074102e-03
9.470009984956351268e-01 -3.184451335674673977e-01 -1.656800186765800247e-03
9.524454509374453703e-01 -3.020980487984789575e-01 -1.486333430740511457e-03
9.576069488908571792e-01 -2.856612066747902801e-01 -1.315426242041956104e-03
9.624840426421011896e-01 -2.691395163280216329e-01 -1.144129264158695808e-03
9.670753680318834311e-01 -2.525379092641981127e-01 -9.724932560821332016e-04
9.713796467635739118e-01 -2.358613378600543931e-01 -8.005690772656703143e-04
9.753956866845593376e-01 -2.191147738564679370e-01 -6.284076725539177117e-04
9.791223820407759515e-01 -2.023032068495355662e-01 -4.560600570866391750e-04
9.825587137044772268e-01 -1.854316427797778055e-01 -2.835773011818636005e-04
9.857037493752736079e-01 -1.685051024199547276e-01 -1.110105152026129354e-04
9.885566437545155738e-01 -1.515286198619958669e-01 6.158916558805983430e-05
9.911166386930874150e-01 -1.345072410034698074e-01 2.341705961797657816e-04
9.933830633126802256e-01 -1.174460220341388417e-01 4.066826369700083754e-04
9.953553341006439181e-01 -1.003500279230149783e-01 5.790741689179865377e-04
9.970329549785040824e-01 -8.322433090640515840e-02 7.512941086922702520e-04
9.984155173442513798e-01 -6.607400897740241252e-02 9.232914238078936391e-04
9.995027000885128299e-01 -4.890414437727676894e-02 1.095015147748417197e-03
1.000294269584725670e+00 -3.171982208923796592e-02 1.266414395068264989e-03
1.000790079653443021e+00 -1.452612833496423270e-02 1.437438376471392989e-03
1.000990071500900802e+00 2.671850925590961868e-03 1.608036413861111801e-03
1.000894273631994125e+00 1.986903149073085753e-02 1.778157955357135243e-03
1.000502801737809255e+00 3.706033240943380075e-02 1.947752590275194469e-03
9.998158585578700297e-01 5.424067746923977307e-02 2.116770064064846767e-03
9.988337337172592534e-01 7.140499667916382076e-02 2.285160293200842567e-03
9.975568035387881727e-01 8.854822774727547086e-02 2.452873380024163993e-03
9.959855308303877663e-01 1.056653175524645272e-01 2.619859627527641385e-03
9.941204646479087081e-01 1.227512236100442161e-01 2.786069554082280884e-03
9.919622400335138535e-01 1.398009155307731455e-01 2.951453908099740519e-03
9.895115777298624238e-01 1.568093764729099615e-01 3.115963682626637747e-03
9.867692838702815106e-01 1.737716045869181214e-01 3.279550129866402354e-03
9.837362496451401705e-01 1.906826144524232935e-01 3.442164775624165316e-03
9.804134509446208456e-01 2.075374385071016015e-01 3.603759433670911030e-03
9.768019479781233638e-01 2.243311284670643224e-01 3.764286220021961088e-03
9.729028848705083554e-01 2.410587567384308849e-01 3.923697567126068625e-03
9.687174892354138978e-01 2.577154178197159085e-01 4.081946237960707921e-03
9.642470717258708746e-01 2.742962296946870326e-01 4.238985340029425425e-03
9.594930255624536386e-01 2.907963352153556391e-01 4.394768339257127017e-03
9.544568260392112258e-01 3.072109034747462775e-01 4.549249073779006343e-03
9.491400300076022756e-01 3.235351311691674892e-01 4.702381767619487341e-03
9.435442753387069947e-01 3.397642439495942024e-01 4.854121044256514556e-03
9.376712803639433158e-01 3.558934977618984363e-01 5.004421940067615114e-03
9.315228432945544812e-01 3.719181801755976347e-01 5.153239917653602842e-03
9.251008416201164097e-01 3.878336117008264194e-01 5.300530879035994514e-03
9.184072314863349629e-01 4.036351470932148522e-01 5.446251178724072911e-03
9.114440470523748061e-01 4.193181766464329496e-01 5.590357636648165401e-03
9.042133998280126317e-01 4.348781274720524004e-01 5.732807550954722303e-03
8.967174779908608784e-01 4.503104647664982196e-01 5.873558710659810590e-03
8.889585456839421695e-01 4.656106930647971320e-01 6.012569408157152767e-03
8.809389422938813663e-01 4.807743574808652220e-01 6.149798451576981261e-03
8.726610817099933470e-01 4.957970449340743935e-01 6.285205176992113979e-03
8.641274515645473997e-01 5.106743853618311846e-01 6.418749460467441589e-03
8.553406124544635780e-01 5.254020529179643795e-01 6.550391729949671046e-03
8.463031971447541046e-01 5.399757671566198791e-01 6.680092976993286941e-03
8.370179097539638402e-01 5.543912942014752598e-01 6.807814768319602958e-03
8.274875249219043605e-01 5.686444479000254404e-01 6.933519257205392368e-03
8.177148869599609737e-01 5.827310909627209101e-01 7.057169194697670601e-03
8.077029089842560072e-01 5.966471360867404705e-01 7.178727940651399853e-03
7.974545720319671238e-01 6.103885470641751132e-01 7.298159474586649736e-03
7.869729241610534665e-01 6.239513398744540584e-01 7.415428406362399409e-03
7.762610795337204772e-01 6.373315837607571588e-01 7.530499986663291394e-03
7.653222174838766323e-01 6.505254022902623445e-01 7.643340117296635282e-03
7.541595815688858506e-01 6.635289743980178345e-01 7.753915361296433856e-03
7.427764786058964619e-01 6.763385354142621431e-01 7.862192952831503420e-03
7.311762776930518237e-01 6.889503780749937079e-01 7.968140806914608340e-03
7.193624092158333871e-01 7.013608535156565793e-01 8.071727528910058874e-03
7.073383638388751615e-01 7.135663722477182391e-01 8.172922423836546588e-03
6.951076914835006004e-01 7.255634051180136490e-01 8.271695505462738421e-03
6.826740002912864425e-01 7.373484842506797809e-01 8.368017505192854727e-03
6.700409555739390566e-01 7.489182039715268635e-01 8.461859880739571946e-03
6.572122787497703955e-01 7.602692217146965747e-01 8.553194824581751912e-03
6.441917462670764261e-01 7.713982589114467547e-01 8.641995272204326325e-03
6.309831885146670594e-01 7.823021018609550570e-01 8.728234910118214812e-03
6.175904887198886417e-01 7.929776025829551322e-01 8.811888183657497556e-03
6.040175818343860303e-01 8.034216796521057580e-01 8.892930304551840623e-03
5.902684534079070122e-01 8.136313190139502494e-01 8.971337258271788739e-03
5.763471384504346151e-01 8.236035747823402531e-01 9.047085811144797013e-03
5.622577202829277532e-01 8.333355700182020209e-01 9.120153517239874830e-03
5.480043293769750745e-01 8.428244974895170438e-01 9.190518725018744645e-03
5.335911421836040391e-01 8.520676204124285613e-01 9.258160583751754921e-03
5.190223799515844005e-01 8.610622731733235113e-01 9.323059049696328510e-03
5.043023075354715612e-01 8.698058620318110945e-01 9.385194892036381742e-03
4.894352321936861205e-01 8.782958658044798250e-01 9.444549698580833805e-03
4.744255023769082813e-01 8.865298365293357019e-01 9.501105881219530647e-03
4.592775065070900387e-01 8.945054001108119213e-01 9.554846681134949310e-03
4.439956717473151349e-01 9.022202569452798526e-01 9.605756173768270623e-03
4.285844627628562220e-01 9.096721825269334927e-01 9.653819273538104609e-03
4.130483804736584386e-01 9.168590280339847798e-01 9.699021738310708088e-03
3.973919607985518243e-01 9.237787208950709594e-01 9.741350173620216477e-03
3.816197733914663548e-01 9.304292653357908449e-01 9.780792036637725798e-03
3.657364203699277616e-01 9.368087429052901483e-01 9.817335639888008850e-03
3.497465350361316783e-01 9.429153129828107271e-01 9.850970154712725829e-03
3.336547805908257058e-01 9.487472132641415756e-01 9.881685614479255100e-03
3.174658488403428458e-01 9.543027602278769672e-01 9.909472917533973177e-03
3.011844588970153391e-01 9.595803495814249073e-01 9.934323829899283087e-03
2.848153558732663404e-01 9.645784566866922871e-01 9.956230987713528963e-03
2.683633095696528192e-01 9.692956369653773496e-01 9.975187899413049189e-03
2.518331131571341364e-01 9.737305262838078512e-01 9.991188947655790450e-03
2.352295818538635563e-01 9.778818413172555291e-01 1.000422939098582174e-02
2.185575515967287108e-01 9.817483798936803563e-01 1.001430536523835110e-02
2.018218777079858750e-01 9.853290213168277578e-01 1.002141388468474892e-02
1.850274335572146545e-01 9.886227266686352655e-01 1.002555284291728986e-02
1.681791092188897607e-01 9.916285390908891051e-01 1.002672101347332201e-02
1.512818101258412151e-01 9.943455840460820871e-01 1.002491805019870182e-02
1.343404557189004644e-01 9.967730695574135158e-01 1.002014448735035444e-02
1.173599780929591163e-01 9.989102864278969207e-01 1.001240173943797503e-02
1.003453206397868780e-01 1.000756608438514439e+00 1.000169210080487613e-02
8.330143668783583644e-02 1.002311492525383985e+00 9.988018744948113162e-03
6.623328813933096471e-02 1.003574478935890024e+00 9.971385723578125512e-03
4.914584410492236349e-02 1.004545191363741541e+00 9.951797965418110112e-03
3.204407953617667559e-02 1.005223337062917555e+00 9.929261274743545612e-03
1.493297385620895312e-02 1.005608706940460451e+00 9.903782329662273037e-03
-2.182490411315921031e-03 1.005701175628087807e+00 9.875368680135590896e-03
-1.929732901445943213e-02 1.005500701532587193e+00 9.844028745741074254e-03
-3.640655734633309326e-02 1.005007326864959527e+00 9.809771813177653801e-03
-5.350519181916413985e-02 1.004221177648291663e+00 9.772608033513775425e-03
-7.058825123882170316e-02 1.003142463704322473e+00 9.732548419179408786e-03
-8.765075817952086568e-02 1.001771478618683764e+00 9.689604840702834704e-03
-1.046877403583961474e-01 1.000108599684792043e+00 9.643790023193170649e-03
-1.216942320097089414e-01 9.981542878263686136e-01 9.595117542569593649e-03
-1.386652752583286685e-01 9.959090874985769837e-01 9.543601821538573796e-03
-1.555959214922499334e-01 9.933736265677538535e-01 9.489258125320013462e-03
-1.724812327338319240e-01 9.905486161697290015e-01 9.432102557123978395e-03
-1.893162830094736737e-01 9.874348505467132053e-01 9.372152053378801292e-03
-2.060961597174096882e-01 9.840332068627611894e-01 9.309424378712597911e-03
-2.228159649933806885e-01 9.803446449977833987e-01 9.243938120689179291e-03
-2.394708170738135689e-01 9.763702073201262488e-01 9.175712684300044511e-03
-2.560558516562611575e-01 9.721110184377025343e-01 9.104768286214483600e-03
-2.725662232567823695e-01 9.675682849276862063e-01 9.031125948788696137e-03
-2.889971065639612702e-01 9.627432950447686322e-01 8.954807493836650784e-03
-3.053436977892648452e-01 9.576374184079917695e-01 8.875835536163575665e-03
-3.216012160134155695e-01 9.522521056661685801e-01 8.794233476864917604e-03
-3.377649045285171514e-01 9.465888881418960121e-01 8.710025496391991459e-03
-3.538300321755613598e-01 9.406493774541948572e-01 8.623236547386708278e-03
-3.697918946770524240e-01 9.344352651197839199e-01 8.533892347287781385e-03
-3.856458159644178818e-01 9.279483221330193654e-01 8.442019370709834616e-03
-4.013871494998931255e-01 9.211903985245275539e-01 8.347644841598686125e-03
-4.170112795925685067e-01 9.141634228985590083e-01 8.250796725164001241e-03
-4.325136227082605478e-01 9.068694019491100322e-01 8.151503719592874050e-03
-4.478896287729361991e-01 8.993104199548308531e-01 8.049795247545812188e-03
-4.631347824693050619e-01 8.914886382527885678e-01 7.945701447438053081e-03
-4.782446045263034629e-01 8.834062946911169778e-01 7.839253164509176267e-03
-4.932146530011289332e-01 8.750657030606066034e-01 7.730481941682673663e-03
-5.080405245535024594e-01 8.664692525052948291e-01 7.619420010219385246e-03
-5.227178557118138391e-01 8.576194069121225727e-01 7.506100280166563485e-03
-5.372423241308659225e-01 8.485187042796986656e-01 7.390556330605768838e-03
-5.516096498408278315e-01 8.391697560662751965e-01 7.272822399702996363e-03
-5.658155964871053323e-01 8.295752465169841106e-01 7.152933374562779438e-03
-5.798559725607843607e-01 8.197379319704238831e-01 7.030924780890783488e-03
-5.937266326193065824e-01 8.096606401446786450e-01 6.906832772466375489e-03
-6.074234784970513612e-01 7.993462694028595772e-01 6.780694120429826138e-03
-6.209424605054644219e-01 7.887977879982734919e-01 6.652546202386079750e-03
-6.342795786224385557e-01 7.780182332992894301e-01 6.522426991328809411e-03
-6.474308836705507941e-01 7.670107109940504930e-01 6.390375044388557288e-03
-6.603924784838562934e-01 7.557783942751101769e-01 6.256429491407010553e-03
-6.731605190628811020e-01 7.443245230041261040e-01 6.120630023342408035e-03
-6.857312157174731970e-01 7.326524028567261704e-01 5.983016880507819289e-03
-6.981008341971736142e-01 7.207654044476815569e-01 5.843630840647454257e-03
-7.102656968087452949e-01 7.086669624365297127e-01 5.702513206853181485e-03
-7.222221835205560048e-01 6.963605746137546681e-01 5.559705795325345368e-03
-7.339667330534197509e-01 6.838498009677225209e-01 5.415250922982135090e-03
-7.454958439575888329e-01 6.711382627324861128e-01 5.269191394919698831e-03
-7.568060756755370377e-01 6.582296414166365350e-01 5.121570491728543936e-03
-7.678940495901951380e-01 6.451276778133631096e-01 4.972431956668086142e-03
-7.787564500582780935e-01 6.318361709919089186e-01 4.821819982704995261e-03
-7.893900254283957585e-01 6.183589772705669896e-01 4.669779199417693934e-03
-7.997915890435567388e-01 6.047000091714532788e-01 4.516354659771452083e-03
-8.099580202277567587e-01 5.908632343572125523e-01 4.361591826768667149e-03
-8.198862652562934894e-01 5.768526745498754327e-01 4.205536559976686718e-03
-8.295733383094734403e-01 5.626724044320695617e-01 4.048235101939136674e-03
-8.390163224093657446e-01 5.483265505308000387e-01 3.889734064472748047e-03
-8.482123703392570047e-01 5.338192900840375010e-01 3.730080414855719857e-03
-8.571587055454968906e-01 5.191548498903019171e-01 3.569321461910106384e-03
-8.658526230213594577e-01 5.043375051415346366e-01 3.407504841982997214e-03
-8.742914901726138721e-01 4.893715782394631453e-01 3.244678504831298264e-03
-8.824727476644642632e-01 4.742614375957260320e-01 3.080890699412651684e-03
-8.903939102495253000e-01 4.590114964160150746e-01 2.916189959588771311e-03
-8.980525675765110849e-01 4.436262114684994540e-01 2.750625089743262332e-03
-9.054463849793018548e-01 4.281100818368241412e-01 2.584245150320311091e-03
-9.125731042460870635e-01 4.124676476579191009e-01 2.417099443286810281e-03
-9.194305443682392331e-01 3.967034888449704200e-01 2.249237497522916379e-03
-9.260166022686195930e-01 3.808222237958053258e-01 2.080709054146054858e-03
-9.323292535089962030e-01 3.648285080870142250e-01 1.911564051771001043e-03
-9.383665529762694746e-01 3.487270331541150181e-01 1.741852611712476576e-03
-9.441266355471881200e-01 3.325225249581026388e-01 1.571625023132913008e-03
-9.496077167312753087e-01 3.162197426386587074e-01 1.400931728140479343e-03
-9.548080932916427344e-01 2.998234771544253108e-01 1.229823306842485128e-03
-9.597261438434145919e-01 2.833385499106362282e-01 1.058350462356842268e-03
-9.643603294294712525e-01 2.667698113744743638e-01 8.865640057882000560e-04
-9.687091940732268647e-01 2.501221396785124340e-01 7.145148411709536075e-04
-9.727713653081618839e-01 2.334004392125967053e-01 5.422539503857749885e-04
-9.765455546838363032e-01 2.166096392045699925e-01 3.698323780523692550e-04
-9.800305582481263489e-01 1.997546922901598798e-01 1.973012164036391629e-04
-9.832252570054040852e-01 1.828405730724907141e-01 2.471159014645090053e-05
-9.861286173504216768e-01 1.658722766715610697e-01 -1.478853586882887853e-04
-9.887396914776385159e-01 1.488548172641102618e-01 -3.204384858995505052e-04
-9.910576177657556274e-01 1.317932266142784470e-01 -4.928966602718824622e-04
-9.930816211372163194e-01 1.146925525954736597e-01 -6.652087787261945625e-04
-9.948110133924412679e-01 9.755785770388886169e-02 -8.373237814629179822e-04
-9.962451935185833163e-01 8.039421756404584174e-02 -1.009190667092337620e-03
-9.973836479725762816e-01 6.320671942687276779e-02 -1.180758507746908388e-03
-9.982259509382749307e-01 4.600046066070483108e-02 -1.351976464172849205e-03
-9.987717645574855085e-01 2.878054723567823048e-02 -1.522793800794342879e-03
-9.990208391346940831e-01 1.155209220196555704e-02 -1.693159900748149749e-03
-9.989730133153024161e-01 -5.679785837664708126e-03 -1.863024280881981319e-03
-9.986282142372070458e-01 -2.290996426055070395e-02 -2.032336606713960794e-03
-9.979864576555397271e-01 -4.013331796155759912e-02 -2.201046707348024243e-03
-9.970478480404200150e-01 -5.734472089479050044e-02 -2.369104590340152545e-03
-9.958125786475657826e-01 -7.453904761909434240e-02 -2.536460456512768490e-03
-9.942809315616203403e-01 -9.171117484685505084e-02 -2.703064714710750032e-03
-9.924532777120644855e-01 -1.088559829956107922e-01 -2.868867996496916872e-03
-9.903300768615930227e-01 -1.259683577419528078e-01 -3.033821170780479515e-03
-9.879118775668365160e-01 -1.430431915772646667e-01 -3.197875358375849159e-03
-9.851993171113329062e-01 -1.600753853647204628e-01 -3.360981946486795921e-03
-9.821931214106504049e-01 -1.770598498970822610e-01 -3.523092603111001048e-03
-9.788941048895798414e-01 -1.939915074547579055e-01 -3.684159291362405341e-03
-9.753031703313234102e-01 -2.108652933636027127e-01 -3.844134283705043752e-03
-9.714213086986170920e-01 -2.276761575519427871e-01 -4.002970176096272772e-03
-9.672495989267382299e-01 -2.444190661062722036e-01 -4.160619902033152115e-03
-9.627892076883455275e-01 -2.610890028251436901e-01 -4.317036746499462729e-03
-9.580413891301378104e-01 -2.776809707706506258e-01 -4.472174359808566389e-03
-9.530074845812988027e-01 -2.941899938170138284e-01 -4.625986771337368443e-03
-9.476889222337236962e-01 -3.106111181957151857e-01 -4.778428403148913921e-03
-9.420872167940302910e-01 -3.269394140366405632e-01 -4.929454083497675568e-03
-9.362039691073736902e-01 -3.431699769046714921e-01 -5.079019060215102591e-03
-9.300408657530736534e-01 -3.592979293312283384e-01 -5.227079013970840904e-03
-9.235996786121132285e-01 -3.753184223401524466e-01 -5.373590071405073831e-03
-9.168822644065433014e-01 -3.912266369674300970e-01 -5.518508818129637915e-03
-9.098905642108539027e-01 -4.070177857741892335e-01 -5.661792311592156283e-03
-9.026266029353899878e-01 -4.226871143524221774e-01 -5.803398093801322155e-03
-8.950924887818879627e-01 -4.382299028228909266e-01 -5.943284203907706759e-03
-8.872904126712419792e-01 -4.536414673246432772e-01 -6.081409190637838275e-03
-8.792226476435804905e-01 -4.689171614956401668e-01 -6.217732124577280035e-03
-8.708915482308068334e-01 -4.840523779438820617e-01 -6.352212610298503884e-03
-8.622995498017095306e-01 -4.990425497085339002e-01 -6.484810798331377274e-03
-8.534491678797950787e-01 -5.138831517104823776e-01 -6.615487396970968874e-03
-8.443429974339994315e-01 -5.285697021917852290e-01 -6.744203683920982177e-03
-8.349837121424397157e-01 -5.430977641434702186e-01 -6.870921517767611224e-03
-8.253740636294009114e-01 -5.574629467211269507e-01 -6.995603349281844310e-03
-8.155168806757169264e-01 -5.716609066477944534e-01 -7.118212232546250115e-03
-8.054150684027907570e-01 -5.856873496035507332e-01 -7.238711835902500967e-03
-7.950716074304388092e-01 -5.995380316013154687e-01 -7.357066452717626187e-03
-7.844895530087969693e-01 -6.132087603483159510e-01 -7.473241011964265774e-03
-7.736720341245274524e-01 -6.266953965926984615e-01 -7.587201088613356251e-03
-7.626222525815875564e-01 -6.399938554547432989e-01 -7.698912913834680266e-03
-7.513434820567899131e-01 -6.531001077422072809e-01 -7.808343385003440294e-03
-7.398390671304766464e-01 -6.660101812492247308e-01 -7.915460075509417326e-03
-7.281124222925565714e-01 -6.787201620382984357e-01 -8.020231244365357004e-03
-7.161670309242192944e-01 -6.912261957048605465e-01 -8.122625845612867559e-03
-7.040064442556329682e-01 -7.035244886239060413e-01 -8.222613537521659272e-03
-6.916342802999417838e-01 -7.156113091782092539e-01 -8.320164691580788849e-03
-6.790542227639152495e-01 -7.274829889676205363e-01 -8.415250401277942285e-03
-6.662700199355495734e-01 -7.391359239990000773e-01 -8.507842490665180196e-03
-6.532854835490282674e-01 -7.505665758562630741e-01 -8.597913522708193132e-03
-6.401044876273698225e-01 -7.617714728501064902e-01 -8.685436807416218458e-03
-6.267309673031532524e-01 -7.727472111469442240e-01 -8.770386409751165097e-03
-6.131689176177033129e-01 -7.834904558765954929e-01 -8.852737157312426386e-03
-5.994223922991337439e-01 -7.939979422182853463e-01 -8.932464647796295107e-03
-5.854955025196689755e-01 -8.042664764645083286e-01 -9.009545256226644816e-03
-5.713924156326207759e-01 -8.142929370623547269e-01 -9.083956141955630212e-03
-5.571173538895051180e-01 -8.240742756318367723e-01 -9.155675255431955373e-03
-5.426745931376906196e-01 -8.336075179608355423e-01 -9.224681344734413091e-03
-5.280684614990450720e-01 -8.428897649762503441e-01 -9.290953961869524366e-03
-5.133033380300300319e-01 -8.519181936909628883e-01 -9.354473468830523317e-03
-4.983836513637235899e-01 -8.606900581262162397e-01 -9.415221043416610244e-03
-4.833138783342033062e-01 -8.692026902090670415e-01 -9.473178684810446698e-03
-4.680985425838317671e-01 -8.774535006445028928e-01 -9.528329218912010359e-03
-4.527422131538885175e-01 -8.854399797619012524e-01 -9.580656303427843509e-03
-4.372495030590685672e-01 -8.931596983354739283e-01 -9.630144432713455549e-03
-4.216250678463491219e-01 -9.006103083783623120e-01 -9.676778942368135378e-03
-4.058736041387387417e-01 -9.077895439100647224e-01 -9.720546013580196043e-03
-3.899998481644487702e-01 -9.146952216968723404e-01 -9.761432677221850221e-03
-3.740085742719687079e-01 -9.213252419650364011e-01 -9.799426817692290584e-03
-3.579045934316480992e-01 -9.276775890863455665e-01 -9.834517176507679218e-03
-3.416927517242773216e-01 -9.337503322358583491e-01 -9.866693355637419852e-03
-3.253779288172381490e-01 -9.395416260215165849e-01 -9.895945820585191552e-03
-3.089650364287754858e-01 -9.450497110853821603e-01 -9.922265903214332744e-03
-2.924590167809488217e-01 -9.502729146762621815e-01 -9.945645804316312691e-03
-2.758648410418509389e-01 -9.552096511934798917e-01 -9.966078595921848068e-03
-2.591875077576142328e-01 -9.598584227015910519e-01 -9.983558223353830238e-03
-2.424320412748506570e-01 -9.642178194158209648e-01 -9.998079507021390144e-03
-2.256034901540556192e-01 -9.682865201580398429e-01 -1.000963814395480073e-02
-2.087069255745824803e-01 -9.720632927830978876e-01 -1.001823070908046745e-02
-1.917474397317699419e-01 -9.755469945753446614e-01 -1.002385465623591154e-02
-1.747301442268383853e-01 -9.787365726151797674e-01 -1.002650831892420991e-02
-1.576601684500987255e-01 -9.816310641155057137e-01 -1.002619091080783793e-02
-1.405426579581437463e-01 -9.842295967279303115e-01 -1.002290252594167236e-02
-1.233827728455730438e-01 -9.865313888186272306e-01 -1.001664413874511946e-02
-1.061856861118772172e-01 -9.885357497137354787e-01 -1.000741760371336858e-02
-8.895658202408480986e-02 -9.902420799142190866e-01 -9.995225654867880352e-03
-7.170065447577828044e-02 -9.916498712801047333e-01 -9.980071904946211797e-03
-5.442310534311008835e-02 -9.927587071840378030e-01 -9.961960844331516768e-03
-3.712914283837724649e-02 -9.935682626341100221e-01 -9.940897839721929766e-03
-1.982397986183788777e-02 -9.940783043659161544e-01 -9.916889132540277277e-03
-2.512832352329117704e-03 -9.942886909038256560e-01 -9.889941837084666523e-03
1.479908236267974721e-02 -9.941993725914541891e-01 -9.860063938420289900e-03
3.210654721698940478e-02 -9.938103915913435449e-01 -9.827264290013366238e-03
4.940434705491988238e-02 -9.931218818538651849e-01 -9.791552611107564100e-03
6.668727027927426332e-02 -9.921340690553795971e-01 -9.752939483844074581e-03
8.395011049746063658e-02 -9.908472705056978747e-01 -9.711436350125867908e-03
1.011876681650920040e-01 -9.892618950249000287e-01 -9.667055508227138244e-03
1.183947522265118568e-01 -9.873784427895833105e-01 -9.619810109149196098e-03
1.355661817516188028e-01 -9.851975051486240309e-01 -9.569714152723387754e-03
1.526967875683958309e-01 -9.827197644085510220e-01 -9.516782483462778164e-03
1.697814138905245906e-01 -9.799459935886407624e-01 -9.461030786163353648e-03
1.868149199395400806e-01 -9.768770561458534063e-01 -9.402475581256199838e-03
2.037921815608643161e-01 -9.735139056697547089e-01 -9.341134219912301112e-03
2.207080928331823233e-01 -9.698575855475624063e-01 -9.277024878900828886e-03
2.375575676705544426e-01 -9.659092285994869131e-01 -9.210166555203172165e-03
2.543355414166887929e-01 -9.616700566845336473e-01 -9.140579060383506593e-03
2.710369724308004935e-01 -9.571413802769556112e-01 -9.068283014718394805e-03
2.876568436644679205e-01 -9.523245980135617295e-01 -8.993299841086477980e-03
3.041901642289701058e-01 -9.472211962120709039e-01 -8.915651758620305595e-03
3.206319709524781958e-01 -9.418327483607619177e-01 -8.835361776122565430e-03
3.369773299265966249e-01 -9.361609145796307985e-01 -8.752453685247803261e-03
3.532213380416872606e-01 -9.302074410533117677e-01 -8.666952053452713078e-03
3.693591245104364540e-01 -9.239741594360190158e-01 -8.578882216716005732e-03
3.853858523791328650e-01 -9.174629862287695392e-01 -8.488270272031044408e-03
4.012967200261104983e-01 -9.106759221291840234e-01 -8.395143069672638195e-03
4.170869626468814984e-01 -9.036150513541263418e-01 -8.299528205240627038e-03
4.327518537253819408e-01 -8.962825409355175132e-01 -8.201454011482953860e-03
4.482867064908716559e-01 -8.886806399896088893e-01 -8.100949549899760793e-03
4.636868753599714399e-01 -8.808116789600496377e-01 -7.998044602132166336e-03
4.789477573633522667e-01 -8.726780688350713744e-01 -7.892769661136977630e-03
4.940647935565770088e-01 -8.642823003391463255e-01 -7.785155922151271342e-03
5.090334704146664002e-01 -8.556269430994420944e-01 -7.675235273448452120e-03
5.238493212098632723e-01 -8.467146447874668302e-01 -7.563040286888921514e-03
5.385079273721845583e-01 -8.375481302362492997e-01 -7.448604208268654221e-03
5.530049198322962711e-01 -8.281302005334428840e-01 -7.331960947467385144e-03
5.673359803462765250e-01 -8.184637320907371949e-01 -7.213145068400752744e-03
5.814968428018415514e-01 -8.085516756899684410e-01 -7.092191778777882753e-03
5.954832945055978932e-01 -7.983970555063503172e-01 -6.969136919668926858e-03
6.092911774509561784e-01 -7.880029681091965665e-01 -6.844016954884430716e-03
6.229163895662493955e-01 -7.773725814406019508e-01 -6.716868960170167303e-03
6.363548859427115012e-01 -7.665091337724728726e-01 -6.587730612221153956e-03
6.496026800419159031e-01 -7.554159326423522947e-01 -6.456640177516814218e-03
6.626558448823151037e-01 -7.440963537684793794e-01 -6.323636500982224989e-03
6.755105142045211286e-01 -7.325538399445229443e-01 -6.188758994477085683e-03
6.881628836149659145e-01 -7.207918999144582450e-01 -6.052047625117523352e-03
7.006092117076436754e-01 -7.088141072280074173e-01 -5.913542903432811131e-03
7.128458211635579911e-01 -6.966240990771555008e-01 -5.773285871361046213e-03
7.248690998275976183e-01 -6.842255751141750331e-01 -5.631318090087941187e-03
7.366755017625199464e-01 -6.716222962516458228e-01 -5.487681627730885831e-03
7.482615482797574380e-01 -6.588180834449457457e-01 -5.342419046873663098e-03
7.596238289467471816e-01 -6.458168164577088310e-01 -5.195573391954066630e-03
7.707590025705516323e-01 -6.326224326106999474e-01 -5.047188176508718427e-03
7.816637981574617866e-01 -6.192389255146496518e-01 -4.897307370279486809e-03
7.923350158483701833e-01 -6.056703437875027296e-01 -4.745975386183831808e-03
8.027695278296640424e-01 -5.919207897565960108e-01 -4.593237067154774811e-03
8.129642792194128331e-01 -5.779944181462620678e-01 -4.439137672852482182e-03
8.229162889286396609e-01 -5.638954347513613907e-01 -4.283722866253286340e-03
8.326226504974615361e-01 -5.496280950972640689e-01 -4.127038700118572032e-03
8.420805329059346533e-01 -5.351967030867477160e-01 -3.969131603348156900e-03
8.512871813593864134e-01 -5.206056096343791850e-01 -3.810048367222860534e-03
8.602399180480934104e-01 -5.058592112888473658e-01 -3.649836131538712267e-03
8.689361428811369636e-01 -4.909619488437785284e-01 -3.488542370638939970e-03
8.773733341942895336e-01 -4.759183059375449720e-01 -3.326214879345769891e-03
8.855490494317985739e-01 -4.607328076425785679e-01 -3.162901758798253044e-03
8.934609258019363676e-01 -4.454100190447233820e-01 -2.998651402198662143e-03
9.011066809062210359e-01 -4.299545438130960573e-01 -2.833512480472333197e-03
9.084841133421805992e-01 -4.143710227610318819e-01 -2.667533927845900949e-03
9.155911032795870375e-01 -3.986641323985845586e-01 -2.500764927346482962e-03
9.224256130100747519e-01 -3.828385834771134144e-01 -2.333254896228233437e-03
9.289856874700728184e-01 -3.668991195264661997e-01 -2.165053471328397001e-03
9.352694547369870826e-01 -3.508505153852882197e-01 -1.996210494359325176e-03
9.412751264986015665e-01 -3.346975757249211481e-01 -1.826775997139094051e-03
9.470009984956351268e-01 -3.184451335674676198e-01 -1.656800186765785068e-03
9.524454509374453703e-01 -3.020980487984791796e-01 -1.486333430740531406e-03
9.576069488908561800e-01 -2.856612066747939438e-01 -1.315426242041976270e-03
9.624840426421000794e-01 -2.691395163280252967e-01 -1.144129264158751319e-03
9.670753680318832091e-01 -2.525379092641983902e-01 -9.724932560821534762e-04
9.713796467635739118e-01 -2.358613378600545873e-01 -8.005690772656549187e-04
9.753956866845593376e-01 -2.191147738564681591e-01 -6.284076725539378778e-04
9.791223820407759515e-01 -2.023032068495357882e-01 -4.560600570866237252e-04
9.825587137044770047e-01 -1.854316427797780276e-01 -2.835773011818838751e-04
9.857037493752729418e-01 -1.685051024199584746e-01 -1.110105152026331964e-04
9.885566437545152407e-01 -1.515286198619996416e-01 6.158916558800394368e-05
9.911166386930874150e-01 -1.345072410034700572e-01 2.341705961797455071e-04
9.933830633126800036e-01 -1.174460220341390776e-01 4.066826369700236627e-04
9.953553341006439181e-01 -1.003500279230152281e-01 5.790741689179662631e-04
9.970329549785040824e-01 -8.322433090640539433e-02 7.512941086922855392e-04
9.984155173442513798e-01 -6.607400897740267620e-02 9.232914238078732561e-04
9.995027000885123858e-01 -4.890414437728056452e-02 1.095015147748396814e-03
1.000294269584725670e+00 -3.171982208923820185e-02 1.266414395068280385e-03
1.000790079653443021e+00 -1.452612833496448250e-02 1.437438376471373040e-03
1.000990071500900802e+00 2.671850925590716404e-03 1.608036413861126980e-03
1.000894273631994125e+00 1.986903149073061467e-02 1.778157955357115511e-03
1.000502801737809255e+00 3.706033240943355789e-02 1.947752590275210081e-03
9.998158585578702517e-01 5.424067746923598443e-02 2.116770064064792123e-03
9.988337337172594754e-01 7.140499667916004600e-02 2.285160293200823051e-03
9.975568035387881727e-01 8.854822774727522106e-02 2.452873380024178738e-03
9.959855308303877663e-01 1.056653175524643051e-01 2.619859627527621870e-03
9.941204646479087081e-01 1.227512236100439524e-01 2.786069554082296063e-03
9.919622400335138535e-01 1.398009155307729234e-01 2.951453908099721003e-03
9.895115777298624238e-01 1.568093764729096840e-01 3.115963682626652059e-03
9.867692838702822877e-01 1.737716045869144021e-01 3.279550129866349445e-03
9.837362496451409477e-01 1.906826144524195465e-01 3.442164775624146668e-03
9.804134509446208456e-01 2.075374385071013517e-01 3.603759433670925341e-03
9.768019479781233638e-01 2.243311284670640726e-01 3.764286220021942006e-03
9.729028848705085775e-01 2.410587567384306351e-01 3.923697567126082503e-03
9.687174892354141198e-01 2.577154178197156309e-01 4.081946237960689707e-03
9.642470717258708746e-01 2.742962296946868106e-01 4.238985340029438435e-03
9.594930255624546378e-01 2.907963352153519754e-01 4.394768339257076710e-03
9.544568260392112258e-01 3.072109034747460554e-01 4.549249073778988128e-03
9.491400300076024976e-01 3.235351311691672671e-01 4.702381767619501218e-03
9.435442753387069947e-01 3.397642439495939803e-01 4.854121044256496341e-03
9.376712803639433158e-01 3.558934977618982698e-01 5.004421940067628992e-03
9.315228432945544812e-01 3.719181801755974681e-01 5.153239917653585495e-03
9.251008416201180751e-01 3.878336117008229778e-01 5.300530879035978034e-03
9.184072314863365172e-01 4.036351470932114105e-01 5.446251178724024339e-03
9.114440470523748061e-01 4.193181766464326721e-01 5.590357636648148922e-03
9.042133998280127427e-01 4.348781274720521783e-01 5.732807550954736181e-03
8.967174779908609894e-01 4.503104647664979976e-01 5.873558710659794110e-03
8.889585456839422806e-01 4.656106930647970210e-01 6.012569408157164910e-03
8.809389422938814773e-01 4.807743574808650000e-01 6.149798451576965648e-03
8.726610817099952344e-01 4.957970449340710073e-01 6.285205176992099234e-03
8.641274515645491761e-01 5.106743853618279649e-01 6.418749460467397354e-03
8.553406124544635780e-01 5.254020529179641574e-01 6.550391729949656301e-03
8.463031971447542157e-01 5.399757671566197681e-01 6.680092976993297349e-03
8.370179097539639512e-01 5.543912942014750378e-01 6.807814768319589080e-03
8.274875249219045825e-01 5.686444479000252183e-01 6.933519257205403644e-03
8.177148869599611958e-01 5.827310909627206881e-01 7.057169194697656724e-03
8.077029089842582277e-01 5.966471360867373619e-01 7.178727940651385975e-03
7.974545720319672348e-01 6.103885470641748912e-01 7.298159474586661012e-03
7.869729241610535775e-01 6.239513398744539474e-01 7.415428406362385531e-03
7.762610795337206993e-01 6.373315837607569367e-01 7.530499986663302669e-03
7.653222174838767433e-01 6.505254022902621225e-01 7.643340117296623139e-03
7.541595815688859616e-01 6.635289743980176125e-01 7.753915361296443397e-03
7.427764786058990154e-01 6.763385354142593675e-01 7.862192952831470460e-03
7.311762776930542662e-01 6.889503780749909323e-01 7.968140806914592728e-03
7.193624092158334982e-01 7.013608535156564683e-01 8.071727528910067548e-03
7.073383638388752725e-01 7.135663722477180171e-01 8.172922423836534445e-03
6.951076914835008225e-01 7.255634051180134270e-01 8.271695505462747094e-03
6.826740002912866645e-01 7.373484842506796699e-01 8.368017505192842584e-03
6.700409555739391676e-01 7.489182039715266415e-01 8.461859880739578885e-03
6.572122787497732821e-01 7.602692217146940212e-01 8.553194824581722422e-03
6.441917462670793126e-01 7.713982589114443122e-01 8.641995272204315917e-03
6.309831885146672814e-01 7.823021018609549460e-01 8.728234910118223486e-03
6.175904887198888638e-01 7.929776025829550212e-01 8.811888183657487147e-03
6.040175818343862524e-01 8.034216796521056470e-01 8.892930304551845827e-03
5.902684534079072343e-01 8.136313190139500273e-01 8.971337258271778331e-03
5.763471384504348372e-01 8.236035747823401421e-01 9.047085811144803952e-03
5.622577202829306398e-01 8.333355700181999115e-01 9.120153517239850544e-03
5.480043293769754076e-01 8.428244974895169328e-01 9.190518725018737706e-03
5.335911421836042612e-01 8.520676204124283393e-01 9.258160583751760125e-03
5.190223799515847336e-01 8.610622731733234003e-01 9.323059049696319836e-03
5.043023075354717832e-01 8.698058620318109835e-01 9.385194892036388681e-03
4.894352321936863426e-01 8.782958658044798250e-01 9.444549698580825131e-03
4.744255023769116675e-01 8.865298365293339256e-01 9.501105881219523708e-03
4.592775065070934248e-01 8.945054001108102559e-01 9.554846681134933697e-03
4.439956717473154124e-01 9.022202569452797416e-01 9.605756173768263684e-03
4.285844627628563885e-01 9.096721825269333817e-01 9.653819273538108078e-03
4.130483804736586606e-01 9.168590280339846688e-01 9.699021738310701149e-03
3.973919607985519908e-01 9.237787208950709594e-01 9.741350173620219946e-03
3.816197733914665213e-01 9.304292653357906229e-01 9.780792036637722328e-03
3.657364203699312033e-01 9.368087429052887050e-01 9.817335639888003646e-03
3.497465350361352310e-01 9.429153129828092839e-01 9.850970154712715421e-03
3.336547805908259279e-01 9.487472132641413536e-01 9.881685614479253366e-03
3.174658488403430678e-01 9.543027602278767452e-01 9.909472917533976646e-03
3.011844588970155057e-01 9.595803495814249073e-01 9.934323829899281352e-03
2.848153558732666180e-01 9.645784566866920651e-01 9.956230987713528963e-03
2.683633095696530968e-01 9.692956369653773496e-01 9.975187899413047454e-03
2.518331131571378556e-01 9.737305262838067410e-01 9.991188947655790450e-03
2.352295818538638339e-01 9.778818413172555291e-01 1.000422939098582348e-02
2.185575515967289606e-01 9.817483798936803563e-01 1.001430536523834937e-02
2.018218777079860971e-01 9.853290213168277578e-01 1.002141388468474892e-02
1.850274335572148765e-01 9.886227266686352655e-01 1.002555284291728813e-02
1.681791092188900105e-01 9.916285390908891051e-01 1.002672101347332201e-02
1.512818101258449621e-01 9.943455840460817541e-01 1.002491805019870182e-02
1.343404557189042114e-01 9.967730695574129607e-01 1.002014448735035444e-02
1.173599780929593800e-01 9.989102864278969207e-01 1.001240173943797503e-02
1.003453206397871139e-01 1.000756608438514439e+00 1.000169210080487786e-02
8.330143668783607236e-02 1.002311492525383985e+00 9.988018744948113162e-03
6.623328813933118675e-02 1.003574478935890024e+00 9.971385723578127247e-03
4.914584410492260635e-02 1.004545191363741541e+00 9.951797965418108377e-03
3.204407953618045729e-02 1.005223337062917555e+00 9.929261274743554286e-03
1.493297385621272962e-02 1.005608706940460451e+00 9.903782329662274772e-03
-2.182490411315677302e-03 1.005701175628087807e+00 9.875368680135589161e-03
-1.929732901445918580e-02 1.005500701532587193e+00 9.844028745741077724e-03
-3.640655734633284346e-02 1.005007326864959527e+00 9.809771813177652067e-03
-5.350519181916389699e-02 1.004221177648291663e+00 9.772608033513780629e-03
-7.058825123882146724e-02 1.003142463704322473e+00 9.732548419179407051e-03
-8.765075817951710480e-02 1.001771478618684208e+00 9.689604840702850316e-03
-1.046877403583959115e-01 1.000108599684792043e+00 9.643790023193175853e-03
-1.216942320097086916e-01 9.981542878263686136e-01 9.595117542569593649e-03
-1.386652752583284187e-01 9.959090874985769837e-01 9.543601821538575530e-03
-1.555959214922497114e-01 9.933736265677540755e-01 9.489258125320013462e-03
-1.724812327338316742e-01 9.905486161697290015e-01 9.432102557123980130e-03
-1.893162830094699822e-01 9.874348505467140935e-01 9.372152053378801292e-03
-2.060961597174059690e-01 9.840332068627619666e-01 9.309424378712627401e-03
-2.228159649933804665e-01 9.803446449977833987e-01 9.243938120689179291e-03
-2.394708170738132913e-01 9.763702073201262488e-01 9.175712684300046246e-03
-2.560558516562609910e-01 9.721110184377027563e-01 9.104768286214485334e-03
-2.725662232567822030e-01 9.675682849276862063e-01 9.031125948788696137e-03
-2.889971065639609926e-01 9.627432950447688542e-01 8.954807493836652518e-03
-3.053436977892612370e-01 9.576374184079929908e-01 8.875835536163579134e-03
-3.216012160134154030e-01 9.522521056661685801e-01 8.794233476864917604e-03
-3.377649045285169294e-01 9.465888881418962342e-01 8.710025496391993194e-03
-3.538300321755611932e-01 9.406493774541950792e-01 8.623236547386708278e-03
-3.697918946770522020e-01 9.344352651197841420e-01 8.533892347287783120e-03
-3.856458159644176598e-01 9.279483221330195875e-01 8.442019370709836351e-03
-4.013871494998929035e-01 9.211903985245277759e-01 8.347644841598686125e-03
-4.170112795925651206e-01 9.141634228985605626e-01 8.250796725164002976e-03
-4.325136227082603257e-01 9.068694019491101432e-01 8.151503719592875785e-03
-4.478896287729360881e-01 8.993104199548309641e-01 8.049795247545813923e-03
-4.631347824693048398e-01 8.914886382527889008e-01 7.945701447438054815e-03
-4.782446045263032408e-01 8.834062946911170888e-01 7.839253164509179736e-03
-4.932146530011287111e-01 8.750657030606067144e-01 7.730481941682675398e-03
-5.080405245534992398e-01 8.664692525052967165e-01 7.619420010219432951e-03
-5.227178557118105084e-01 8.576194069121245711e-01 7.506100280166564352e-03
-5.372423241308657005e-01 8.485187042796988877e-01 7.390556330605770573e-03
-5.516096498408276094e-01 8.391697560662753075e-01 7.272822399702998097e-03
-5.658155964871051102e-01 8.295752465169842216e-01 7.152933374562780305e-03
-5.798559725607841386e-01 8.197379319704239942e-01 7.030924780890786090e-03
-5.937266326193063604e-01 8.096606401446788670e-01 6.906832772466378091e-03
-6.074234784970484746e-01 7.993462694028617976e-01 6.780694120429880782e-03
-6.209424605054643109e-01 7.887977879982736029e-01 6.652546202386082352e-03
-6.342795786224383336e-01 7.780182332992896521e-01 6.522426991328811145e-03
-6.474308836705506831e-01 7.670107109940504930e-01 6.390375044388559890e-03
-6.603924784838561823e-01 7.557783942751105100e-01 6.256429491407012287e-03
-6.731605190628808799e-01 7.443245230041263261e-01 6.120630023342409770e-03
-6.857312157174729750e-01 7.326524028567262814e-01 5.983016880507821024e-03
-6.981008341971709497e-01 7.207654044476842214e-01 5.843630840647514972e-03
-7.102656968087450728e-01 7.086669624365298237e-01 5.702513206853183220e-03
-7.222221835205558937e-01 6.963605746137548902e-01 5.559705795325347102e-03
-7.339667330534195289e-01 6.838498009677227429e-01 5.415250922982137692e-03
-7.454958439575887219e-01 6.711382627324863348e-01 5.269191394919701434e-03
-7.568060756755369267e-01 6.582296414166368681e-01 5.121570491728545671e-03
-7.678940495901926955e-01 6.451276778133659962e-01 4.972431956668087877e-03
-7.787564500582757621e-01 6.318361709919116942e-01 4.821819982705059446e-03
-7.893900254283956475e-01 6.183589772705672116e-01 4.669779199417695668e-03
-7.997915890435566277e-01 6.047000091714533898e-01 4.516354659771454685e-03
-8.099580202277564256e-01 5.908632343572127743e-01 4.361591826768669751e-03
-8.198862652562932674e-01 5.768526745498757657e-01 4.205536559976689320e-03
-8.295733383094733293e-01 5.626724044320697837e-01 4.048235101939139276e-03
-8.390163224093638572e-01 5.483265505308031473e-01 3.889734064472750216e-03
-8.482123703392568936e-01 5.338192900840377231e-01 3.730080414855721591e-03
-8.571587055454967796e-01 5.191548498903022502e-01 3.569321461910108552e-03
-8.658526230213592356e-01 5.043375051415349697e-01 3.407504841982999383e-03
-8.742914901726137611e-01 4.893715782394633673e-01 3.244678504831299999e-03
-8.824727476644641522e-01 4.742614375957262540e-01 3.080890699412654286e-03
-8.903939102495251889e-01 4.590114964160152966e-01 2.916189959588773046e-03
-8.980525675765095306e-01 4.436262114685028957e-01 2.750625089743264501e-03
-9.054463849793017438e-01 4.281100818368243632e-01 2.584245150320313694e-03
-9.125731042460869524e-01 4.124676476579192674e-01 2.417099443286812883e-03
-9.194305443682392331e-01 3.967034888449706420e-01 2.249237497522918548e-03
-9.260166022686195930e-01 3.808222237958056033e-01 2.080709054146057026e-03
-9.323292535089962030e-01 3.648285080870144470e-01 1.911564051771003862e-03
-9.383665529762682533e-01 3.487270331541186263e-01 1.741852611712548784e-03
-9.441266355471868987e-01 3.325225249581061915e-01 1.571625023132915393e-03
-9.496077167312753087e-01 3.162197426386588739e-01 1.400931728140481728e-03
-9.548080932916427344e-01 2.998234771544255328e-01 1.229823306842487730e-03
-9.597261438434143699e-01 2.833385499106365057e-01 1.058350462356844653e-03
-9.643603294294712525e-01 2.667698113744746968e-01 8.865640057882025497e-04
-9.687091940732268647e-01 2.501221396785126561e-01 7.145148411709559928e-04
-9.727713653081609957e-01 2.334004392126004246e-01 5.422539503858484974e-04
-9.765455546838363032e-01 2.166096392045702146e-01 3.698323780523716945e-04
-9.800305582481263489e-01 1.997546922901601296e-01 1.973012164036416294e-04
-9.832252570054040852e-01 1.828405730724909362e-01 2.471159014645336031e-05
-9.861286173504216768e-01 1.658722766715613195e-01 -1.478853586882863187e-04
-9.887396914776385159e-01 1.488548172641104839e-01 -3.204384858995480115e-04
-9.910576177657556274e-01 1.317932266142786690e-01 -4.928966602718799685e-04
-9.930816211372158753e-01 1.146925525954774344e-01 -6.652087787261210536e-04
-9.948110133924412679e-01 9.755785770388911149e-02 -8.373237814629154886e-04
-9.962451935185833163e-01 8.039421756404607766e-02 -1.009190667092335235e-03
-9.973836479725762816e-01 6.320671942687301759e-02 -1.180758507746905786e-03
-9.982259509382749307e-01 4.600046066070507395e-02 -1.351976464172846603e-03
-9.987717645574855085e-01 2.878054723567847334e-02 -1.522793800794340277e-03
-9.990208391346940831e-01 1.155209220196935609e-02 -1.693159900748147147e-03
-9.989730133153024161e-01 -5.679785837660903877e-03 -1.863024280881909111e-03
-9.986282142372070458e-01 -2.290996426055045415e-02 -2.032336606713958625e-03
-9.979864576555397271e-01 -4.013331796155735626e-02 -2.201046707348022508e-03
-9.970478480404200150e-01 -5.734472089479025758e-02 -2.369104590340150810e-03
-9.958125786475657826e-01 -7.453904761909410648e-02 -2.536460456512765888e-03
-9.942809315616203403e-01 -9.171117484685481491e-02 -2.703064714710747864e-03
-9.924532777120651517e-01 -1.088559829956070035e-01 -2.868867996496914704e-03
-9.903300768615930227e-01 -1.259683577419525580e-01 -3.033821170780477347e-03
-9.879118775668365160e-01 -1.430431915772644169e-01 -3.197875358375846990e-03
-9.851993171113329062e-01 -1.600753853647201852e-01 -3.360981946486794186e-03
-9.821931214106504049e-01 -1.770598498970819834e-01 -3.523092603110998880e-03
-9.788941048895800634e-01 -1.939915074547576557e-01 -3.684159291362403173e-03
-9.753031703313236322e-01 -2.108652933636024629e-01 -3.844134283705041583e-03
-9.714213086986180912e-01 -2.276761575519390957e-01 -4.002970176096270170e-03
-9.672495989267382299e-01 -2.444190661062720094e-01 -4.160619902033150380e-03
-9.627892076883455275e-01 -2.610890028251434680e-01 -4.317036746499460995e-03
-9.580413891301378104e-01 -2.776809707706503483e-01 -4.472174359808564655e-03
-9.530074845812988027e-01 -2.941899938170136064e-01 -4.625986771337365841e-03
-9.476889222337239183e-01 -3.106111181957149636e-01 -4.778428403148912186e-03
-9.420872167940317343e-01 -3.269394140366370105e-01 -4.929454083497612250e-03
-9.362039691073751335e-01 -3.431699769046679949e-01 -5.079019060215099989e-03
-9.300408657530736534e-01 -3.592979293312281164e-01 -5.227079013970838302e-03
-9.235996786121133395e-01 -3.753184223401521691e-01 -5.373590071405072097e-03
-9.168822644065434124e-01 -3.912266369674298749e-01 -5.518508818129636180e-03
-9.098905642108540137e-01 -4.070177857741890115e-01 -5.661792311592153681e-03
-9.026266029353900988e-01 -4.226871143524219554e-01 -5.803398093801321288e-03
-8.950924887818896281e-01 -4.382299028228875404e-01 -5.943284203907647778e-03
-8.872904126712420902e-01 -4.536414673246430551e-01 -6.081409190637835672e-03
-8.792226476435806015e-01 -4.689171614956398892e-01 -6.217732124577277433e-03
-8.708915482308070555e-01 -4.840523779438818397e-01 -6.352212610298503016e-03
-8.622995498017096416e-01 -4.990425497085336781e-01 -6.484810798331374672e-03
-8.534491678797951897e-01 -5.138831517104821556e-01 -6.615487396970966272e-03
-8.443429974339995425e-01 -5.285697021917850069e-01 -6.744203683920979575e-03
-8.349837121424418251e-01 -5.430977641434669989e-01 -6.870921517767558315e-03
-8.253740636294010224e-01 -5.574629467211268397e-01 -6.995603349281841708e-03
-8.155168806757170374e-01 -5.716609066477942314e-01 -7.118212232546248380e-03
-8.054150684027909790e-01 -5.856873496035505111e-01 -7.238711835902499232e-03
-7.950716074304389203e-01 -5.995380316013152466e-01 -7.357066452717624452e-03
-7.844895530087971913e-01 -6.132087603483158400e-01 -7.473241011964263172e-03
-7.736720341245298949e-01 -6.266953965926954639e-01 -7.587201088613354516e-03
-7.626222525815901099e-01 -6.399938554547404124e-01 -7.698912913834632561e-03
-7.513434820567901351e-01 -6.531001077422071699e-01 -7.808343385003438560e-03
-7.398390671304768684e-01 -6.660101812492246198e-01 -7.915460075509413856e-03
-7.281124222925566825e-01 -6.787201620382983247e-01 -8.020231244365355269e-03
-7.161670309242195165e-01 -6.912261957048604355e-01 -8.122625845612865825e-03
-7.040064442556330793e-01 -7.035244886239058193e-01 -8.222613537521657537e-03
-6.916342802999444483e-01 -7.156113091782064783e-01 -8.320164691580787114e-03
-6.790542227639155826e-01 -7.274829889676203143e-01 -8.415250401277940551e-03
-6.662700199355497954e-01 -7.391359239989999663e-01 -8.507842490665178461e-03
-6.532854835490284895e-01 -7.505665758562628520e-01 -8.597913522708191397e-03
-6.401044876273700446e-01 -7.617714728501063792e-01 -8.685436807416216723e-03
-6.267309673031534745e-01 -7.727472111469441129e-01 -8.770386409751163362e-03
-6.131689176177035350e-01 -7.834904558765952709e-01 -8.852737157312426386e-03
-5.994223922991367415e-01 -7.939979422182830149e-01 -8.932464647796295107e-03
-5.854955025196691976e-01 -8.042664764645082176e-01 -9.009545256226643081e-03
-5.713924156326209980e-01 -8.142929370623545049e-01 -9.083956141955630212e-03
-5.571173538895053401e-01 -8.240742756318365503e-01 -9.155675255431955373e-03
-5.426745931376908416e-01 -8.336075179608354313e-01 -9.224681344734411356e-03
-5.280684614990454051e-01 -8.428897649762502331e-01 -9.290953961869524366e-03
-5.133033380300333626e-01 -8.519181936909607789e-01 -9.354473468830497296e-03
-4.983836513637268095e-01 -8.606900581262143524e-01 -9.415221043416608510e-03
-4.833138783342035283e-01 -8.692026902090669305e-01 -9.473178684810446698e-03
-4.680985425838319336e-01 -8.774535006445027818e-01 -9.528329218912008625e-03
-4.527422131538887395e-01 -8.854399797619010304e-01 -9.580656303427843509e-03
-4.372495030590687892e-01 -8.931596983354738173e-01 -9.630144432713455549e-03
-4.216250678463493440e-01 -9.006103083783622010e-01 -9.676778942368133643e-03
-4.058736041387422944e-01 -9.077895439100630570e-01 -9.720546013580178696e-03
-3.899998481644489923e-01 -9.146952216968721183e-01 -9.761432677221850221e-03
-3.740085742719689299e-01 -9.213252419650362901e-01 -9.799426817692288849e-03
-3.579045934316483768e-01 -9.276775890863455665e-01 -9.834517176507679218e-03
-3.416927517242776546e-01 -9.337503322358583491e-01 -9.866693355637419852e-03
-3.253779288172383710e-01 -9.395416260215163629e-01 -9.895945820585191552e-03
-3.089650364287757078e-01 -9.450497110853819382e-01 -9.922265903214331009e-03
-2.924590167809524299e-01 -9.502729146762610712e-01 -9.945645804316302283e-03
-2.758648410418511610e-01 -9.552096511934798917e-01 -9.966078595921848068e-03
-2.591875077576143993e-01 -9.598584227015910519e-01 -9.983558223353830238e-03
-2.424320412748508791e-01 -9.642178194158209648e-01 -9.998079507021390144e-03
-2.256034901540558968e-01 -9.682865201580398429e-01 -1.000963814395480073e-02
-2.087069255745827023e-01 -9.720632927830978876e-01 -1.001823070908046745e-02
-1.917474397317736334e-01 -9.755469945753436622e-01 -1.002385465623591154e-02
-1.747301442268421601e-01 -9.787365726151792122e-01 -1.002650831892420991e-02
-1.576601684500989753e-01 -9.816310641155057137e-01 -1.002619091080783793e-02
-1.405426579581439961e-01 -9.842295967279303115e-01 -1.002290252594167236e-02
-1.233827728455732936e-01 -9.865313888186272306e-01 -1.001664413874511946e-02
-1.061856861118774809e-01 -9.885357497137354787e-01 -1.000741760371336858e-02
-8.895658202408505966e-02 -9.902420799142190866e-01 -9.995225654867880352e-03
-7.170065447578209683e-02 -9.916498712801045112e-01 -9.980071904946211797e-03
-5.442310534311033815e-02 -9.927587071840378030e-01 -9.961960844331516768e-03
-3.712914283837749629e-02 -9.935682626341100221e-01 -9.940897839721929766e-03
-1.982397986183813757e-02 -9.940783043659161544e-01 -9.916889132540277277e-03
-2.512832352329364468e-03 -9.942886909038256560e-01 -9.889941837084666523e-03
1.479908236267950088e-02 -9.941993725914541891e-01 -9.860063938420289900e-03
3.210654721698916192e-02 -9.938103915913435449e-01 -9.827264290013367973e-03
4.940434705491605905e-02 -9.931218818538654070e-01 -9.791552611107564100e-03
6.668727027927401352e-02 -9.921340690553798192e-01 -9.752939483844074581e-03
8.395011049746037290e-02 -9.908472705056978747e-01 -9.711436350125869643e-03
1.011876681650917681e-01 -9.892618950249000287e-01 -9.667055508227139979e-03
1.183947522265116348e-01 -9.873784427895833105e-01 -9.619810109149196098e-03
1.355661817516185252e-01 -9.851975051486240309e-01 -9.569714152723387754e-03
1.526967875683920561e-01 -9.827197644085517991e-01 -9.516782483462800715e-03
1.697814138905208436e-01 -9.799459935886415396e-01 -9.461030786163355383e-03
1.868149199395398308e-01 -9.768770561458536283e-01 -9.402475581256199838e-03
2.037921815608640941e-01 -9.735139056697547089e-01 -9.341134219912301112e-03
2.207080928331820457e-01 -9.698575855475624063e-01 -9.277024878900830621e-03
2.375575676705541928e-01 -9.659092285994871352e-01 -9.210166555203173899e-03
2.543355414166885153e-01 -9.616700566845337583e-01 -9.140579060383506593e-03
2.710369724307967743e-01 -9.571413802769570545e-01 -9.068283014718426030e-03
2.876568436644676430e-01 -9.523245980135617295e-01 -8.993299841086477980e-03
3.041901642289699392e-01 -9.472211962120711259e-01 -8.915651758620307329e-03
3.206319709524779737e-01 -9.418327483607621398e-01 -8.835361776122567165e-03
3.369773299265964028e-01 -9.361609145796307985e-01 -8.752453685247803261e-03
3.532213380416870385e-01 -9.302074410533117677e-01 -8.666952053452714813e-03
3.693591245104361764e-01 -9.239741594360190158e-01 -8.578882216716007467e-03
3.853858523791293123e-01 -9.174629862287712045e-01 -8.488270272031082572e-03
4.012967200261102207e-01 -9.106759221291841344e-01 -8.395143069672639929e-03
4.170869626468812763e-01 -9.036150513541264528e-01 -8.299528205240628773e-03
4.327518537253817188e-01 -8.962825409355176243e-01 -8.201454011482953860e-03
4.482867064908714339e-01 -8.886806399896090003e-01 -8.100949549899762528e-03
4.636868753599712734e-01 -8.808116789600497487e-01 -7.998044602132166336e-03
4.789477573633488805e-01 -8.726780688350732618e-01 -7.892769661136977630e-03
4.940647935565736226e-01 -8.642823003391483239e-01 -7.785155922151318179e-03
5.090334704146661782e-01 -8.556269430994422054e-01 -7.675235273448453854e-03
5.238493212098630503e-01 -8.467146447874669413e-01 -7.563040286888921514e-03
5.385079273721843363e-01 -8.375481302362494107e-01 -7.448604208268655089e-03
5.530049198322960491e-01 -8.281302005334432170e-01 -7.331960947467385144e-03
5.673359803462763029e-01 -8.184637320907371949e-01 -7.213145068400753611e-03
5.814968428018385538e-01 -8.085516756899705504e-01 -7.092191778777884488e-03
5.954832945055976712e-01 -7.983970555063504282e-01 -6.969136919668928593e-03
6.092911774509559564e-01 -7.880029681091967886e-01 -6.844016954884432451e-03
6.229163895662492845e-01 -7.773725814406021728e-01 -6.716868960170169038e-03
6.363548859427112792e-01 -7.665091337724729836e-01 -6.587730612221156558e-03
6.496026800419156810e-01 -7.554159326423525167e-01 -6.456640177516816820e-03
6.626558448823149927e-01 -7.440963537684796014e-01 -6.323636500982226724e-03
6.755105142045183531e-01 -7.325538399445256088e-01 -6.188758994477086550e-03
6.881628836149656925e-01 -7.207918999144584671e-01 -6.052047625117525087e-03
7.006092117076435644e-01 -7.088141072280075283e-01 -5.913542903432813733e-03
7.128458211635578801e-01 -6.966240990771557229e-01 -5.773285871361048815e-03
7.248690998275973962e-01 -6.842255751141752551e-01 -5.631318090087943790e-03
7.366755017625198354e-01 -6.716222962516460449e-01 -5.487681627730888433e-03
7.482615482797548845e-01 -6.588180834449486323e-01 -5.342419046873726415e-03
7.596238289467446281e-01 -6.458168164577118286e-01 -5.195573391954069233e-03
7.707590025705514103e-01 -6.326224326107000584e-01 -5.047188176508718427e-03
7.816637981574615646e-01 -6.192389255146498739e-01 -4.897307370279489411e-03
7.923350158483700723e-01 -6.056703437875029516e-01 -4.745975386183834410e-03
8.027695278296640424e-01 -5.919207897565961218e-01 -4.593237067154777413e-03
8.129642792194127221e-01 -5.779944181462624009e-01 -4.439137672852484784e-03
8.229162889286375515e-01 -5.638954347513644993e-01 -4.283722866253352260e-03
8.326226504974614251e-01 -5.496280950972642909e-01 -4.127038700118573766e-03
8.420805329059345423e-01 -5.351967030867479380e-01 -3.969131603348159502e-03
8.512871813593863024e-01 -5.206056096343794071e-01 -3.810048367222863136e-03
8.602399180480934104e-01 -5.058592112888476988e-01 -3.649836131538714435e-03
8.689361428811369636e-01 -4.909619488437788060e-01 -3.488542370638942573e-03
8.773733341942894226e-01 -4.759183059375451941e-01 -3.326214879345772493e-03
8.855490494317969086e-01 -4.607328076425818431e-01 -3.162901758798323300e-03
8.934609258019362565e-01 -4.454100190447235486e-01 -2.998651402198664311e-03
9.011066809062209249e-01 -4.299545438130962793e-01 -2.833512480472335365e-03
9.084841133421804882e-01 -4.143710227610321595e-01 -2.667533927845903551e-03
9.155911032795869264e-01 -3.986641323985847252e-01 -2.500764927346485131e-03
9.224256130100746409e-01 -3.828385834771136920e-01 -2.333254896228235606e-03
9.289856874700713751e-01 -3.668991195264698080e-01 -2.165053471328399603e-03
9.352694547369857503e-01 -3.508505153852917724e-01 -1.996210494359397600e-03
9.412751264986015665e-01 -3.346975757249213701e-01 -1.826775997139096436e-03
9.470009984956351268e-01 -3.184451335674678973e-01 -1.656800186765787671e-03
9.524454509374451483e-01 -3.020980487984794016e-01 -1.486333430740533574e-03
9.576069488908559579e-01 -2.856612066747941103e-01 -1.315426242041978873e-03
9.624840426421000794e-01 -2.691395163280255187e-01 -1.144129264158753705e-03
9.670753680318822099e-01 -2.525379092642019985e-01 -9.724932560821558615e-04
9.713796467635739118e-01 -2.358613378600548927e-01 -8.005690772656574123e-04
9.753956866845591156e-01 -2.191147738564684089e-01 -6.284076725539403715e-04
9.791223820407759515e-01 -2.023032068495360380e-01 -4.560600570866262188e-04
9.825587137044770047e-01 -1.854316427797782774e-01 -2.835773011818863145e-04
9.857037493752727197e-01 -1.685051024199587244e-01 -1.110105152026356494e-04
9.885566437545152407e-01 -1.515286198619998637e-01 6.158916558800149068e-05
9.911166386930869709e-01 -1.345072410034738042e-01 2.341705961797430676e-04
9.933830633126800036e-01 -1.174460220341393274e-01 4.066826369700212232e-04
9.953553341006436961e-01 -1.003500279230154640e-01 5.790741689179638779e-04
9.970329549785040824e-01 -8.322433090640564413e-02 7.512941086922830455e-04
9.984155173442513798e-01 -6.607400897740292600e-02 9.232914238078708709e-04
9.995027000885123858e-01 -4.890414437728080738e-02 1.095015147748394429e-03
1.000294269584725448e+00 -3.171982208924200436e-02 1.266414395068207093e-03
1.000790079653443021e+00 -1.452612833496827460e-02 1.437438376471370655e-03
1.000990071500900802e+00 2.671850925590470941e-03 1.608036413861124378e-03
1.000894273631994125e+00 1.986903149073036834e-02 1.778157955357112909e-03
1.000502801737809255e+00 3.706033240943331503e-02 1.947752590275207696e-03
9.998158585578702517e-01 5.424067746923573463e-02 2.116770064064789954e-03
9.988337337172596975e-01 7.140499667915979620e-02 2.285160293200820016e-03
9.975568035387886168e-01 8.854822774727143242e-02 2.452873380024107614e-03
9.959855308303879884e-01 1.056653175524640415e-01 2.619859627527619701e-03
9.941204646479087081e-01 1.227512236100437304e-01 2.786069554082293027e-03
9.919622400335138535e-01 1.398009155307726736e-01 2.951453908099718401e-03
9.895115777298624238e-01 1.568093764729094342e-01 3.115963682626649890e-03
9.867692838702822877e-01 1.737716045869141523e-01 3.279550129866347277e-03
9.837362496451409477e-01 1.906826144524192967e-01 3.442164775624144066e-03
9.804134509446216228e-01 2.075374385070976324e-01 3.603759433670855952e-03
9.768019479781235859e-01 2.243311284670638506e-01 3.764286220021940271e-03
9.729028848705085775e-01 2.410587567384303576e-01 3.923697567126080768e-03
9.687174892354141198e-01 2.577154178197154644e-01 4.081946237960687104e-03
9.642470717258708746e-01 2.742962296946865330e-01 4.238985340029436701e-03
9.594930255624548598e-01 2.907963352153518088e-01 4.394768339257074975e-03
9.544568260392124470e-01 3.072109034747423917e-01 4.549249073778985526e-03
9.491400300076039409e-01 3.235351311691636589e-01 4.702381767619436166e-03
9.435442753387072168e-01 3.397642439495937583e-01 4.854121044256494606e-03
9.376712803639435378e-01 3.558934977618979922e-01 5.004421940067626390e-03
9.315228432945547032e-01 3.719181801755971906e-01 5.153239917653582892e-03
9.251008416201182971e-01 3.878336117008227557e-01 5.300530879035975432e-03
9.184072314863367392e-01 4.036351470932111885e-01 5.446251178724023471e-03
9.114440470523765825e-01 4.193181766464292304e-01 5.590357636648146319e-03
9.042133998280129648e-01 4.348781274720519563e-01 5.732807550954733579e-03
8.967174779908611004e-01 4.503104647664977200e-01 5.873558710659791508e-03
8.889585456839422806e-01 4.656106930647967435e-01 6.012569408157162308e-03
8.809389422938815883e-01 4.807743574808647224e-01 6.149798451576963913e-03
8.726610817099953454e-01 4.957970449340707852e-01 6.285205176992096632e-03
8.641274515645493981e-01 5.106743853618277429e-01 6.418749460467395619e-03
8.553406124544657985e-01 5.254020529179609378e-01 6.550391729949654566e-03
8.463031971447543267e-01 5.399757671566195460e-01 6.680092976993295614e-03
8.370179097539640622e-01 5.543912942014747047e-01 6.807814768319586478e-03
8.274875249219066919e-01 5.686444479000222207e-01 6.933519257205349867e-03
8.177148869599613068e-01 5.827310909627204660e-01 7.057169194697654989e-03
8.077029089842604481e-01 5.966471360867343643e-01 7.178727940651334800e-03
7.974545720319695663e-01 6.103885470641721156e-01 7.298159474586609838e-03
7.869729241610582404e-01 6.239513398744480632e-01 7.415428406362337826e-03
7.762610795337230307e-01 6.373315837607540502e-01 7.530499986663253230e-03
7.653222174838769654e-01 6.505254022902619004e-01 7.643340117296621404e-03
7.541595815688884041e-01 6.635289743980147259e-01 7.753915361296397427e-03
7.427764786058991264e-01 6.763385354142591455e-01 7.862192952831468726e-03
7.311762776930569308e-01 6.889503780749881567e-01 7.968140806914551094e-03
7.193624092158361627e-01 7.013608535156538037e-01 8.071727528910024180e-03
7.073383638388753836e-01 7.135663722477179061e-01 8.172922423836532710e-03
6.951076914835034870e-01 7.255634051180108735e-01 8.271695505462705461e-03
6.826740002912866645e-01 7.373484842506794479e-01 8.368017505192840849e-03
6.700409555739419432e-01 7.489182039715241990e-01 8.461859880739540721e-03
6.572122787497733931e-01 7.602692217146939102e-01 8.553194824581722422e-03
6.441917462670821992e-01 7.713982589114418698e-01 8.641995272204277753e-03
6.309831885146700570e-01 7.823021018609525035e-01 8.728234910118185322e-03
6.175904887198890858e-01 7.929776025829549102e-01 8.811888183657487147e-03
6.040175818343892500e-01 8.034216796521033155e-01 8.892930304551812867e-03
5.902684534079073453e-01 8.136313190139499163e-01 8.971337258271778331e-03
5.763471384504378348e-01 8.236035747823378106e-01 9.047085811144770992e-03
5.622577202829308618e-01 8.333355700181998005e-01 9.120153517239848809e-03
5.480043293769814028e-01 8.428244974895128250e-01 9.190518725018706481e-03
5.335911421836074808e-01 8.520676204124264519e-01 9.258160583751732370e-03
5.190223799515848446e-01 8.610622731733232893e-01 9.323059049696318101e-03
5.043023075354751139e-01 8.698058620318090961e-01 9.385194892036362660e-03
4.894352321936864536e-01 8.782958658044796030e-01 9.444549698580825131e-03
4.744255023769149981e-01 8.865298365293321492e-01 9.501105881219499422e-03
4.592775065070937024e-01 8.945054001108101449e-01 9.554846681134931963e-03
4.439956717473219072e-01 9.022202569452764109e-01 9.605756173768242867e-03
4.285844627628598302e-01 9.096721825269316053e-01 9.653819273538088996e-03
4.130483804736588827e-01 9.168590280339845577e-01 9.699021738310701149e-03
3.973919607985555436e-01 9.237787208950692941e-01 9.741350173620202599e-03
3.816197733914667989e-01 9.304292653357906229e-01 9.780792036637720593e-03
3.657364203699347560e-01 9.368087429052872617e-01 9.817335639887988033e-03
3.497465350361354530e-01 9.429153129828090618e-01 9.850970154712715421e-03
3.336547805908328668e-01 9.487472132641389111e-01 9.881685614479239488e-03
3.174658488403466206e-01 9.543027602278755239e-01 9.909472917533962769e-03
3.011844588970157832e-01 9.595803495814246853e-01 9.934323829899279618e-03
2.848153558732701707e-01 9.645784566866910659e-01 9.956230987713522024e-03
2.683633095696533188e-01 9.692956369653773496e-01 9.975187899413047454e-03
2.518331131571414638e-01 9.737305262838059638e-01 9.991188947655783512e-03
2.352295818538674976e-01 9.778818413172545299e-01 1.000422939098581827e-02
2.185575515967360938e-01 9.817483798936786910e-01 1.001430536523834590e-02
2.018218777079898163e-01 9.853290213168269807e-01 1.002141388468474545e-02
1.850274335572151263e-01 9.886227266686350434e-01 1.002555284291728813e-02
1.681791092188937298e-01 9.916285390908884390e-01 1.002672101347332201e-02
1.512818101258451564e-01 9.943455840460817541e-01 1.002491805019870182e-02
1.343404557189079584e-01 9.967730695574125166e-01 1.002014448735035618e-02
1.173599780929631270e-01 9.989102864278964766e-01 1.001240173943797850e-02
1.003453206397873637e-01 1.000756608438514439e+00 1.000169210080487786e-02
8.330143668783983324e-02 1.002311492525383763e+00 9.988018744948118366e-03
6.623328813933143655e-02 1.003574478935890024e+00 9.971385723578127247e-03
4.914584410492638111e-02 1.004545191363741319e+00 9.951797965418117051e-03
3.204407953618070015e-02 1.005223337062917555e+00 9.929261274743554286e-03
1.493297385621650264e-02 1.005608706940460229e+00 9.903782329662286915e-03
-2.182490411311899942e-03 1.005701175628088029e+00 9.875368680135601304e-03
-1.929732901445894294e-02 1.005500701532587193e+00 9.844028745741079459e-03
-3.640655734632906870e-02 1.005007326864959527e+00 9.809771813177665944e-03
-5.350519181916364719e-02 1.004221177648291663e+00 9.772608033513780629e-03
-7.058825123881769248e-02 1.003142463704322918e+00 9.732548419179424398e-03
-8.765075817951686887e-02 1.001771478618684208e+00 9.689604840702852051e-03
-1.046877403583886396e-01 1.000108599684792710e+00 9.643790023193196670e-03
-1.216942320097049168e-01 9.981542878263689467e-01 9.595117542569616201e-03
-1.386652752583281967e-01 9.959090874985769837e-01 9.543601821538575530e-03
-1.555959214922459644e-01 9.933736265677545196e-01 9.489258125320037748e-03
-1.724812327338314244e-01 9.905486161697292236e-01 9.432102557123980130e-03
-1.893162830094662907e-01 9.874348505467146486e-01 9.372152053378829048e-03
-2.060961597174057192e-01 9.840332068627619666e-01 9.309424378712629136e-03
-2.228159649933733333e-01 9.803446449977850641e-01 9.243938120689207047e-03
-2.394708170738096276e-01 9.763702073201272480e-01 9.175712684300075736e-03
-2.560558516562607134e-01 9.721110184377027563e-01 9.104768286214485334e-03
-2.725662232567785392e-01 9.675682849276874276e-01 9.031125948788729096e-03
-2.889971065639607706e-01 9.627432950447688542e-01 8.954807493836654253e-03
-3.053436977892576287e-01 9.576374184079939900e-01 8.875835536163612094e-03
-3.216012160134117948e-01 9.522521056661698013e-01 8.794233476864954033e-03
-3.377649045285100460e-01 9.465888881418986767e-01 8.710025496392029623e-03
-3.538300321755575850e-01 9.406493774541963004e-01 8.623236547386746442e-03
-3.697918946770520354e-01 9.344352651197841420e-01 8.533892347287784855e-03
-3.856458159644141626e-01 9.279483221330210307e-01 8.442019370709876250e-03
-4.013871494998926814e-01 9.211903985245277759e-01 8.347644841598689594e-03
-4.170112795925680627e-01 9.141634228985591193e-01 8.250796725164004711e-03
-4.325136227082569396e-01 9.068694019491118086e-01 8.151503719592919153e-03
-4.478896287729358106e-01 8.993104199548310751e-01 8.049795247545815657e-03
-4.631347824693014537e-01 8.914886382527905662e-01 7.945701447438098183e-03
-4.782446045263030188e-01 8.834062946911173109e-01 7.839253164509181471e-03
-4.932146530011254359e-01 8.750657030606084907e-01 7.730481941682722236e-03
-5.080405245534990177e-01 8.664692525052968275e-01 7.619420010219434686e-03
-5.227178557118132840e-01 8.576194069121226837e-01 7.506100280166566087e-03
-5.372423241308625919e-01 8.485187042797007750e-01 7.390556330605820012e-03
-5.516096498408273874e-01 8.391697560662754185e-01 7.272822399702999832e-03
-5.658155964871020016e-01 8.295752465169864420e-01 7.152933374562832347e-03
-5.798559725607839166e-01 8.197379319704241052e-01 7.030924780890786957e-03
-5.937266326193034738e-01 8.096606401446809764e-01 6.906832772466431000e-03
-6.074234784970482526e-01 7.993462694028620197e-01 6.780694120429881649e-03
-6.209424605054640889e-01 7.887977879982738250e-01 6.652546202386084954e-03
-6.342795786224355581e-01 7.780182332992920946e-01 6.522426991328867524e-03
-6.474308836705504611e-01 7.670107109940507151e-01 6.390375044388562492e-03
-6.603924784838534068e-01 7.557783942751130635e-01 6.256429491407069533e-03
-6.731605190628807689e-01 7.443245230041264371e-01 6.120630023342412372e-03
-6.857312157174754175e-01 7.326524028567240610e-01 5.983016880507821891e-03
-6.981008341971708386e-01 7.207654044476844435e-01 5.843630840647515839e-03
-7.102656968087448508e-01 7.086669624365300457e-01 5.702513206853184954e-03
-7.222221835205532292e-01 6.963605746137576658e-01 5.559705795325408685e-03
-7.339667330534194178e-01 6.838498009677228540e-01 5.415250922982138559e-03
-7.454958439575861684e-01 6.711382627324891104e-01 5.269191394919763016e-03
-7.568060756755368157e-01 6.582296414166370901e-01 5.121570491728548273e-03
-7.678940495901948049e-01 6.451276778133635537e-01 4.972431956668089612e-03
-7.787564500582755400e-01 6.318361709919119162e-01 4.821819982705062048e-03
-7.893900254283955364e-01 6.183589772705674337e-01 4.669779199417698271e-03
-7.997915890435542963e-01 6.047000091714563874e-01 4.516354659771519738e-03
-8.099580202277563146e-01 5.908632343572131074e-01 4.361591826768672353e-03
-8.198862652562910469e-01 5.768526745498788744e-01 4.205536559976756107e-03
-8.295733383094731073e-01 5.626724044320700058e-01 4.048235101939141010e-03
-8.390163224093655225e-01 5.483265505308004828e-01 3.889734064472752818e-03
-8.482123703392550063e-01 5.338192900840410537e-01 3.730080414855790113e-03
-8.571587055454966686e-01 5.191548498903024722e-01 3.569321461910111588e-03
-8.658526230213573482e-01 5.043375051415380783e-01 3.407504841983068772e-03
-8.742914901726136501e-01 4.893715782394635339e-01 3.244678504831302601e-03
-8.824727476644623758e-01 4.742614375957296402e-01 3.080890699412724542e-03
-8.903939102495250779e-01 4.590114964160155187e-01 2.916189959588776082e-03
-8.980525675765108629e-01 4.436262114684998981e-01 2.750625089743267103e-03
-9.054463849793000785e-01 4.281100818368278604e-01 2.584245150320384384e-03
-9.125731042460868414e-01 4.124676476579196005e-01 2.417099443286815051e-03
-9.194305443682377899e-01 3.967034888449741392e-01 2.249237497522990539e-03
-9.260166022686194820e-01 3.808222237958057699e-01 2.080709054146059628e-03
-9.323292535089947597e-01 3.648285080870179997e-01 1.911564051771075853e-03
-9.383665529762680313e-01 3.487270331541188484e-01 1.741852611712551169e-03
-9.441266355471878979e-01 3.325225249581031384e-01 1.571625023132917996e-03
-9.496077167312740874e-01 3.162197426386624821e-01 1.400931728140554586e-03
-9.548080932916427344e-01 2.998234771544258104e-01 1.229823306842490116e-03
-9.597261438434133707e-01 2.833385499106401140e-01 1.058350462356917945e-03
-9.643603294294712525e-01 2.667698113744749189e-01 8.865640057882050434e-04
-9.687091940732258655e-01 2.501221396785163753e-01 7.145148411710295017e-04
-9.727713653081609957e-01 2.334004392126006466e-01 5.422539503858509911e-04
-9.765455546838363032e-01 2.166096392045704366e-01 3.698323780523741881e-04
-9.800305582481253497e-01 1.997546922901638489e-01 1.973012164037153281e-04
-9.832252570054040852e-01 1.828405730724911860e-01 2.471159014645581671e-05
-9.861286173504210106e-01 1.658722766715650665e-01 -1.478853586882126472e-04
-9.887396914776385159e-01 1.488548172641107614e-01 -3.204384858995455720e-04
-9.910576177657560715e-01 1.317932266142753939e-01 -4.928966602718775833e-04
-9.930816211372158753e-01 1.146925525954776842e-01 -6.652087787261185600e-04
-9.948110133924412679e-01 9.755785770388934741e-02 -8.373237814629131033e-04
-9.962451935185830942e-01 8.039421756404986630e-02 -1.009190667092261942e-03
-9.973836479725762816e-01 6.320671942687326739e-02 -1.180758507746903401e-03
-9.982259509382748197e-01 4.600046066070888340e-02 -1.351976464172773527e-03
-9.987717645574855085e-01 2.878054723567871967e-02 -1.522793800794338109e-03
-9.990208391346940831e-01 1.155209220196604623e-02 -1.693159900748144979e-03
-9.989730133153026381e-01 -5.679785837660661016e-03 -1.863024280881906509e-03
-9.986282142372070458e-01 -2.290996426055020435e-02 -2.032336606713956023e-03
-9.979864576555399491e-01 -4.013331796155356068e-02 -2.201046707347950084e-03
-9.970478480404197930e-01 -5.734472089479000084e-02 -2.369104590340148208e-03
-9.958125786475660046e-01 -7.453904761909030396e-02 -2.536460456512694764e-03
-9.942809315616203403e-01 -9.171117484685456511e-02 -2.703064714710745262e-03
-9.924532777120644855e-01 -1.088559829956103064e-01 -2.868867996496912535e-03
-9.903300768615936889e-01 -1.259683577419487832e-01 -3.033821170780407524e-03
-9.879118775668365160e-01 -1.430431915772641671e-01 -3.197875358375843954e-03
-9.851993171113335723e-01 -1.600753853647164937e-01 -3.360981946486724364e-03
-9.821931214106505159e-01 -1.770598498970817336e-01 -3.523092603110996712e-03
-9.788941048895808406e-01 -1.939915074547539364e-01 -3.684159291362334651e-03
-9.753031703313236322e-01 -2.108652933636022131e-01 -3.844134283705038981e-03
-9.714213086986172030e-01 -2.276761575519423431e-01 -4.002970176096268436e-03
-9.672495989267390071e-01 -2.444190661062682624e-01 -4.160619902033082726e-03
-9.627892076883455275e-01 -2.610890028251432460e-01 -4.317036746499458393e-03
-9.580413891301390317e-01 -2.776809707706466845e-01 -4.472174359808498735e-03
-9.530074845812990247e-01 -2.941899938170133844e-01 -4.625986771337363239e-03
-9.476889222337251395e-01 -3.106111181957113554e-01 -4.778428403148847134e-03
-9.420872167940317343e-01 -3.269394140366367330e-01 -4.929454083497609648e-03
-9.362039691073739123e-01 -3.431699769046711035e-01 -5.079019060215098254e-03
-9.300408657530750967e-01 -3.592979293312245637e-01 -5.227079013970774984e-03
-9.235996786121135615e-01 -3.753184223401519470e-01 -5.373590071405069495e-03
-9.168822644065447447e-01 -3.912266369674264332e-01 -5.518508818129573730e-03
-9.098905642108540137e-01 -4.070177857741887339e-01 -5.661792311592151947e-03
-9.026266029353915421e-01 -4.226871143524184582e-01 -5.803398093801261440e-03
-8.950924887818897391e-01 -4.382299028228873738e-01 -5.943284203907646043e-03
-8.872904126712422013e-01 -4.536414673246428331e-01 -6.081409190637833070e-03
-8.792226476435823779e-01 -4.689171614956365031e-01 -6.217732124577219320e-03
-8.708915482308071665e-01 -4.840523779438816177e-01 -6.352212610298500414e-03
-8.622995498017115290e-01 -4.990425497085305140e-01 -6.484810798331317426e-03
-8.534491678797951897e-01 -5.138831517104819335e-01 -6.615487396970965404e-03
-8.443429974339977662e-01 -5.285697021917877825e-01 -6.744203683920978708e-03
-8.349837121424420472e-01 -5.430977641434667769e-01 -6.870921517767556580e-03
-8.253740636294011335e-01 -5.574629467211266176e-01 -6.995603349281840841e-03
-8.155168806757192579e-01 -5.716609066477910117e-01 -7.118212232546196339e-03
-8.054150684027910900e-01 -5.856873496035504001e-01 -7.238711835902497498e-03
-7.950716074304411407e-01 -5.995380316013122490e-01 -7.357066452717575880e-03
-7.844895530087973023e-01 -6.132087603483156180e-01 -7.473241011964263172e-03
-7.736720341245277854e-01 -6.266953965926980175e-01 -7.587201088613352781e-03
-7.626222525815902209e-01 -6.399938554547401903e-01 -7.698912913834630826e-03
-7.513434820567902461e-01 -6.531001077422069478e-01 -7.808343385003436825e-03
-7.398390671304794219e-01 -6.660101812492216222e-01 -7.915460075509370488e-03
-7.281124222925569045e-01 -6.787201620382981027e-01 -8.020231244365355269e-03
-7.161670309242221810e-01 -6.912261957048577710e-01 -8.122625845612822457e-03
-7.040064442556331903e-01 -7.035244886239057083e-01 -8.222613537521655802e-03
-6.916342802999421169e-01 -7.156113091782089208e-01 -8.320164691580785379e-03
-6.790542227639182471e-01 -7.274829889676177608e-01 -8.415250401277900652e-03
-6.662700199355499064e-01 -7.391359239989997443e-01 -8.507842490665178461e-03
-6.532854835490313761e-01 -7.505665758562604095e-01 -8.597913522708153233e-03
-6.401044876273701556e-01 -7.617714728501061572e-01 -8.685436807416216723e-03
-6.267309673031564721e-01 -7.727472111469417815e-01 -8.770386409751126933e-03
-6.131689176177036460e-01 -7.834904558765951599e-01 -8.852737157312424651e-03
-5.994223922991340769e-01 -7.939979422182850133e-01 -8.932464647796293372e-03
-5.854955025196721952e-01 -8.042664764645059972e-01 -9.009545256226610122e-03
-5.713924156326212200e-01 -8.142929370623543939e-01 -9.083956141955628477e-03
-5.571173538895084487e-01 -8.240742756318344409e-01 -9.155675255431924148e-03
-5.426745931376909526e-01 -8.336075179608350982e-01 -9.224681344734411356e-03
-5.280684614990485137e-01 -8.428897649762483457e-01 -9.290953961869496611e-03
-5.133033380300334736e-01 -8.519181936909607789e-01 -9.354473468830495561e-03
-4.983836513637239785e-01 -8.606900581262160177e-01 -9.415221043416608510e-03
-4.833138783342067479e-01 -8.692026902090650431e-01 -9.473178684810422412e-03
-4.680985425838321556e-01 -8.774535006445026708e-01 -9.528329218912008625e-03
-4.527422131538921812e-01 -8.854399797618994761e-01 -9.580656303427820958e-03
-4.372495030590690113e-01 -8.931596983354737063e-01 -9.630144432713453814e-03
-4.216250678463462909e-01 -9.006103083783636443e-01 -9.676778942368131908e-03
-4.058736041387425164e-01 -9.077895439100629460e-01 -9.720546013580176961e-03
-3.899998481644492143e-01 -9.146952216968721183e-01 -9.761432677221848486e-03
-3.740085742719724271e-01 -9.213252419650348468e-01 -9.799426817692273237e-03
-3.579045934316485433e-01 -9.276775890863453444e-01 -9.834517176507677483e-03
-3.416927517242812073e-01 -9.337503322358569058e-01 -9.866693355637405974e-03
-3.253779288172386486e-01 -9.395416260215161408e-01 -9.895945820585189817e-03
-3.089650364287725437e-01 -9.450497110853829374e-01 -9.922265903214331009e-03
-2.924590167809526520e-01 -9.502729146762610712e-01 -9.945645804316302283e-03
-2.758648410418513275e-01 -9.552096511934798917e-01 -9.966078595921848068e-03
-2.591875077576180630e-01 -9.598584227015900527e-01 -9.983558223353821565e-03
-2.424320412748511289e-01 -9.642178194158207427e-01 -9.998079507021390144e-03
-2.256034901540595883e-01 -9.682865201580390657e-01 -1.000963814395479726e-02
-2.087069255745829521e-01 -9.720632927830978876e-01 -1.001823070908046745e-02
-1.917474397317704138e-01 -9.755469945753444394e-01 -1.002385465623591154e-02
-1.747301442268424099e-01 -9.787365726151792122e-01 -1.002650831892420991e-02
-1.576601684500991973e-01 -9.816310641155057137e-01 -1.002619091080783793e-02
-1.405426579581477431e-01 -9.842295967279297564e-01 -1.002290252594167583e-02
-1.233827728455735295e-01 -9.865313888186272306e-01 -1.001664413874512119e-02
-1.061856861118812556e-01 -9.885357497137349236e-01 -1.000741760371337205e-02
-8.895658202408529558e-02 -9.902420799142190866e-01 -9.995225654867880352e-03
-7.170065447577878004e-02 -9.916498712801047333e-01 -9.980071904946211797e-03
-5.442310534311415454e-02 -9.927587071840375810e-01 -9.961960844331523707e-03
-3.712914283837773916e-02 -9.935682626341100221e-01 -9.940897839721929766e-03
-1.982397986184195049e-02 -9.940783043659161544e-01 -9.916889132540287685e-03
-2.512832352329609931e-03 -9.942886909038256560e-01 -9.889941837084666523e-03
1.479908236267567928e-02 -9.941993725914544111e-01 -9.860063938420305513e-03
3.210654721698891212e-02 -9.938103915913435449e-01 -9.827264290013367973e-03
4.940434705491938278e-02 -9.931218818538651849e-01 -9.791552611107564100e-03
6.668727027927021100e-02 -9.921340690553799302e-01 -9.752939483844093663e-03
8.395011049746013698e-02 -9.908472705056978747e-01 -9.711436350125869643e-03
1.011876681650879656e-01 -9.892618950249003618e-01 -9.667055508227160796e-03
1.183947522265113711e-01 -9.873784427895834215e-01 -9.619810109149197833e-03
1.355661817516147505e-01 -9.851975051486246970e-01 -9.569714152723410305e-03
1.526967875683918341e-01 -9.827197644085517991e-01 -9.516782483462802450e-03
1.697814138905241188e-01 -9.799459935886407624e-01 -9.461030786163355383e-03
1.868149199395360838e-01 -9.768770561458542945e-01 -9.402475581256225859e-03
2.037921815608638443e-01 -9.735139056697549309e-01 -9.341134219912302847e-03
2.207080928331783543e-01 -9.698575855475632945e-01 -9.277024878900858376e-03
2.375575676705539430e-01 -9.659092285994871352e-01 -9.210166555203173899e-03
2.543355414166917350e-01 -9.616700566845327591e-01 -9.140579060383508328e-03
2.710369724307965522e-01 -9.571413802769570545e-01 -9.068283014718427765e-03
2.876568436644674764e-01 -9.523245980135618405e-01 -8.993299841086477980e-03
3.041901642289662755e-01 -9.472211962120721251e-01 -8.915651758620340289e-03
3.206319709524776962e-01 -9.418327483607621398e-01 -8.835361776122568900e-03
3.369773299265927946e-01 -9.361609145796320197e-01 -8.752453685247839690e-03
3.532213380416868720e-01 -9.302074410533117677e-01 -8.666952053452716548e-03
3.693591245104392295e-01 -9.239741594360177945e-01 -8.578882216716009201e-03
3.853858523791291457e-01 -9.174629862287712045e-01 -8.488270272031084307e-03
4.012967200261099987e-01 -9.106759221291842454e-01 -8.395143069672641664e-03
4.170869626468777791e-01 -9.036150513541281182e-01 -8.299528205240668671e-03
4.327518537253814968e-01 -8.962825409355176243e-01 -8.201454011482955594e-03
4.482867064908680477e-01 -8.886806399896106656e-01 -8.100949549899805896e-03
4.636868753599709403e-01 -8.808116789600499708e-01 -7.998044602132168071e-03
4.789477573633518226e-01 -8.726780688350715964e-01 -7.892769661136981099e-03
4.940647935565734561e-01 -8.642823003391484349e-01 -7.785155922151319914e-03
5.090334704146659561e-01 -8.556269430994425385e-01 -7.675235273448454722e-03
5.238493212098598306e-01 -8.467146447874689397e-01 -7.563040286888970953e-03
5.385079273721842252e-01 -8.375481302362495217e-01 -7.448604208268656823e-03
5.530049198322929405e-01 -8.281302005334451044e-01 -7.331960947467436318e-03
5.673359803462761919e-01 -8.184637320907373059e-01 -7.213145068400755346e-03
5.814968428018413293e-01 -8.085516756899686630e-01 -7.092191778777887090e-03
5.954832945055946736e-01 -7.983970555063527597e-01 -6.969136919668980634e-03
6.092911774509556233e-01 -7.880029681091968996e-01 -6.844016954884433318e-03
6.229163895662462869e-01 -7.773725814406045043e-01 -6.716868960170223682e-03
6.363548859427111681e-01 -7.665091337724730947e-01 -6.587730612221157425e-03
6.496026800419126834e-01 -7.554159326423549592e-01 -6.456640177516872331e-03
6.626558448823147707e-01 -7.440963537684797124e-01 -6.323636500982228459e-03
6.755105142045207955e-01 -7.325538399445233884e-01 -6.188758994477089152e-03
6.881628836149630279e-01 -7.207918999144610206e-01 -6.052047625117584068e-03
7.006092117076433423e-01 -7.088141072280077504e-01 -5.913542903432814600e-03
7.128458211635552155e-01 -6.966240990771582764e-01 -5.773285871361108663e-03
7.248690998275972852e-01 -6.842255751141753661e-01 -5.631318090087944657e-03
7.366755017625171709e-01 -6.716222962516489314e-01 -5.487681627730949148e-03
7.482615482797546624e-01 -6.588180834449488543e-01 -5.342419046873728150e-03
7.596238289467467375e-01 -6.458168164577091641e-01 -5.195573391954071835e-03
7.707590025705489678e-01 -6.326224326107031670e-01 -5.047188176508783479e-03
7.816637981574614535e-01 -6.192389255146500959e-01 -4.897307370279491145e-03
7.923350158483676298e-01 -6.056703437875060603e-01 -4.745975386183898595e-03
8.027695278296638204e-01 -5.919207897565963439e-01 -4.593237067154780015e-03
8.129642792194144985e-01 -5.779944181462597363e-01 -4.439137672852487386e-03
8.229162889286373295e-01 -5.638954347513646104e-01 -4.283722866253354862e-03
8.326226504974613141e-01 -5.496280950972644019e-01 -4.127038700118576368e-03
8.420805329059325439e-01 -5.351967030867511577e-01 -3.969131603348227157e-03
8.512871813593861914e-01 -5.206056096343796291e-01 -3.810048367222865304e-03
8.602399180480913010e-01 -5.058592112888509185e-01 -3.649836131538782957e-03
8.689361428811368526e-01 -4.909619488437790280e-01 -3.488542370638944741e-03
8.773733341942909769e-01 -4.759183059375423075e-01 -3.326214879345775095e-03
8.855490494317967975e-01 -4.607328076425821761e-01 -3.162901758798325903e-03
8.934609258019361455e-01 -4.454100190447237151e-01 -2.998651402198666480e-03
9.011066809062192595e-01 -4.299545438130996655e-01 -2.833512480472406055e-03
9.084841133421803772e-01 -4.143710227610323260e-01 -2.667533927845906153e-03
9.155911032795852611e-01 -3.986641323985882779e-01 -2.500764927346556688e-03
9.224256130100746409e-01 -3.828385834771139140e-01 -2.333254896228238208e-03
9.289856874700725964e-01 -3.668991195264667549e-01 -2.165053471328401771e-03
9.352694547369856393e-01 -3.508505153852919944e-01 -1.996210494359400203e-03
9.412751264986015665e-01 -3.346975757249215921e-01 -1.826775997139098821e-03
9.470009984956337945e-01 -3.184451335674714501e-01 -1.656800186765860312e-03
9.524454509374451483e-01 -3.020980487984796237e-01 -1.486333430740536176e-03
9.576069488908549587e-01 -2.856612066747977741e-01 -1.315426242042051731e-03
9.624840426420999684e-01 -2.691395163280256853e-01 -1.144129264158756090e-03
9.670753680318832091e-01 -2.525379092641987788e-01 -9.724932560821582467e-04
9.713796467635729126e-01 -2.358613378600585564e-01 -8.005690772657308128e-04
9.753956866845591156e-01 -2.191147738564686587e-01 -6.284076725539428651e-04
9.791223820407750633e-01 -2.023032068495397573e-01 -4.560600570866998361e-04
9.825587137044770047e-01 -1.854316427797785272e-01 -2.835773011818888082e-04
9.857037493752721646e-01 -1.685051024199624714e-01 -1.110105152027093480e-04
9.885566437545152407e-01 -1.515286198620000857e-01 6.158916558799903767e-05
9.911166386930874150e-01 -1.345072410034705290e-01 2.341705961797406282e-04
9.933830633126796705e-01 -1.174460220341431022e-01 4.066826369699475517e-04
9.953553341006436961e-01 -1.003500279230157000e-01 5.790741689179613842e-04
9.970329549785036383e-01 -8.322433090640943276e-02 7.512941086922095366e-04
9.984155173442513798e-01 -6.607400897740316192e-02 9.232914238078684856e-04
9.995027000885121637e-01 -4.890414437728458907e-02 1.095015147748321137e-03
1.000294269584725448e+00 -3.171982208924224722e-02 1.266414395068204491e-03
1.000790079653443021e+00 -1.452612833496497342e-02 1.437438376471368053e-03
1.000990071500900802e+00 2.671850925586677968e-03 1.608036413861051520e-03
1.000894273631994125e+00 1.986903149073012201e-02 1.778157955357110524e-03
1.000502801737809255e+00 3.706033240942952639e-02 1.947752590275135054e-03
9.998158585578702517e-01 5.424067746923548483e-02 2.116770064064787352e-03
9.988337337172594754e-01 7.140499667916308524e-02 2.285160293200817847e-03
9.975568035387886168e-01 8.854822774727119650e-02 2.452873380024105012e-03
9.959855308303879884e-01 1.056653175524638194e-01 2.619859627527616665e-03
9.941204646479091522e-01 1.227512236100399556e-01 2.786069554082222337e-03
9.919622400335140755e-01 1.398009155307724516e-01 2.951453908099715799e-03
9.895115777298630899e-01 1.568093764729057149e-01 3.115963682626580068e-03
9.867692838702822877e-01 1.737716045869139025e-01 3.279550129866344674e-03
9.837362496451402816e-01 1.906826144524225441e-01 3.442164775624141464e-03
9.804134509446216228e-01 2.075374385070973549e-01 3.603759433670853350e-03
9.768019479781235859e-01 2.243311284670636008e-01 3.764286220021938103e-03
9.729028848705093546e-01 2.410587567384266938e-01 3.923697567126012246e-03
9.687174892354141198e-01 2.577154178197151868e-01 4.081946237960684502e-03
9.642470717258718738e-01 2.742962296946829248e-01 4.238985340029369046e-03
9.594930255624548598e-01 2.907963352153515313e-01 4.394768339257072373e-03
9.544568260392114478e-01 3.072109034747455558e-01 4.549249073778982924e-03
9.491400300076039409e-01 3.235351311691634368e-01 4.702381767619433564e-03
9.435442753387072168e-01 3.397642439495935363e-01 4.854121044256492004e-03
9.376712803639447591e-01 3.558934977618944950e-01 5.004421940067562205e-03
9.315228432945547032e-01 3.719181801755969685e-01 5.153239917653582025e-03
9.251008416201196294e-01 3.878336117008192030e-01 5.300530879035912982e-03
9.184072314863367392e-01 4.036351470932109664e-01 5.446251178724020869e-03
9.114440470523751392e-01 4.193181766464322280e-01 5.590357636648145452e-03
9.042133998280145191e-01 4.348781274720485146e-01 5.732807550954672864e-03
8.967174779908612114e-01 4.503104647664975535e-01 5.873558710659790641e-03
8.889585456839440569e-01 4.656106930647933573e-01 6.012569408157103328e-03
8.809389422938816994e-01 4.807743574808645004e-01 6.149798451576961311e-03
8.726610817099973438e-01 4.957970449340674546e-01 6.285205176992040253e-03
8.641274515645495091e-01 5.106743853618275208e-01 6.418749460467393884e-03
8.553406124544640221e-01 5.254020529179637133e-01 6.550391729949651964e-03
8.463031971447563251e-01 5.399757671566162154e-01 6.680092976993240970e-03
8.370179097539641733e-01 5.543912942014745937e-01 6.807814768319585610e-03
8.274875249219068030e-01 5.686444479000219987e-01 6.933519257205349000e-03
8.177148869599614178e-01 5.827310909627201330e-01 7.057169194697652387e-03
8.077029089842605591e-01 5.966471360867341422e-01 7.178727940651331331e-03
7.974545720319696773e-01 6.103885470641718936e-01 7.298159474586608970e-03
7.869729241610540216e-01 6.239513398744535033e-01 7.415428406362382062e-03
7.762610795337232528e-01 6.373315837607538281e-01 7.530499986663252363e-03
7.653222174838771874e-01 6.505254022902616784e-01 7.643340117296619669e-03
7.541595815688886262e-01 6.635289743980146149e-01 7.753915361296395692e-03
7.427764786058993485e-01 6.763385354142590344e-01 7.862192952831465256e-03
7.311762776930522678e-01 6.889503780749930417e-01 7.968140806914590993e-03
7.193624092158363847e-01 7.013608535156534707e-01 8.071727528910022445e-03
7.073383638388757166e-01 7.135663722477177950e-01 8.172922423836530975e-03
6.951076914835035980e-01 7.255634051180107624e-01 8.271695505462705461e-03
6.826740002912868865e-01 7.373484842506793369e-01 8.368017505192840849e-03
6.700409555739421652e-01 7.489182039715240879e-01 8.461859880739538986e-03
6.572122787497736152e-01 7.602692217146937992e-01 8.553194824581720687e-03
6.441917462670769812e-01 7.713982589114463106e-01 8.641995272204314182e-03
6.309831885146703900e-01 7.823021018609523924e-01 8.728234910118185322e-03
6.175904887198893078e-01 7.929776025829546882e-01 8.811888183657485413e-03
6.040175818343894720e-01 8.034216796521029824e-01 8.892930304551811133e-03
5.902684534079076784e-01 8.136313190139498053e-01 8.971337258271776596e-03
5.763471384504379458e-01 8.236035747823376996e-01 9.047085811144770992e-03
5.622577202829311949e-01 8.333355700181995784e-01 9.120153517239848809e-03
5.480043293769757407e-01 8.428244974895164887e-01 9.190518725018735971e-03
5.335911421836077029e-01 8.520676204124263409e-01 9.258160583751730635e-03
5.190223799515850667e-01 8.610622731733232893e-01 9.323059049696318101e-03
5.043023075354753360e-01 8.698058620318089851e-01 9.385194892036362660e-03
4.894352321936867312e-01 8.782958658044796030e-01 9.444549698580825131e-03
4.744255023769152202e-01 8.865298365293320382e-01 9.501105881219497687e-03
4.592775065070939244e-01 8.945054001108099229e-01 9.554846681134930228e-03
4.439956717473158010e-01 9.022202569452796306e-01 9.605756173768261949e-03
4.285844627628600523e-01 9.096721825269316053e-01 9.653819273538088996e-03
4.130483804736590492e-01 9.168590280339844467e-01 9.699021738310701149e-03
3.973919607985557101e-01 9.237787208950692941e-01 9.741350173620202599e-03
3.816197733914670209e-01 9.304292653357906229e-01 9.780792036637720593e-03
3.657364203699349781e-01 9.368087429052872617e-01 9.817335639887988033e-03
3.497465350361356751e-01 9.429153129828090618e-01 9.850970154712715421e-03
3.336547805908263720e-01 9.487472132641413536e-01 9.881685614479251631e-03
3.174658488403468426e-01 9.543027602278755239e-01 9.909472917533962769e-03
3.011844588970160608e-01 9.595803495814246853e-01 9.934323829899279618e-03
2.848153558732704482e-01 9.645784566866910659e-01 9.956230987713520289e-03
2.683633095696535409e-01 9.692956369653773496e-01 9.975187899413047454e-03
2.518331131571417414e-01 9.737305262838057418e-01 9.991188947655783512e-03
2.352295818538677474e-01 9.778818413172545299e-01 1.000422939098581827e-02
2.185575515967293769e-01 9.817483798936803563e-01 1.001430536523834937e-02
2.018218777079900383e-01 9.853290213168269807e-01 1.002141388468474545e-02
1.850274335572153761e-01 9.886227266686350434e-01 1.002555284291728813e-02
1.681791092188940073e-01 9.916285390908884390e-01 1.002672101347332201e-02
1.512818101258454062e-01 9.943455840460817541e-01 1.002491805019870182e-02
