1.568117924076952441e-01 9.847581652453405443e-01 -4.997391900281919659e-03
1.397538727836544481e-01 9.874120463749060939e-01 -4.847022411821227603e-03
1.226541672299999858e-01 9.897708766739101716e-01 -4.695216646012592698e-03
1.055177955191721612e-01 9.918340283154218895e-01 -4.542019586180679087e-03
8.834988580837897787e-02 9.936009628624239420e-01 -4.387476627920560562e-03
7.115557306042201435e-02 9.950712313409376675e-01 -4.231633565646088398e-03
5.393999746551250696e-02 9.962444742846420231e-01 -4.074536579019991805e-03
3.670830286461766734e-02 9.971204217510698520e-01 -3.916232219269821443e-03
1.946563517486602640e-02 9.976988933094920187e-01 -3.756767395393868520e-03
2.217140817535723403e-03 9.979797980005957747e-01 -3.596189360260987344e-03
-1.503203485084720487e-02 9.979631342680825856e-01 -3.434545696608529760e-03
-3.227674910378999784e-02 9.976489898623228658e-01 -3.271884302942608142e-03
-4.951186340597638763e-02 9.970375417162010701e-01 -3.108253379344670317e-03
-6.673224496976740139e-02 9.961290557933166756e-01 -2.943701413188839003e-03
-8.393276830656051790e-02 9.949238869086911574e-01 -2.778277164773991764e-03
-1.011083167725060072e-01 9.934224785221652532e-01 -2.612029652875089581e-03
-1.182537841080974067e-01 9.916253625046582698e-01 -2.445008140217832387e-03
-1.353640759711449149e-01 9.895331588774849418e-01 -2.277262118881023031e-03
-1.524341114626608096e-01 9.871465755249286822e-01 -2.108841295631047174e-03
-1.694588246451800284e-01 9.844664078802786156e-01 -1.939795577192661956e-03
-1.864331660530530455e-01 9.814935385855469985e-01 -1.770175055460528231e-03
-2.033521041942544794e-01 9.782289371250909582e-01 -1.600029992655955255e-03
-2.202106270432511448e-01 9.746736594333754722e-01 -1.429410806433091411e-03
-2.370037435244906066e-01 9.708288474771106236e-01 -1.258368054939069947e-03
-2.537264849860677018e-01 9.666957288120192615e-01 -1.086952421832554534e-03
-2.703739066631409838e-01 9.622756161144866427e-01 -9.152147012650952785e-04
-2.869410891306774514e-01 9.575699066883531785e-01 -7.432057828297091882e-04
-3.034231397451049861e-01 9.525800819471257341e-01 -5.709766364811673075e-04
-3.198151940744709543e-01 9.473077068718768201e-01 -3.985782974325509376e-04
-3.361124173167008844e-01 9.417544294451211107e-01 -2.260618510323900968e-04
-3.523100057055660317e-01 9.359219800609522855e-01 -5.347841762694510292e-05
-3.684031879039783020e-01 9.298121709117409539e-01 1.191208625878015454e-04
-3.843872263842288972e-01 9.234268953516907574e-01 2.916848447201157496e-04
-4.002574187948081397e-01 9.167681272375600710e-01 4.641623943378647764e-04
-4.160090993134403226e-01 9.098379202468611648e-01 6.365024026207356323e-04
-4.316376399859839785e-01 9.026384071738560166e-01 8.086538015048629112e-04
-4.471384520508484006e-01 8.951717992036652971e-01 9.805655788154173363e-04
-4.625069872485969569e-01 8.874403851648222652e-01 1.152186793382639022e-03
-4.777387391163995245e-01 8.794465307605981996e-01 1.323466590136753622e-03
-4.928292442670200724e-01 8.711926777794385401e-01 1.494354215177453801e-03
-5.077740836520252543e-01 8.626813432848440266e-01 1.664799030813400235e-03
-5.225688838089080912e-01 8.539151187850443359e-01 1.834750530567211052e-03
-5.372093180918369182e-01 8.448966693828044994e-01 2.004158354141646371e-03
-5.516911078857338335e-01 8.356287329057199287e-01 2.172972302342470081e-03
-5.660100238034110331e-01 8.261141190173483251e-01 2.341142351953534942e-03
-5.801618868654891958e-01 8.163557083095339673e-01 2.508618670559726021e-03
-5.941425696628371833e-01 8.063564513762863095e-01 2.675351631313396816e-03
-6.079479975012798132e-01 7.961193678695667186e-01 2.841291827639900319e-03
-6.215741495283247930e-01 7.856475455373522765e-01 3.006390087877774345e-03
-6.350170598416704504e-01 7.749441392443374710e-01 3.170597489849390476e-03
-6.482728185792673292e-01 7.640123699756418141e-01 3.333865375357673855e-03
-6.613375729907082778e-01 7.528555238238917591e-01 3.496145364604531444e-03
-6.742075284897350862e-01 7.414769509600426245e-01 3.657389370526851428e-03
-6.868789496876535061e-01 7.298800645883183336e-01 3.817549613045757764e-03
-6.993481614074590347e-01 7.180683398856327893e-01 3.976578633224858543e-03
-7.116115496784853889e-01 7.060453129258718041e-01 4.134429307333337827e-03
-7.236655627113856015e-01 6.938145795894054002e-01 4.291054860809754082e-03
-7.355067118532824244e-01 6.813797944582028476e-01 4.446408882122372327e-03
-7.471315725229067395e-01 6.687446696969305826e-01 4.600445336521854535e-03
-7.585367851255744309e-01 6.559129739203986009e-01 4.753118579682375638e-03
-7.697190559478435112e-01 6.428885310477384651e-01 4.904383371227043036e-03
-7.806751580317055073e-01 6.296752191436804091e-01 5.054194888133547309e-03
-7.914019320281802106e-01 6.162769692473026861e-01 5.202508738016245124e-03
-8.018962870301675760e-01 6.026977641886362980e-01 5.349280972280528318e-03
-8.121552013844511864e-01 5.889416373934828197e-01 5.494468099145792886e-03
-8.221757234827192784e-01 5.750126716768297896e-01 5.638027096532947750e-03
-8.319549725315025235e-01 5.609149980252294831e-01 5.779915424812801308e-03
-8.414901393009222019e-01 5.466527943685082214e-01 5.920091039411498959e-03
-8.507784868521481858e-01 5.322302843411835793e-01 6.058512403269190015e-03
-8.598173512434799104e-01 5.176517360339475404e-01 6.195138499148379954e-03
-8.686041422149624047e-01 5.029214607355890765e-01 6.329928841788238364e-03
-8.771363438514602207e-01 4.880438116657190850e-01 6.462843489901222253e-03
-8.854115152241168740e-01 4.730231826986570076e-01 6.593843058008557433e-03
-8.934272910101304088e-01 4.578640070788474459e-01 6.722888728111018307e-03
-9.011813820907889072e-01 4.425707561281637670e-01 6.849942261191518424e-03
-9.086715761277049941e-01 4.271479379454541370e-01 6.974966008546168092e-03
-9.158957381172032619e-01 4.116000960986929691e-01 7.097922922940387742e-03
-9.228518109228173172e-01 3.959318083100833441e-01 7.218776569586818348e-03
-9.295378157858527057e-01 3.801476851344711139e-01 7.337491136941721656e-03
-9.359518528139860738e-01 3.642523686314170228e-01 7.454031447316719107e-03
-9.420921014478689237e-01 3.482505310312729585e-01 7.568362967302708771e-03
-9.479568209057144257e-01 3.321468733956149388e-01 7.680451818002830867e-03
-9.535443506058457475e-01 3.159461242723668462e-01 7.790264785071553642e-03
-9.588531105671920240e-01 2.996530383459659053e-01 7.897769328556774465e-03
-9.638816017877229747e-01 2.832723950829039161e-01 8.002933592542125010e-03
-9.686284066008136184e-01 2.668089973729805275e-01 8.105726414586553186e-03
-9.730921890095404203e-01 2.502676701666079473e-01 8.206117334958433138e-03
-9.772716949989106450e-01 2.336532591084907184e-01 8.304076605661448590e-03
-9.811657528260311345e-01 2.169706291680200683e-01 8.399575199249555493e-03
-9.847732732882258366e-01 2.002246632667027681e-01 8.492584817428445315e-03
-9.880932499691192916e-01 1.834202609029526032e-01 8.583077899440941586e-03
-9.911247594627025093e-01 1.665623367745680816e-01 8.671027630233838629e-03
-9.938669615754004427e-01 1.496558193992106600e-01 8.756407948403795508e-03
-9.963190995061717015e-01 1.327056497332098628e-01 8.839193553919877377e-03
-9.984805000046622636e-01 1.157167797890039374e-01 8.919359915620513404e-03
-1.000350573507448937e+00 9.869417125153126524e-02 8.996883278482600485e-03
-1.001928814252406319e+00 8.164279409388558451e-02 9.071740670660627739e-03
-1.003214800371232673e+00 6.456762519253682331e-02 9.143909910293740104e-03
-1.004208193960180129e+00 4.747364694243216138e-02 9.213369612078692317e-03
-1.004908741129026506e+00 3.036584587227497342e-02 9.280099193606785105e-03
-1.005316272028339064e+00 1.324921126028537517e-02 9.344078881462870162e-03
-1.005430700855077353e+00 -3.871266249256026352e-03 9.405289717084637166e-03
-1.005252025836589125e+00 -2.099059602839019323e-02 9.463713562380456773e-03
-1.004780329193047050e+00 -3.810378884648356335e-02 9.519333105104074363e-03
-1.004015777078390181e+00 -5.520585824956701637e-02 9.572131863984617572e-03
-1.002958619499821902e+00 -7.229182193771657716e-02 9.622094193610337270e-03
-1.001609190215931200e+00 -8.935670314018401283e-02 9.669205289064689013e-03
-9.999679066134953276e-01 -1.063955319879966305e-01 9.713451190313349831e-03
-9.980352695630325677e-01 -1.234033468837318070e-01 9.754818786340872794e-03
-9.958118632531711700e-01 -1.403751958681886680e-01 9.793295819035773703e-03
-9.932983550039045095e-01 -1.573061379836727114e-01 9.828870886822859906e-03
-9.904954950588021889e-01 -1.741912446336107423e-01 9.861533448041772537e-03
-9.874041163562542467e-01 -1.910256009382229336e-01 9.891273824070710013e-03
-9.840251342798189693e-01 -2.078043070859666441e-01 9.918083202194399525e-03
-9.803595463877569083e-01 -2.245224796804819178e-01 9.941953638215515060e-03
-9.764084321218250428e-01 -2.411752530827618035e-01 9.962878058808693690e-03
-9.721729524954179080e-01 -2.577577807482722139e-01 9.980850263616529092e-03
-9.676543497611320710e-01 -2.742652365587548435e-01 9.995864927086864013e-03
-9.628539470578455495e-01 -2.906928161484359507e-01 1.000791760005086996e-02
-9.577731480373928852e-01 -3.070357382243711908e-01 1.001700471104142835e-02
-9.524134364709272438e-01 -3.232892458806684299e-01 1.002312356735143850e-02
-9.467763758350616898e-01 -3.394486079062999928e-01 1.002627235583171926e-02
-9.408636088778741247e-01 -3.555091200862637857e-01 1.002645014342828933e-02
-9.346768571648816915e-01 -3.714661064957997527e-01 1.002365687745884054e-02
-9.282179206050681364e-01 -3.873149207874189703e-01 1.001789338562837292e-02
-9.214886769570680425e-01 -4.030509474704712658e-01 1.000916137578389611e-02
-9.144910813156098550e-01 -4.186696031829794662e-01 9.997463435408377591e-03
-9.072271655783115119e-01 -4.341663379554978608e-01 9.982803030854015686e-03
-8.996990378929397014e-01 -4.495366364667073844e-01 9.965184506315076865e-03
-8.919088820852323352e-01 -4.647760192905061039e-01 9.944613082540625093e-03
-8.838589570673934803e-01 -4.798800441343233913e-01 9.921094855287485026e-03
-8.755515962273741071e-01 -4.948443070683906653e-01 9.894636793513961193e-03
-8.669892067990401241e-01 -5.096644437457266141e-01 9.865246737314767658e-03
-8.581742692133551564e-01 -5.243361306125507992e-01 9.832933395597842977e-03
-8.491093364306804281e-01 -5.388550861088886590e-01 9.797706343503723506e-03
-8.397970332543168714e-01 -5.532170718590949665e-01 9.759576019568200200e-03
-8.302400556254129205e-01 -5.674178938520316740e-01 9.718553722629180019e-03
-8.204411698993496760e-01 -5.814534036106583370e-01 9.674651608478575943e-03
-8.104032121037427761e-01 -5.953194993507511246e-01 9.627882686260295919e-03
-8.001290871781767677e-01 -6.090121271285116045e-01 9.578260814615354238e-03
-7.896217681958066503e-01 -6.225272819767962984e-01 9.525800697575239825e-03
-7.788842955669660340e-01 -6.358610090297021067e-01 9.470517880204819966e-03
-7.679197762249027059e-01 -6.490094046352635759e-01 9.412428743995978134e-03
-7.567313827937982573e-01 -6.619686174559834546e-01 9.351550502013439639e-03
-7.453223527391972247e-01 -6.747348495569541749e-01 9.287901193794169397e-03
-7.336959875009985144e-01 -6.873043574813016976e-01 9.221499680001849289e-03
-7.218556516091599873e-01 -6.996734533126875988e-01 9.152365636838086585e-03
-7.098047717822526526e-01 -7.118385057246283676e-01 9.080519550211895580e-03
-6.975468360090379960e-01 -7.237959410163469220e-01 9.005982709669313815e-03
-6.850853926132081106e-01 -7.355422441349198648e-01 8.928777202084839035e-03
-6.724240493014566056e-01 -7.470739596834509166e-01 8.848925905116584653e-03
-6.595664721950512677e-01 -7.583876929150056290e-01 8.766452480427186847e-03
-6.465163848450583561e-01 -7.694801107120647909e-01 8.681381366672295125e-03
-6.332775672314117088e-01 -7.803479425512188650e-01 8.593737772258904992e-03
-6.198538547459836456e-01 -7.909879814528605335e-01 8.503547667875546723e-03
-6.062491371598448531e-01 -8.013970849156089038e-01 8.410837778796602729e-03
-5.924673575749005439e-01 -8.115721758352040238e-01 8.315635576963058967e-03
-5.785125113600761981e-01 -8.215102434076274607e-01 8.217969272841945533e-03
-5.643886450722627179e-01 -8.312083440161741610e-01 8.117867807066981786e-03
-5.500998553621997411e-01 -8.406636021022326766e-01 8.015360841862856356e-03
-5.356502878655029498e-01 -8.498732110195128531e-01 7.910478752255624413e-03
-5.210441360790487586e-01 -8.588344338714595239e-01 7.803252617071992567e-03
-5.062856402229045649e-01 -8.675446043316102918e-01 7.693714209729933876e-03
-4.913790860880421496e-01 -8.760011274466269482e-01 7.581895988823576793e-03
-4.763288038700324023e-01 -8.842014804217622759e-01 7.467831088505022183e-03
-4.611391669889507994e-01 -8.921432133885025539e-01 7.351553308665943753e-03
-4.458145908957317771e-01 -8.998239501541295260e-01 7.233097104921997270e-03
-4.303595318651809443e-01 -9.072413889329667969e-01 7.112497578402836654e-03
-4.147784857759103661e-01 -9.143933030590439826e-01 6.989790465350925394e-03
-3.990759868774164665e-01 -9.212775416799445782e-01 6.865012126532103569e-03
-3.832566065445577874e-01 -9.278920304315863010e-01 6.738199536461089365e-03
-3.673249520196926188e-01 -9.342347720936874378e-01 6.609390272445169433e-03
-3.512856651427157528e-01 -9.403038472256840530e-01 6.478622503449194513e-03
-3.351434210692799676e-01 -9.460974147828455916e-01 6.345934978785321146e-03
-3.189029269774527053e-01 -9.516137127123638351e-01 6.211367016630747750e-03
-3.025689207630892774e-01 -9.568510585291688519e-01 6.074958492376860732e-03
-2.861461697242103641e-01 -9.618078498712401281e-01 5.936749826813348535e-03
-2.696394692346488209e-01 -9.664825650341841712e-01 5.796781974150587435e-03
-2.530536414072818707e-01 -9.708737634848444431e-01 5.655096409884085087e-03
-2.363935337471222975e-01 -9.749800863537207984e-01 5.511735118504364553e-03
-2.196640177945813066e-01 -9.788002569059739422e-01 5.366740581056037539e-03
-2.028699877592173850e-01 -9.823330809907939720e-01 5.220155762549804311e-03
-1.860163591442640096e-01 -9.855774474689138476e-01 5.072024099230931261e-03
-1.691080673622805119e-01 -9.885323286180586200e-01 4.922389485708210735e-03
-1.521500663422291899e-01 -9.911967805161138179e-01 4.771296261947016552e-03
-1.351473271283178124e-01 -9.935699434018138154e-01 4.618789200130393041e-03
-1.181048364709520598e-01 -9.956510420127362426e-01 4.464913491392143163e-03
-1.010275954101178125e-01 -9.974393859004184737e-01 4.309714732425661866e-03
-8.392061785156706977e-02 -9.989343697223856955e-01 4.153238911972700551e-03
-6.678892913613855564e-02 -1.000135473510914252e+00 3.995532397195893787e-03
-4.963756460258032105e-02 -1.001042262918335091e+00 3.836641919939137030e-03
-3.247156814424783516e-02 -1.001654389438700665e+00 3.676614562879996877e-03
-1.529599076002491689e-02 -1.001971590605640117e+00 3.515497745578026641e-03
1.884110900130152311e-03 -1.001993690166228523e+00 3.353339210423385199e-03
1.906367599465479123e-02 -1.001720598230710024e+00 3.190187008489716886e-03
3.623764095447330746e-02 -1.001152311397907502e+00 3.026089485295550309e-03
5.340094095130851898e-02 -1.000288912856172940e+00 2.861095266478539886e-03
7.054851136983891768e-02 -9.991305724597246973e-01 2.695253243386569464e-03
8.767528928327274207e-02 -9.976775467802290187e-01 2.528612558590254741e-03
1.047762149319533265e-01 -9.959301791334947973e-01 2.361222591320909833e-03
1.218462332045747165e-01 -9.938888995811456795e-01 2.193132942838390675e-03
1.388802951215812043e-01 -9.915542249071502834e-01 2.024393421733231436e-03
1.558733593203502910e-01 -9.889267585690943996e-01 1.855054029167216029e-03
1.728203935417056969e-01 -9.860071906240837070e-01 1.685164944057013833e-03
1.897163761173508711e-01 -9.827962976291754194e-01 1.514776508205057477e-03
2.065562974577772049e-01 -9.792949425162464916e-01 1.343939211382157162e-03
2.233351615401982793e-01 -9.755040744412074583e-01 1.172703676366349196e-03
2.400479873960860711e-01 -9.714247286074839671e-01 1.001120643942206940e-03
2.566898105978346889e-01 -9.670580260636955083e-01 8.292409578653116677e-04
2.732556847441194314e-01 -9.624051734754650589e-01 6.571155497961239916e-04
2.897406829434858166e-01 -9.574674628713040203e-01 4.847954242078079284e-04
3.061398992956987919e-01 -9.522462713625292619e-01 3.123316432725656961e-04
3.224484503704097560e-01 -9.467430608371667500e-01 1.397753117307440514e-04
3.386614766826475109e-01 -9.409593776278184496e-01 -3.282243825254173140e-05
3.547741441646843907e-01 -9.348968521534649634e-01 -2.054104622389981360e-04
3.707816456337935107e-01 -9.285571985351972479e-01 -3.779376186723812391e-04
3.866792022554140784e-01 -9.219422141858699682e-01 -5.503527840327808018e-04
4.024620650012641909e-01 -9.150537793736828185e-01 -7.226048679856945586e-04
4.181255161018958555e-01 -9.078938567597086839e-01 -8.946428285211339331e-04
4.336648704932277720e-01 -9.004644909093889593e-01 -1.066415687078499808e-03
4.490754772565619390e-01 -8.927678077780316634e-01 -1.237872543652658152e-03
4.643527210515879800e-01 -8.848060141703608661e-01 -1.408962591876645500e-03
4.794920235419053989e-01 -8.765813971741626132e-01 -1.579635134076765555e-03
4.944888448125485114e-01 -8.680963235681022905e-01 -1.749839596295340357e-03
5.093386847790432048e-01 -8.593532392037773748e-01 -1.919525543276892707e-03
5.240370845874927630e-01 -8.503546683620960556e-01 -2.088642693413226073e-03
5.385796280051905471e-01 -8.411032130840763177e-01 -2.257140933642892092e-03
5.529619428012891857e-01 -8.316015524761645183e-01 -2.424970334300837697e-03
5.671797021170015274e-01 -8.218524419901979128e-01 -2.592081163913582779e-03
5.812286258248647863e-01 -8.118587126781290353e-01 -2.758423903935759008e-03
5.951044818765616196e-01 -8.016232704216500471e-01 -2.923949263423544168e-03
6.088030876387983126e-01 -7.911490951368703728e-01 -3.088608193640574994e-03
6.223203112167682294e-01 -7.804392399541945080e-01 -3.252351902592214624e-03
6.356520727646816082e-01 -7.694968303735794102e-01 -3.415131869483612782e-03
6.487943457828942995e-01 -7.583250633953436681e-01 -3.576899859097492935e-03
6.617431584011363999e-01 -7.469272066267169663e-01 -3.737607936087308791e-03
6.744945946473492882e-01 -7.353065973643423403e-01 -3.897208479181477146e-03
6.870447957016565521e-01 -7.234666416529283994e-01 -4.055654195294607425e-03
6.993899611349828627e-01 -7.114108133202802220e-01 -4.212898133541494346e-03
7.115263501318317418e-01 -6.991426529889489538e-01 -4.368893699149616235e-03
7.234502826967628142e-01 -6.866657670647304812e-01 -4.523594667266240231e-03
7.351581408440764909e-01 -6.739838267022818519e-01 -4.676955196655783673e-03
7.466463697702505620e-01 -6.611005667481127945e-01 -4.828929843283591428e-03
7.579114790086558529e-01 -6.480197846612284485e-01 -4.979473573781999229e-03
7.689500435660837629e-01 -6.347453394117226200e-01 -5.128541778794647177e-03
7.797587050406421527e-01 -6.212811503575993433e-01 -5.276090286195250431e-03
7.903341727205485112e-01 -6.076311961001548134e-01 -5.422075374176697597e-03
8.006732246633859740e-01 -5.937995133182181196e-01 -5.566453784206800044e-03
8.107727087553755485e-01 -5.797901955815917274e-01 -5.709182733846736128e-03
8.206295437502170165e-01 -5.656073921440352148e-01 -5.850219929428379130e-03
8.302407202870818459e-01 -5.512553067161312104e-01 -5.989523578586839966e-03
8.396033018873246823e-01 -5.367381962184004651e-01 -6.127052402644463797e-03
8.487144259294859827e-01 -5.220603695150450863e-01 -6.262765648842559540e-03
8.575713046021913311e-01 -5.072261861286807560e-01 -6.396623102417356432e-03
8.661712258345191096e-01 -4.922400549364735478e-01 -6.528585098516473569e-03
8.745115542034557210e-01 -4.771064328480611461e-01 -6.658612533952487644e-03
8.825897318180374596e-01 -4.618298234656763590e-01 -6.786666878790069586e-03
8.904032791797914514e-01 -4.464147757269027461e-01 -6.912710187763193743e-03
8.979497960191106243e-01 -4.308658825304692574e-01 -7.036705111519185249e-03
9.052269621071824535e-01 -4.151877793455467924e-01 -7.158614907686098802e-03
9.122325380431185460e-01 -3.993851428049757790e-01 -7.278403451760296836e-03
9.189643660159338978e-01 -3.834626892828854605e-01 -7.396035247810931086e-03
9.254203705410273262e-01 -3.674251734571813421e-01 -7.511475438998120070e-03
9.315985591708380031e-01 -3.512773868573518254e-01 -7.624689817901822257e-03
9.374970231793477993e-01 -3.350241563981006254e-01 -7.735644836658198305e-03
9.431139382201173538e-01 -3.186703428992740950e-01 -7.844307616900577512e-03
9.484475649575540013e-01 -3.022208395925894409e-01 -7.950645959502049970e-03
9.534962496711096858e-01 -2.856805706156770319e-01 -8.054628354116724967e-03
9.582584248321349696e-01 -2.690544894939288501e-01 -8.156223988516961634e-03
9.627326096531040323e-01 -2.523475776106974267e-01 -8.255402757723672227e-03
9.669174106089570842e-01 -2.355648426663521644e-01 -8.352135272927080356e-03
9.708115219303029564e-01 -2.187113171267335565e-01 -8.446392870195280900e-03
9.744137260682390611e-01 -2.017920566615547251e-01 -8.538147618967952684e-03
9.777228941305654564e-01 -1.848121385732749422e-01 -8.627372330332810924e-03
9.807379862891663080e-01 -1.677766602170221444e-01 -8.714040565082245907e-03
9.834580521583563550e-01 -1.506907374121023990e-01 -8.798126641547845961e-03
9.858822311439968678e-01 -1.335595028456658673e-01 -8.879605643210435051e-03
9.880097527631965804e-01 -1.163881044691085498e-01 -8.958453426083350796e-03
9.898399369344258458e-01 -9.918170388775933433e-02 -9.034646625866862152e-03
9.913721942378851404e-01 -8.194547474445776358e-02 -9.108162664871488970e-03
9.926060261459830336e-01 -6.468460109758153442e-02 -9.178979758708257983e-03
9.935410252237848461e-01 -4.740427579411912729e-02 -9.247076922743917640e-03
9.941768752993156433e-01 -3.010969883838593777e-02 -9.312433978319101247e-03
9.945133516036026577e-01 -1.280607575695477326e-02 -9.375031558727726227e-03
9.945503208803644357e-01 4.501384039576505902e-03 -9.434851114955749088e-03
9.942877414652629975e-01 2.180746889740345362e-02 -9.491874921177641949e-03
9.937256633346461809e-01 3.910696656230944895e-02 -9.546086080008954824e-03
9.928642281237256562e-01 5.639466582382357540e-02 -9.597468527513348599e-03
9.917036691141409843e-01 7.366535816015895577e-02 -9.646007037962707475e-03
9.902443111908870721e-01 9.091383938329798686e-02 -9.691687228348833810e-03
9.884865707685762670e-01 1.081349112836388071e-01 -9.734495562645458996e-03
9.864309556870394236e-01 1.253233832735849984e-01 -9.774419355819253738e-03
9.840780650762690485e-01 1.424740740294605790e-01 -9.811446777588670246e-03
9.814285891907275072e-01 1.595818131311625976e-01 -9.845566855929525213e-03
9.784833092130567067e-01 1.766414426989153796e-01 -9.876769480326234169e-03
9.752430970272355504e-01 1.936478190265395194e-01 -9.905045404767776063e-03
9.717089149612487819e-01 2.105958142106183206e-01 -9.930386250487499913e-03
9.678818154993403811e-01 2.274803177749460947e-01 -9.952784508445914821e-03
9.637629409639413280e-01 2.442962382896741447e-01 -9.972233541555797220e-03
9.593535231673741004e-01 2.610385049845242444e-01 -9.988727586648888518e-03
9.546548830334448121e-01 2.777020693554898556e-01 -1.000226175618365923e-02
9.496684301890557789e-01 2.942819067644166231e-01 -1.001283203969358451e-02
9.443956625259766202e-01 3.107730180308563295e-01 -1.002043530497553382e-02
9.388381657329297747e-01 3.271704310156229867e-01 -1.002506929901791390e-02
9.329976127981560730e-01 3.434692021954344754e-01 -1.002673264866827882e-02
9.268757634826411129e-01 3.596644182280743784e-01 -1.002542486104023196e-02
9.204744637641947280e-01 3.757511975074826482e-01 -1.002114632365946716e-02
9.137956452525933804e-01 3.917246917081896873e-01 -1.001389830434895427e-02
9.068413245759933128e-01 4.075800873185383977e-01 -1.000368295085323281e-02
8.996136027388598189e-01 4.233126071621040598e-01 -9.990503290202016468e-03
8.921146644516410040e-01 4.389175119067657560e-01 -9.974363227813193636e-03
8.843467774324506037e-01 4.543901015608655114e-01 -9.955267546335581225e-03
8.763122916810265339e-01 4.697257169558934908e-01 -9.933221904231718039e-03
8.680136387252369579e-01 4.849197412151744491e-01 -9.908232834101145248e-03
8.594533308404365135e-01 4.999676012079914966e-01 -9.880307740744649278e-03
8.506339602419646928e-01 5.148647689886328704e-01 -9.849454898970067332e-03
8.415581982511045611e-01 5.296067632198306896e-01 -9.815683451140273102e-03
8.322287944348321087e-01 5.441891505800631190e-01 -9.779003404464105959e-03
8.226485757196797532e-01 5.586075471542274462e-01 -9.739425628031019022e-03
8.128204454800779244e-01 5.728576198071616554e-01 -9.696961849590325644e-03
8.027473826015170122e-01 5.869350875395326073e-01 -9.651624652076024394e-03
7.924324405189058229e-01 6.008357228256018256e-01 -9.603427469878187892e-03
7.818787462305089031e-01 6.145553529323788400e-01 -9.552384584862093353e-03
7.710894992878375431e-01 6.280898612197135522e-01 -9.498511122136156504e-03
7.600679707619106829e-01 6.414351884208429055e-01 -9.441823045570070516e-03
7.488175021862777392e-01 6.545873339029614213e-01 -9.382337153064355603e-03
7.373415044772281268e-01 6.675423569073626329e-01 -9.320071071572764293e-03
7.256434568316171285e-01 6.802963777687156544e-01 -9.255043251879062002e-03
7.137269056027301106e-01 6.928455791130704311e-01 -9.187272963129633138e-03
7.015954631546470477e-01 7.051862070341576860e-01 -9.116780287123638776e-03
6.892528066955418975e-01 7.173145722476009789e-01 -9.043586112362339210e-03
6.767026770903840083e-01 7.292270512226395329e-01 -8.967712127859369872e-03
6.639488776535160675e-01 7.409200872909780244e-01 -8.889180816713840652e-03
6.509952729215663370e-01 7.523901917324038457e-01 -8.808015449448083553e-03
6.378457874071974398e-01 7.636339448368008043e-01 -8.724240077112107791e-03
6.245044043341654305e-01 7.746479969422195300e-01 -8.637879524156769420e-03
6.109751643541880828e-01 7.854290694486658619e-01 -8.548959381077711125e-03
5.972621642461372060e-01 7.959739558072750354e-01 -8.457505996832389780e-03
5.833695555980399350e-01 8.062795224845710207e-01 -8.363546471032271695e-03
5.693015434724257862e-01 8.163427099014920474e-01 -8.267108645912672749e-03
5.550623850555242988e-01 8.261605333469068668e-01 -8.168221098082475984e-03
5.406563882908387297e-01 8.357300838653347608e-01 -8.066913130056266312e-03
5.260879104976391440e-01 8.450485291186000669e-01 -7.963214761571380321e-03
5.113613569748827192e-01 8.541131142211759730e-01 -7.857156720692384799e-03
4.964811795911301395e-01 8.629211625489633386e-01 -7.748770434705718781e-03
4.814518753609732804e-01 8.714700765212828326e-01 -7.638088020807089901e-03
4.662779850085330136e-01 8.797573383558577875e-01 -7.525142276584453546e-03
4.509640915185798571e-01 8.877805107965798248e-01 -7.409966670299397186e-03
4.355148186758137641e-01 8.955372378138696243e-01 -7.292595330969748810e-03
4.199348295928759245e-01 9.030252452774422123e-01 -7.173063038256435701e-03
4.042288252276355909e-01 9.102423416013162294e-01 -7.051405212157513952e-03
3.884015428903141998e-01 9.171864183609061971e-01 -6.927657902512434837e-03
3.724577547410178324e-01 9.238554508820493449e-01 -6.801857778319745154e-03
3.564022662782197481e-01 9.302474988018459845e-01 -6.674042116871219989e-03
3.402399148187801869e-01 9.363607066011792046e-01 -6.544248792705840111e-03
3.239755679700477842e-01 9.421933041088184080e-01 -6.412516266386731299e-03
3.076141220946149724e-01 9.477436069770066585e-01 -6.278883573104450042e-03
2.911605007683015223e-01 9.530100171284460187e-01 -6.143390311110059031e-03
2.746196532319090111e-01 9.579910231746175953e-01 -6.006076629981256347e-03
2.579965528373377448e-01 9.626852008053693455e-01 -5.866983218725242005e-03
2.412961954886067295e-01 9.670912131497321207e-01 -5.726151293721656876e-03
2.245235980783507612e-01 9.712078111079267551e-01 -5.583622586509268994e-03
2.076837969203622902e-01 9.750338336545383289e-01 -5.439439331420062307e-03
1.907818461787194608e-01 9.785682081128509457e-01 -5.293644253064231156e-03
1.738228162940828048e-01 9.818099504003406919e-01 -5.146280553670019159e-03
1.568117924076961600e-01 9.847581652453405443e-01 -4.997391900281930067e-03
1.397538727836549199e-01 9.874120463749060939e-01 -4.847022411821228470e-03
1.226541672300011376e-01 9.897708766739099495e-01 -4.695216646012603107e-03
1.055177955191728273e-01 9.918340283154218895e-01 -4.542019586180680822e-03
8.834988580837943584e-02 9.936009628624239420e-01 -4.387476627920563164e-03
7.115557306042294416e-02 9.950712313409376675e-01 -4.231633565646098806e-03
5.393999746551297880e-02 9.962444742846419121e-01 -4.074536579019993540e-03
3.670830286461879144e-02 9.971204217510698520e-01 -3.916232219269831852e-03
1.946563517486671682e-02 9.976988933094920187e-01 -3.756767395393878495e-03
2.217140817536190477e-03 9.979797980005957747e-01 -3.596189360260989079e-03
-1.503203485084629240e-02 9.979631342680825856e-01 -3.434545696608540168e-03
-3.227674910378953294e-02 9.976489898623228658e-01 -3.271884302942610744e-03
-4.951186340597526353e-02 9.970375417162010701e-01 -3.108253379344680725e-03
-6.673224496976670750e-02 9.961290557933166756e-01 -2.943701413188840738e-03
-8.393276830656003218e-02 9.949238869086911574e-01 -2.778277164773993932e-03
-1.011083167725050913e-01 9.934224785221652532e-01 -2.612029652875100423e-03
-1.182537841080967267e-01 9.916253625046583808e-01 -2.445008140217834990e-03
-1.353640759711438046e-01 9.895331588774851639e-01 -2.277262118881033873e-03
-1.524341114626601157e-01 9.871465755249289042e-01 -2.108841295631058016e-03
-1.694588246451796121e-01 9.844664078802786156e-01 -1.939795577192663907e-03
-1.864331660530521850e-01 9.814935385855469985e-01 -1.770175055460539507e-03
-2.033521041942529251e-01 9.782289371250911802e-01 -1.600029992655975205e-03
-2.202106270432491741e-01 9.746736594333759163e-01 -1.429410806433111577e-03
-2.370037435244898849e-01 9.708288474771106236e-01 -1.258368054939072549e-03
-2.537264849860663696e-01 9.666957288120195946e-01 -1.086952421832565810e-03
-2.703739066631392629e-01 9.622756161144870868e-01 -9.152147012651154446e-04
-2.869410891306767852e-01 9.575699066883531785e-01 -7.432057828297116819e-04
-3.034231397451039314e-01 9.525800819471259562e-01 -5.709766364811785832e-04
-3.198151940744694555e-01 9.473077068718774862e-01 -3.985782974325712122e-04
-3.361124173167004958e-01 9.417544294451212217e-01 -2.260618510323925362e-04
-3.523100057055651990e-01 9.359219800609527296e-01 -5.347841762695645994e-05
-3.684031879039768587e-01 9.298121709117416200e-01 1.191208625877812708e-04
-3.843872263842270098e-01 9.234268953516916456e-01 2.916848447200954750e-04
-4.002574187948074735e-01 9.167681272375602930e-01 4.641623943378623911e-04
-4.160090993134393234e-01 9.098379202468616089e-01 6.365024026207243566e-04
-4.316376399859821467e-01 9.026384071738567938e-01 8.086538015048427451e-04
-4.471384520508477900e-01 8.951717992036656302e-01 9.805655788154147342e-04
-4.625069872485959577e-01 8.874403851648228203e-01 1.152186793382627313e-03
-4.777387391163980812e-01 8.794465307605988658e-01 1.323466590136733673e-03
-4.928292442670197948e-01 8.711926777794386512e-01 1.494354215177451416e-03
-5.077740836520241441e-01 8.626813432848445817e-01 1.664799030813388959e-03
-5.225688838089066479e-01 8.539151187850451130e-01 1.834750530567191102e-03
-5.372093180918352529e-01 8.448966693828056096e-01 2.004158354141626422e-03
-5.516911078857332784e-01 8.356287329057202617e-01 2.172972302342467479e-03
-5.660100238034100339e-01 8.261141190173488802e-01 2.341142351953524100e-03
-5.801618868654876415e-01 8.163557083095350775e-01 2.508618670559706505e-03
-5.941425696628366282e-01 8.063564513762867536e-01 2.675351631313394214e-03
-6.079479975012790360e-01 7.961193678695673848e-01 2.841291827639889477e-03
-6.215741495283235718e-01 7.856475455373532757e-01 3.006390087877755697e-03
-6.350170598416702283e-01 7.749441392443376930e-01 3.170597489849388308e-03
-6.482728185792664410e-01 7.640123699756427023e-01 3.333865375357663446e-03
-6.613375729907070566e-01 7.528555238238928693e-01 3.496145364604512796e-03
-6.742075284897336429e-01 7.414769509600440678e-01 3.657389370526832346e-03
-6.868789496876529510e-01 7.298800645883187777e-01 3.817549613045755161e-03
-6.993481614074583685e-01 7.180683398856335664e-01 3.976578633224847267e-03
-7.116115496784839456e-01 7.060453129258732474e-01 4.134429307333319613e-03
-7.236655627113852685e-01 6.938145795894058443e-01 4.291054860809751480e-03
-7.355067118532816473e-01 6.813797944582037358e-01 4.446408882122361919e-03
-7.471315725229057403e-01 6.687446696969316928e-01 4.600445336521836320e-03
-7.585367851255742089e-01 6.559129739203988230e-01 4.753118579682373036e-03
-7.697190559478428451e-01 6.428885310477393533e-01 4.904383371227032627e-03
-7.806751580317050632e-01 6.296752191436812973e-01 5.054194888133537768e-03
-7.914019320281791003e-01 6.162769692473043515e-01 5.202508738016228644e-03
-8.018962870301672430e-01 6.026977641886369641e-01 5.349280972280526583e-03
-8.121552013844502982e-01 5.889416373934837079e-01 5.494468099145784212e-03
-8.221757234827180572e-01 5.750126716768314550e-01 5.638027096532930403e-03
-8.319549725315021904e-01 5.609149980252299272e-01 5.779915424812798706e-03
-8.414901393009216468e-01 5.466527943685092206e-01 5.920091039411490286e-03
-8.507784868521474086e-01 5.322302843411848006e-01 6.058512403269174403e-03
-8.598173512434795773e-01 5.176517360339477625e-01 6.195138499148377352e-03
-8.686041422149619606e-01 5.029214607355899647e-01 6.329928841788229690e-03
-8.771363438514595545e-01 4.880438116657205283e-01 6.462843489901207508e-03
-8.854115152241157638e-01 4.730231826986586174e-01 6.593843058008540953e-03
-8.934272910101301868e-01 4.578640070788480565e-01 6.722888728111013103e-03
-9.011813820907884631e-01 4.425707561281647662e-01 6.849942261191508883e-03
-9.086715761277042169e-01 4.271479379454559688e-01 6.974966008546154214e-03
-9.158957381172030399e-01 4.116000960986935797e-01 7.097922922940382538e-03
-9.228518109228168731e-01 3.959318083100843433e-01 7.218776569586810542e-03
-9.295378157858523727e-01 3.801476851344726127e-01 7.337491136941710380e-03
-9.359518528139860738e-01 3.642523686314172449e-01 7.454031447316719107e-03
-9.420921014478685906e-01 3.482505310312739577e-01 7.568362967302700098e-03
-9.479568209057139816e-01 3.321468733956164376e-01 7.680451818002821326e-03
-9.535443506058449703e-01 3.159461242723687335e-01 7.790264785071541499e-03
-9.588531105671918020e-01 2.996530383459665159e-01 7.897769328556770996e-03
-9.638816017877225306e-01 2.832723950829050263e-01 8.002933592542116337e-03
-9.686284066008130633e-01 2.668089973729824704e-01 8.105726414586541043e-03
-9.730921890095401983e-01 2.502676701666086134e-01 8.206117334958429668e-03
-9.772716949989104229e-01 2.336532591084917732e-01 8.304076605661443386e-03
-9.811657528260308014e-01 2.169706291680215948e-01 8.399575199249546820e-03
-9.847732732882258366e-01 2.002246632667030179e-01 8.492584817428443580e-03
-9.880932499691190696e-01 1.834202609029537412e-01 8.583077899440934647e-03
-9.911247594627022872e-01 1.665623367745696359e-01 8.671027630233831690e-03
-9.938669615753999986e-01 1.496558193992126584e-01 8.756407948403783364e-03
-9.963190995061717015e-01 1.327056497332105567e-01 8.839193553919875643e-03
-9.984805000046620416e-01 1.157167797890050615e-01 8.919359915620509935e-03
-1.000350573507448715e+00 9.869417125153326364e-02 8.996883278482591811e-03
-1.001928814252406319e+00 8.164279409388627839e-02 9.071740670660624270e-03
-1.003214800371232673e+00 6.456762519253797517e-02 9.143909910293734900e-03
-1.004208193960180129e+00 4.747364694243372957e-02 9.213369612078685378e-03
-1.004908741129026506e+00 3.036584587227521628e-02 9.280099193606785105e-03
-1.005316272028339064e+00 1.324921126028650274e-02 9.344078881462866693e-03
-1.005430700855077353e+00 -3.871266249254458162e-03 9.405289717084631962e-03
-1.005252025836589125e+00 -2.099059602838818442e-02 9.463713562380448099e-03
-1.004780329193047050e+00 -3.810378884648110004e-02 9.519333105104067425e-03
-1.004015777078390181e+00 -5.520585824956588533e-02 9.572131863984614103e-03
-1.002958619499822124e+00 -7.229182193771459264e-02 9.622094193610330332e-03
-1.001609190215931422e+00 -8.935670314018157034e-02 9.669205289064680339e-03
-9.999679066134955496e-01 -1.063955319879955341e-01 9.713451190313344627e-03
-9.980352695630327897e-01 -1.234033468837302527e-01 9.754818786340869324e-03
-9.958118632531716141e-01 -1.403751958681866696e-01 9.793295819035768499e-03
-9.932983550039046206e-01 -1.573061379836715734e-01 9.828870886822858172e-03
-9.904954950588026330e-01 -1.741912446336091880e-01 9.861533448041769068e-03
-9.874041163562545798e-01 -1.910256009382209352e-01 9.891273824070706544e-03
-9.840251342798196355e-01 -2.078043070859642294e-01 9.918083202194396056e-03
-9.803595463877571303e-01 -2.245224796804808076e-01 9.941953638215513325e-03
-9.764084321218255980e-01 -2.411752530827598884e-01 9.962878058808691956e-03
-9.721729524954184631e-01 -2.577577807482698269e-01 9.980850263616527357e-03
-9.676543497611324041e-01 -2.742652365587538443e-01 9.995864927086862278e-03
-9.628539470578462156e-01 -2.906928161484340079e-01 1.000791760005086822e-02
-9.577731480373933293e-01 -3.070357382243692479e-01 1.001700471104142662e-02
-9.524134364709274658e-01 -3.232892458806673197e-01 1.002312356735143850e-02
-9.467763758350619119e-01 -3.394486079062989381e-01 1.002627235583171926e-02
-9.408636088778750128e-01 -3.555091200862618983e-01 1.002645014342828933e-02
-9.346768571648829127e-01 -3.714661064957970327e-01 1.002365687745884228e-02
-9.282179206050684694e-01 -3.873149207874179711e-01 1.001789338562837292e-02
-9.214886769570688196e-01 -4.030509474704694894e-01 1.000916137578389611e-02
-9.144910813156107432e-01 -4.186696031829776898e-01 9.997463435408379326e-03
-9.072271655783119559e-01 -4.341663379554968616e-01 9.982803030854017420e-03
-8.996990378929405896e-01 -4.495366364667057191e-01 9.965184506315080334e-03
-8.919088820852332233e-01 -4.647760192905044385e-01 9.944613082540626828e-03
-8.838589570673940354e-01 -4.798800441343225032e-01 9.921094855287486761e-03
-8.755515962273746622e-01 -4.948443070683897771e-01 9.894636793513962927e-03
-8.669892067990412343e-01 -5.096644437457248378e-01 9.865246737314769393e-03
-8.581742692133557115e-01 -5.243361306125498000e-01 9.832933395597844711e-03
-8.491093364306809832e-01 -5.388550861088877708e-01 9.797706343503726975e-03
-8.397970332543179817e-01 -5.532170718590931902e-01 9.759576019568205404e-03
-8.302400556254140307e-01 -5.674178938520301196e-01 9.718553722629185224e-03
-8.204411698993504531e-01 -5.814534036106574488e-01 9.674651608478577677e-03
-8.104032121037439973e-01 -5.953194993507495703e-01 9.627882686260301123e-03
-8.001290871781779890e-01 -6.090121271285099391e-01 9.578260814615359442e-03
-7.896217681958075385e-01 -6.225272819767954102e-01 9.525800697575243295e-03
-7.788842955669667001e-01 -6.358610090297011075e-01 9.470517880204823435e-03
-7.679197762249040382e-01 -6.490094046352620216e-01 9.412428743995985073e-03
-7.567313827937990345e-01 -6.619686174559827885e-01 9.351550502013444843e-03
-7.453223527391978909e-01 -6.747348495569535087e-01 9.287901193794172866e-03
-7.336959875009998466e-01 -6.873043574813001433e-01 9.221499680001856228e-03
-7.218556516091613195e-01 -6.996734533126861555e-01 9.152365636838095259e-03
-7.098047717822534297e-01 -7.118385057246275904e-01 9.080519550211900784e-03
-6.975468360090394393e-01 -7.237959410163453677e-01 9.005982709669324224e-03
-6.850853926132095539e-01 -7.355422441349185325e-01 8.928777202084847708e-03
-6.724240493014574938e-01 -7.470739596834502505e-01 8.848925905116589857e-03
-6.595664721950520448e-01 -7.583876929150047408e-01 8.766452480427192051e-03
-6.465163848450597994e-01 -7.694801107120634587e-01 8.681381366672307268e-03
-6.332775672314125970e-01 -7.803479425512180878e-01 8.593737772258910196e-03
-6.198538547459846448e-01 -7.909879814528598674e-01 8.503547667875553662e-03
-6.062491371598466294e-01 -8.013970849156075715e-01 8.410837778796613137e-03
-5.924673575749023202e-01 -8.115721758352028026e-01 8.315635576963071110e-03
-5.785125113600770863e-01 -8.215102434076267945e-01 8.217969272841949002e-03
-5.643886450722644943e-01 -8.312083440161730508e-01 8.117867807066993929e-03
-5.500998553622014065e-01 -8.406636021022315663e-01 8.015360841862868499e-03
-5.356502878655039490e-01 -8.498732110195120759e-01 7.910478752255633086e-03
-5.210441360790497578e-01 -8.588344338714589687e-01 7.803252617071999506e-03
-5.062856402229063413e-01 -8.675446043316092926e-01 7.693714209729946019e-03
-4.913790860880431488e-01 -8.760011274466265041e-01 7.581895988823584599e-03
-4.763288038700333460e-01 -8.842014804217618318e-01 7.467831088505029989e-03
-4.611391669889526312e-01 -8.921432133885015547e-01 7.351553308665956764e-03
-4.458145908957335535e-01 -8.998239501541285268e-01 7.233097104922010280e-03
-4.303595318651819435e-01 -9.072413889329663528e-01 7.112497578402844460e-03
-4.147784857759122534e-01 -9.143933030590430944e-01 6.989790465350940139e-03
-3.990759868774183539e-01 -9.212775416799434680e-01 6.865012126532118314e-03
-3.832566065445588421e-01 -9.278920304315858569e-01 6.738199536461096303e-03
-3.673249520196936735e-01 -9.342347720936869937e-01 6.609390272445178106e-03
-3.512856651427176402e-01 -9.403038472256832758e-01 6.478622503449209258e-03
-3.351434210692810778e-01 -9.460974147828451475e-01 6.345934978785329819e-03
-3.189029269774538156e-01 -9.516137127123633910e-01 6.211367016630756424e-03
-3.025689207630912203e-01 -9.568510585291681858e-01 6.074958492376877212e-03
-2.861461697242123070e-01 -9.618078498712394619e-01 5.936749826813363280e-03
-2.696394692346498756e-01 -9.664825650341839491e-01 5.796781974150596976e-03
-2.530536414072838136e-01 -9.708737634848438880e-01 5.655096409884101567e-03
-2.363935337471242404e-01 -9.749800863537203544e-01 5.511735118504381033e-03
-2.196640177945823891e-01 -9.788002569059737201e-01 5.366740581056047947e-03
-2.028699877592184675e-01 -9.823330809907937500e-01 5.220155762549813852e-03
-1.860163591442659803e-01 -9.855774474689137366e-01 5.072024099230948609e-03
-1.691080673622815944e-01 -9.885323286180583979e-01 4.922389485708220276e-03
-1.521500663422303001e-01 -9.911967805161138179e-01 4.771296261947026961e-03
-1.351473271283198108e-01 -9.935699434018133713e-01 4.618789200130411256e-03
-1.181048364709540721e-01 -9.956510420127360206e-01 4.464913491392162245e-03
-1.010275954101189505e-01 -9.974393859004182517e-01 4.309714732425672275e-03
-8.392061785156909592e-02 -9.989343697223856955e-01 4.153238911972719632e-03
-6.678892913614055404e-02 -1.000135473510914252e+00 3.995532397195912001e-03
-4.963756460258145209e-02 -1.001042262918335091e+00 3.836641919939147438e-03
-3.247156814424896620e-02 -1.001654389438700665e+00 3.676614562880007285e-03
-1.529599076002693438e-02 -1.001971590605640117e+00 3.515497745578045289e-03
1.884110900129022355e-03 -1.001993690166228523e+00 3.353339210423396475e-03
1.906367599465365673e-02 -1.001720598230710024e+00 3.190187008489728162e-03
3.623764095447128131e-02 -1.001152311397907502e+00 3.026089485295569825e-03
5.340094095130649282e-02 -1.000288912856172940e+00 2.861095266478559402e-03
7.054851136983779358e-02 -9.991305724597246973e-01 2.695253243386580306e-03
8.767528928327071591e-02 -9.976775467802292408e-01 2.528612558590274256e-03
1.047762149319513142e-01 -9.959301791334950194e-01 2.361222591320929348e-03
1.218462332045736202e-01 -9.938888995811457905e-01 2.193132942838401950e-03
1.388802951215800663e-01 -9.915542249071502834e-01 2.024393421733242712e-03
1.558733593203482926e-01 -9.889267585690948437e-01 1.855054029167235979e-03
1.728203935417045867e-01 -9.860071906240838180e-01 1.685164944057024675e-03
1.897163761173497609e-01 -9.827962976291756414e-01 1.514776508205068753e-03
2.065562974577752620e-01 -9.792949425162469357e-01 1.343939211382177328e-03
2.233351615401963364e-01 -9.755040744412077913e-01 1.172703676366369362e-03
2.400479873960849331e-01 -9.714247286074841892e-01 1.001120643942218216e-03
2.566898105978327460e-01 -9.670580260636959524e-01 8.292409578653318339e-04
2.732556847441174885e-01 -9.624051734754656140e-01 6.571155497961442661e-04
2.897406829434848174e-01 -9.574674628713044644e-01 4.847954242078192041e-04
3.061398992956977927e-01 -9.522462713625299280e-01 3.123316432725770802e-04
3.224484503704078131e-01 -9.467430608371675271e-01 1.397753117307642989e-04
3.386614766826465117e-01 -9.409593776278186716e-01 -3.282243825253036761e-05
3.547741441646832805e-01 -9.348968521534654075e-01 -2.054104622389868061e-04
3.707816456337916788e-01 -9.285571985351980251e-01 -3.779376186723609104e-04
3.866792022554122465e-01 -9.219422141858709674e-01 -5.503527840327606356e-04
4.024620650012631917e-01 -9.150537793736832626e-01 -7.226048679856833913e-04
4.181255161018940236e-01 -9.078938567597095721e-01 -8.946428285211138753e-04
4.336648704932259402e-01 -9.004644909093898475e-01 -1.066415687078479859e-03
4.490754772565609398e-01 -8.927678077780322186e-01 -1.237872543652646876e-03
4.643527210515870918e-01 -8.848060141703614212e-01 -1.408962591876634224e-03
4.794920235419035670e-01 -8.765813971741636124e-01 -1.579635134076745389e-03
4.944888448125475122e-01 -8.680963235681028456e-01 -1.749839596295329298e-03
5.093386847790423166e-01 -8.593532392037780410e-01 -1.919525543276881649e-03
5.240370845874908756e-01 -8.503546683620971658e-01 -2.088642693413206557e-03
5.385796280051888818e-01 -8.411032130840774279e-01 -2.257140933642872577e-03
5.529619428012881865e-01 -8.316015524761651845e-01 -2.424970334300826421e-03
5.671797021169998620e-01 -8.218524419901991340e-01 -2.592081163913563264e-03
5.812286258248631210e-01 -8.118587126781301455e-01 -2.758423903935739926e-03
5.951044818765605093e-01 -8.016232704216507132e-01 -2.923949263423532893e-03
6.088030876387974244e-01 -7.911490951368710389e-01 -3.088608193640564152e-03
6.223203112167667861e-01 -7.804392399541958403e-01 -3.252351902592195108e-03
6.356520727646807201e-01 -7.694968303735801873e-01 -3.415131869483601940e-03
6.487943457828934113e-01 -7.583250633953444453e-01 -3.576899859097482093e-03
6.617431584011350676e-01 -7.469272066267182986e-01 -3.737607936087290576e-03
6.744945946473470677e-01 -7.353065973643443387e-01 -3.897208479181449824e-03
6.870447957016557750e-01 -7.234666416529292876e-01 -4.055654195294597017e-03
6.993899611349815304e-01 -7.114108133202815543e-01 -4.212898133541475264e-03
7.115263501318301875e-01 -6.991426529889505082e-01 -4.368893699149598020e-03
7.234502826967620370e-01 -6.866657670647313694e-01 -4.523594667266229823e-03
7.351581408440751586e-01 -6.739838267022834062e-01 -4.676955196655766325e-03
7.466463697702492297e-01 -6.611005667481143488e-01 -4.828929843283574080e-03
7.579114790086550757e-01 -6.480197846612293366e-01 -4.979473573781989688e-03
7.689500435660829858e-01 -6.347453394117235081e-01 -5.128541778794636768e-03
7.797587050406409315e-01 -6.212811503576010086e-01 -5.276090286195232217e-03
7.903341727205466238e-01 -6.076311961001571449e-01 -5.422075374176674178e-03
8.006732246633854189e-01 -5.937995133182190077e-01 -5.566453784206790503e-03
8.107727087553744383e-01 -5.797901955815933928e-01 -5.709182733846719648e-03
8.206295437502152401e-01 -5.656073921440375463e-01 -5.850219929428356579e-03
8.302407202870812908e-01 -5.512553067161320985e-01 -5.989523578586830425e-03
8.396033018873234610e-01 -5.367381962184021305e-01 -6.127052402644449051e-03
8.487144259294849835e-01 -5.220603695150467516e-01 -6.262765648842543928e-03
8.575713046021907759e-01 -5.072261861286818663e-01 -6.396623102417347759e-03
8.661712258345181104e-01 -4.922400549364753797e-01 -6.528585098516458823e-03
8.745115542034548328e-01 -4.771064328480629779e-01 -6.658612533952472899e-03
8.825897318180361273e-01 -4.618298234656788570e-01 -6.786666878790048769e-03
8.904032791797907853e-01 -4.464147757269037453e-01 -6.912710187763186805e-03
8.979497960191098471e-01 -4.308658825304710338e-01 -7.036705111519170504e-03
9.052269621071813432e-01 -4.151877793455494570e-01 -7.158614907686078853e-03
9.122325380431181019e-01 -3.993851428049768337e-01 -7.278403451760288162e-03
9.189643660159330096e-01 -3.834626892828873479e-01 -7.396035247810918076e-03
9.254203705410264380e-01 -3.674251734571832295e-01 -7.511475438998107060e-03
9.315985591708377811e-01 -3.512773868573528246e-01 -7.624689817901816186e-03
9.374970231793472442e-01 -3.350241563981025128e-01 -7.735644836658187029e-03
9.431139382201164656e-01 -3.186703428992759823e-01 -7.844307616900563634e-03
9.484475649575532241e-01 -3.022208395925921609e-01 -7.950645959502032623e-03
9.534962496711092417e-01 -2.856805706156781421e-01 -8.054628354116718028e-03
9.582584248321345255e-01 -2.690544894939307929e-01 -8.156223988516951226e-03
9.627326096531032551e-01 -2.523475776107002577e-01 -8.255402757723654880e-03
9.669174106089568621e-01 -2.355648426663532746e-01 -8.352135272927071682e-03
9.708115219303022903e-01 -2.187113171267355549e-01 -8.446392870195270491e-03
9.744137260682386170e-01 -2.017920566615567235e-01 -8.538147618967942276e-03
9.777228941305652343e-01 -1.848121385732760524e-01 -8.627372330332803985e-03
9.807379862891660860e-01 -1.677766602170241428e-01 -8.714040565082237233e-03
9.834580521583559110e-01 -1.506907374121043974e-01 -8.798126641547835552e-03
9.858822311439967567e-01 -1.335595028456687539e-01 -8.879605643210421173e-03
9.880097527631965804e-01 -1.163881044691096739e-01 -8.958453426083345592e-03
9.898399369344258458e-01 -9.918170388776136048e-02 -9.034646625866855213e-03
9.913721942378849183e-01 -8.194547474446069180e-02 -9.108162664871475092e-03
9.926060261459828116e-01 -6.468460109758268628e-02 -9.178979758708254513e-03
9.935410252237848461e-01 -4.740427579412115344e-02 -9.247076922743910701e-03
9.941768752993156433e-01 -3.010969883838797087e-02 -9.312433978319094308e-03
9.945133516036026577e-01 -1.280607575695591298e-02 -9.375031558727722758e-03
9.945503208803644357e-01 4.501384039574472806e-03 -9.434851114955742149e-03
9.942877414652629975e-01 2.180746889740142400e-02 -9.491874921177635011e-03
9.937256633346464030e-01 3.910696656230652074e-02 -9.546086080008946151e-03
9.928642281237256562e-01 5.639466582382243742e-02 -9.597468527513345130e-03
9.917036691141409843e-01 7.366535816015692961e-02 -9.646007037962700537e-03
9.902443111908872941e-01 9.091383938329508640e-02 -9.691687228348826871e-03
9.884865707685763780e-01 1.081349112836376691e-01 -9.734495562645457262e-03
9.864309556870396456e-01 1.253233832735830000e-01 -9.774419355819248534e-03
9.840780650762694926e-01 1.424740740294585528e-01 -9.811446777588666776e-03
9.814285891907277293e-01 1.595818131311614874e-01 -9.845566855929523478e-03
9.784833092130569288e-01 1.766414426989134090e-01 -9.876769480326230699e-03
9.752430970272359945e-01 1.936478190265374932e-01 -9.905045404767772593e-03
9.717089149612494481e-01 2.105958142106154896e-01 -9.930386250487496444e-03
9.678818154993406031e-01 2.274803177749450123e-01 -9.952784508445913086e-03
9.637629409639419942e-01 2.442962382896721185e-01 -9.972233541555795486e-03
9.593535231673747665e-01 2.610385049845214134e-01 -9.988727586648886783e-03
9.546548830334452562e-01 2.777020693554887454e-01 -1.000226175618365750e-02
9.496684301890562230e-01 2.942819067644146802e-01 -1.001283203969358278e-02
9.443956625259772864e-01 3.107730180308543866e-01 -1.002043530497553382e-02
9.388381657329304408e-01 3.271704310156218765e-01 -1.002506929901791390e-02
9.329976127981569611e-01 3.434692021954325880e-01 -1.002673264866827882e-02
9.268757634826417791e-01 3.596644182280724911e-01 -1.002542486104023370e-02
9.204744637641957272e-01 3.757511975074800392e-01 -1.002114632365946889e-02
9.137956452525937134e-01 3.917246917081885771e-01 -1.001389830434895427e-02
9.068413245759942010e-01 4.075800873185365103e-01 -1.000368295085323628e-02
8.996136027388610401e-01 4.233126071621013953e-01 -9.990503290202019937e-03
8.921146644516415591e-01 4.389175119067647568e-01 -9.974363227813195371e-03
8.843467774324513808e-01 4.543901015608636795e-01 -9.955267546335582959e-03
8.763122916810275331e-01 4.697257169558916590e-01 -9.933221904231721508e-03
8.680136387252375130e-01 4.849197412151734499e-01 -9.908232834101146982e-03
8.594533308404375127e-01 4.999676012079896648e-01 -9.880307740744652747e-03
8.506339602419656920e-01 5.148647689886310941e-01 -9.849454898970070801e-03
8.415581982511062265e-01 5.296067632198281361e-01 -9.815683451140278307e-03
8.322287944348327748e-01 5.441891505800620088e-01 -9.779003404464109428e-03
8.226485757196808635e-01 5.586075471542258919e-01 -9.739425628031024226e-03
8.128204454800797008e-01 5.728576198071592129e-01 -9.696961849590332583e-03
8.027473826015176783e-01 5.869350875395316081e-01 -9.651624652076027863e-03
7.924324405189071552e-01 6.008357228256001603e-01 -9.603427469878194830e-03
7.818787462305101243e-01 6.145553529323771746e-01 -9.552384584862098557e-03
7.710894992878383203e-01 6.280898612197127751e-01 -9.498511122136159973e-03
7.600679707619120151e-01 6.414351884208413512e-01 -9.441823045570077455e-03
7.488175021862791825e-01 6.545873339029599780e-01 -9.382337153064362542e-03
7.373415044772303473e-01 6.675423569073604124e-01 -9.320071071572774701e-03
7.256434568316180167e-01 6.802963777687148772e-01 -9.255043251879067207e-03
7.137269056027315539e-01 6.928455791130689878e-01 -9.187272963129640077e-03
7.015954631546490461e-01 7.051862070341556876e-01 -9.116780287123649185e-03
6.892528066955427857e-01 7.173145722476002017e-01 -9.043586112362344415e-03
6.767026770903854516e-01 7.292270512226382007e-01 -8.967712127859378546e-03
6.639488776535177328e-01 7.409200872909764701e-01 -8.889180816713851060e-03
6.509952729215672251e-01 7.523901917324030686e-01 -8.808015449448085288e-03
6.378457874071989941e-01 7.636339448367993610e-01 -8.724240077112118200e-03
6.245044043341669848e-01 7.746479969422181977e-01 -8.637879524156779829e-03
6.109751643541901922e-01 7.854290694486640856e-01 -8.548959381077726738e-03
5.972621642461382052e-01 7.959739558072743693e-01 -8.457505996832396719e-03
5.833695555980414893e-01 8.062795224845697994e-01 -8.363546471032283838e-03
5.693015434724280066e-01 8.163427099014903821e-01 -8.267108645912690096e-03
5.550623850555251870e-01 8.261605333469060897e-01 -8.168221098082484657e-03
5.406563882908405061e-01 8.357300838653336506e-01 -8.066913130056280190e-03
5.260879104976409204e-01 8.450485291185988457e-01 -7.963214761571392464e-03
5.113613569748837184e-01 8.541131142211754179e-01 -7.857156720692391738e-03
4.964811795911318604e-01 8.629211625489623394e-01 -7.748770434705730056e-03
4.814518753609751123e-01 8.714700765212818334e-01 -7.638088020807104646e-03
4.662779850085355116e-01 8.797573383558564553e-01 -7.525142276584472628e-03
4.509640915185810228e-01 8.877805107965792697e-01 -7.409966670299404992e-03
4.355148186758155404e-01 8.955372378138687361e-01 -7.292595330969761820e-03
4.199348295928785335e-01 9.030252452774409910e-01 -7.173063038256455651e-03
4.042288252276365901e-01 9.102423416013157853e-01 -7.051405212157520891e-03
3.884015428903159761e-01 9.171864183609053089e-01 -6.927657902512449582e-03
3.724577547410196643e-01 9.238554508820485678e-01 -6.801857778319759899e-03
3.564022662782208029e-01 9.302474988018456514e-01 -6.674042116871227795e-03
3.402399148187820743e-01 9.363607066011784275e-01 -6.544248792705854856e-03
3.239755679700497271e-01 9.421933041088175198e-01 -6.412516266386746912e-03
3.076141220946176924e-01 9.477436069770056593e-01 -6.278883573104471726e-03
2.911605007683025215e-01 9.530100171284456856e-01 -6.143390311110067704e-03
2.746196532319109540e-01 9.579910231746169291e-01 -6.006076629981272827e-03
2.579965528373405204e-01 9.626852008053684573e-01 -5.866983218725264557e-03
2.412961954886078397e-01 9.670912131497318986e-01 -5.726151293721666417e-03
2.245235980783527319e-01 9.712078111079264220e-01 -5.583622586509285474e-03
2.076837969203642609e-01 9.750338336545378848e-01 -5.439439331420078787e-03
1.907818461787205988e-01 9.785682081128507237e-01 -5.293644253064240697e-03
1.738228162940848032e-01 9.818099504003402478e-01 -5.146280553670035639e-03
1.568117924076981862e-01 9.847581652453401002e-01 -4.997391900281946547e-03
1.397538727836578065e-01 9.874120463749054277e-01 -4.847022411821255358e-03
1.226541672300022617e-01 9.897708766739097275e-01 -4.695216646012612648e-03
1.055177955191748534e-01 9.918340283154217785e-01 -4.542019586180699037e-03
8.834988580838232242e-02 9.936009628624236090e-01 -4.387476627920589185e-03
7.115557306042405439e-02 9.950712313409374454e-01 -4.231633565646108347e-03
5.393999746551499802e-02 9.962444742846419121e-01 -4.074536579020012622e-03
3.670830286462081760e-02 9.971204217510696299e-01 -3.916232219269850066e-03
1.946563517486784439e-02 9.976988933094920187e-01 -3.756767395393888903e-03
2.217140817538217935e-03 9.979797980005955527e-01 -3.596189360261008161e-03
-1.503203485084426624e-02 9.979631342680825856e-01 -3.434545696608559250e-03
-3.227674910378661860e-02 9.976489898623228658e-01 -3.271884302942638066e-03
-4.951186340597412555e-02 9.970375417162012921e-01 -3.108253379344692001e-03
-6.673224496976468134e-02 9.961290557933166756e-01 -2.943701413188860253e-03
-8.393276830655713172e-02 9.949238869086913795e-01 -2.778277164774022121e-03
-1.011083167725039672e-01 9.934224785221654752e-01 -2.612029652875111699e-03
-1.182537841080947422e-01 9.916253625046586029e-01 -2.445008140217854505e-03
-1.353640759711417785e-01 9.895331588774853859e-01 -2.277262118881053388e-03
-1.524341114626590055e-01 9.871465755249290153e-01 -2.108841295631069292e-03
-1.694588246451775859e-01 9.844664078802790597e-01 -1.939795577192684290e-03
-1.864331660530501866e-01 9.814935385855473315e-01 -1.770175055460559456e-03
-2.033521041942509544e-01 9.782289371250915133e-01 -1.600029992655995371e-03
-2.202106270432489521e-01 9.746736594333759163e-01 -1.429410806433113962e-03
-2.370037435244878865e-01 9.708288474771109566e-01 -1.258368054939092498e-03
-2.537264849860644267e-01 9.666957288120200387e-01 -1.086952421832585976e-03
-2.703739066631389298e-01 9.622756161144870868e-01 -9.152147012651179383e-04
-2.869410891306748423e-01 9.575699066883538446e-01 -7.432057828297317396e-04
-3.034231397451019885e-01 9.525800819471265113e-01 -5.709766364811988577e-04
-3.198151940744692889e-01 9.473077068718774862e-01 -3.985782974325735974e-04
-3.361124173166986084e-01 9.417544294451218878e-01 -2.260618510324127837e-04
-3.523100057055633116e-01 9.359219800609533957e-01 -5.347841762697672774e-05
-3.684031879039749713e-01 9.298121709117421752e-01 1.191208625877609962e-04
-3.843872263842267878e-01 9.234268953516916456e-01 2.916848447200930355e-04
-4.002574187948056417e-01 9.167681272375608481e-01 4.641623943378421708e-04
-4.160090993134374915e-01 9.098379202468623861e-01 6.365024026207040820e-04
-4.316376399859819801e-01 9.026384071738569048e-01 8.086538015048402514e-04
-4.471384520508459581e-01 8.951717992036665184e-01 9.805655788153945680e-04
-4.625069872485942368e-01 8.874403851648237085e-01 1.152186793382607580e-03
-4.777387391163979147e-01 8.794465307605989768e-01 1.323466590136731071e-03
-4.928292442670180740e-01 8.711926777794395393e-01 1.494354215177431250e-03
-5.077740836520224788e-01 8.626813432848455809e-01 1.664799030813369227e-03
-5.225688838089049826e-01 8.539151187850461122e-01 1.834750530567171153e-03
-5.372093180918350308e-01 8.448966693828057206e-01 2.004158354141624254e-03
-5.516911078857316131e-01 8.356287329057213720e-01 2.172972302342447530e-03
-5.660100238034083686e-01 8.261141190173501014e-01 2.341142351953504151e-03
-5.801618868654874195e-01 8.163557083095352995e-01 2.508618670559704337e-03
-5.941425696628349629e-01 8.063564513762879749e-01 2.675351631313374699e-03
-6.079479975012773707e-01 7.961193678695686060e-01 2.841291827639869962e-03
-6.215741495283233498e-01 7.856475455373533867e-01 3.006390087877753095e-03
-6.350170598416685630e-01 7.749441392443389143e-01 3.170597489849368792e-03
-6.482728185792648867e-01 7.640123699756439235e-01 3.333865375357643931e-03
-6.613375729907055023e-01 7.528555238238942016e-01 3.496145364604493714e-03
-6.742075284897335319e-01 7.414769509600441788e-01 3.657389370526830611e-03
-6.868789496876516187e-01 7.298800645883201099e-01 3.817549613045736080e-03
-6.993481614074570363e-01 7.180683398856350097e-01 3.976578633224829053e-03
-7.116115496784837235e-01 7.060453129258733584e-01 4.134429307333317011e-03
-7.236655627113838252e-01 6.938145795894071766e-01 4.291054860809733265e-03
-7.355067118532802040e-01 6.813797944582051791e-01 4.446408882122343705e-03
-7.471315725229055182e-01 6.687446696969318038e-01 4.600445336521834586e-03
-7.585367851255728766e-01 6.559129739204002663e-01 4.753118579682354822e-03
-7.697190559478415128e-01 6.428885310477407966e-01 4.904383371227015280e-03
-7.806751580317037309e-01 6.296752191436828516e-01 5.054194888133520421e-03
-7.914019320281788783e-01 6.162769692473044625e-01 5.202508738016226042e-03
-8.018962870301660217e-01 6.026977641886385184e-01 5.349280972280508369e-03
-8.121552013844492990e-01 5.889416373934853732e-01 5.494468099145766865e-03
-8.221757234827179461e-01 5.750126716768315660e-01 5.638027096532928668e-03
-8.319549725315010802e-01 5.609149980252315926e-01 5.779915424812782226e-03
-8.414901393009205366e-01 5.466527943685108859e-01 5.920091039411473806e-03
-8.507784868521472976e-01 5.322302843411851336e-01 6.058512403269171800e-03
-8.598173512434788002e-01 5.176517360339494278e-01 6.195138499148361740e-03
-8.686041422149608504e-01 5.029214607355917410e-01 6.329928841788213210e-03
-8.771363438514585553e-01 4.880438116657222491e-01 6.462843489901191896e-03
-8.854115152241157638e-01 4.730231826986589505e-01 6.593843058008540085e-03
-8.934272910101292986e-01 4.578640070788498884e-01 6.722888728110998358e-03
-9.011813820907876860e-01 4.425707561281665980e-01 6.849942261191495005e-03
-9.086715761277041059e-01 4.271479379454562464e-01 6.974966008546152479e-03
-9.158957381172021517e-01 4.116000960986954116e-01 7.097922922940369528e-03
-9.228518109228163180e-01 3.959318083100861752e-01 7.218776569586796664e-03
-9.295378157858521506e-01 3.801476851344728347e-01 7.337491136941708646e-03
-9.359518528139852966e-01 3.642523686314191322e-01 7.454031447316704362e-03
-9.420921014478679245e-01 3.482505310312759006e-01 7.568362967302687955e-03
-9.479568209057132044e-01 3.321468733956183250e-01 7.680451818002808316e-03
-9.535443506058449703e-01 3.159461242723689556e-01 7.790264785071539765e-03
-9.588531105671912469e-01 2.996530383459684588e-01 7.897769328556758853e-03
-9.638816017877219755e-01 2.832723950829069137e-01 8.002933592542105928e-03
-9.686284066008130633e-01 2.668089973729826925e-01 8.105726414586539308e-03
-9.730921890095395321e-01 2.502676701666105563e-01 8.206117334958419260e-03
-9.772716949989098678e-01 2.336532591084937716e-01 8.304076605661431243e-03
-9.811657528260305794e-01 2.169706291680218446e-01 8.399575199249546820e-03
-9.847732732882253925e-01 2.002246632667049886e-01 8.492584817428433172e-03
-9.880932499691189586e-01 1.834202609029557118e-01 8.583077899440925973e-03
-9.911247594627019541e-01 1.665623367745716343e-01 8.671027630233821282e-03
-9.938669615753999986e-01 1.496558193992129082e-01 8.756407948403783364e-03
-9.963190995061713684e-01 1.327056497332125551e-01 8.839193553919863500e-03
-9.984805000046619305e-01 1.157167797890070599e-01 8.919359915620499527e-03
-1.000350573507448715e+00 9.869417125153349957e-02 8.996883278482591811e-03
-1.001928814252406097e+00 8.164279409388827680e-02 9.071740670660615596e-03
-1.003214800371232451e+00 6.456762519253995969e-02 9.143909910293726226e-03
-1.004208193960180129e+00 4.747364694243397243e-02 9.213369612078683643e-03
-1.004908741129026506e+00 3.036584587227723203e-02 9.280099193606776431e-03
-1.005316272028338842e+00 1.324921126028851155e-02 9.344078881462858019e-03
-1.005430700855077353e+00 -3.871266249252447618e-03 9.405289717084625023e-03
-1.005252025836589125e+00 -2.099059602838793462e-02 9.463713562380448099e-03
-1.004780329193047050e+00 -3.810378884648085718e-02 9.519333105104067425e-03
-1.004015777078390181e+00 -5.520585824956388693e-02 9.572131863984607164e-03
-1.002958619499822124e+00 -7.229182193771434284e-02 9.622094193610330332e-03
-1.001609190215931644e+00 -8.935670314018133442e-02 9.669205289064680339e-03
-9.999679066134957717e-01 -1.063955319879935080e-01 9.713451190313341158e-03
-9.980352695630327897e-01 -1.234033468837300168e-01 9.754818786340869324e-03
-9.958118632531716141e-01 -1.403751958681864198e-01 9.793295819035768499e-03
-9.932983550039050646e-01 -1.573061379836696305e-01 9.828870886822852967e-03
-9.904954950588028550e-01 -1.741912446336071896e-01 9.861533448041767333e-03
-9.874041163562545798e-01 -1.910256009382206854e-01 9.891273824070704809e-03
-9.840251342798196355e-01 -2.078043070859640074e-01 9.918083202194396056e-03
-9.803595463877574634e-01 -2.245224796804788370e-01 9.941953638215511591e-03
-9.764084321218255980e-01 -2.411752530827596108e-01 9.962878058808690221e-03
-9.721729524954184631e-01 -2.577577807482695493e-01 9.980850263616527357e-03
-9.676543497611330702e-01 -2.742652365587519014e-01 9.995864927086862278e-03
-9.628539470578464377e-01 -2.906928161484337858e-01 1.000791760005086822e-02
-9.577731480373935513e-01 -3.070357382243690259e-01 1.001700471104142662e-02
-9.524134364709282430e-01 -3.232892458806654323e-01 1.002312356735143850e-02
-9.467763758350626890e-01 -3.394486079062970507e-01 1.002627235583171926e-02
-9.408636088778743467e-01 -3.555091200862632861e-01 1.002645014342828933e-02
-9.346768571648823576e-01 -3.714661064957984760e-01 1.002365687745884054e-02
-9.282179206050686915e-01 -3.873149207874177491e-01 1.001789338562837292e-02
-9.214886769570690417e-01 -4.030509474704693229e-01 1.000916137578389611e-02
-9.144910813156108542e-01 -4.186696031829774123e-01 9.997463435408379326e-03
-9.072271655783128441e-01 -4.341663379554949742e-01 9.982803030854019155e-03
-8.996990378929399235e-01 -4.495366364667069958e-01 9.965184506315078600e-03
-8.919088820852325572e-01 -4.647760192905056598e-01 9.944613082540625093e-03
-8.838589570673941465e-01 -4.798800441343222811e-01 9.921094855287486761e-03
-8.755515962273747732e-01 -4.948443070683895550e-01 9.894636793513964662e-03
-8.669892067990413453e-01 -5.096644437457247268e-01 9.865246737314769393e-03
-8.581742692133568218e-01 -5.243361306125481347e-01 9.832933395597848181e-03
-8.491093364306819824e-01 -5.388550861088861055e-01 9.797706343503730445e-03
-8.397970332543170935e-01 -5.532170718590945224e-01 9.759576019568200200e-03
-8.302400556254131425e-01 -5.674178938520312299e-01 9.718553722629180019e-03
-8.204411698993505642e-01 -5.814534036106572268e-01 9.674651608478579412e-03
-8.104032121037441083e-01 -5.953194993507493482e-01 9.627882686260301123e-03
-8.001290871781781000e-01 -6.090121271285099391e-01 9.578260814615361177e-03
-7.896217681958086487e-01 -6.225272819767938559e-01 9.525800697575250234e-03
-7.788842955669680324e-01 -6.358610090296997752e-01 9.470517880204832109e-03
-7.679197762249030390e-01 -6.490094046352632429e-01 9.412428743995979868e-03
-7.567313827937992565e-01 -6.619686174559824554e-01 9.351550502013444843e-03
-7.453223527391982239e-01 -6.747348495569532867e-01 9.287901193794174601e-03
-7.336959875010000687e-01 -6.873043574813000323e-01 9.221499680001857963e-03
-7.218556516091615416e-01 -6.996734533126860445e-01 9.152365636838095259e-03
-7.098047717822547620e-01 -7.118385057246260361e-01 9.080519550211909457e-03
-6.975468360090383291e-01 -7.237959410163464780e-01 9.005982709669317285e-03
-6.850853926132084437e-01 -7.355422441349196427e-01 8.928777202084840769e-03
-6.724240493014577158e-01 -7.470739596834500285e-01 8.848925905116591592e-03
-6.595664721950522669e-01 -7.583876929150047408e-01 8.766452480427195521e-03
-6.465163848450599104e-01 -7.694801107120633477e-01 8.681381366672309002e-03
-6.332775672314141513e-01 -7.803479425512168666e-01 8.593737772258920604e-03
-6.198538547459860881e-01 -7.909879814528586461e-01 8.503547667875562335e-03
-6.062491371598454082e-01 -8.013970849156085707e-01 8.410837778796604464e-03
-5.924673575749010990e-01 -8.115721758352036908e-01 8.315635576963062436e-03
-5.785125113600773084e-01 -8.215102434076266835e-01 8.217969272841950737e-03
-5.643886450722646053e-01 -8.312083440161729397e-01 8.117867807066997399e-03
-5.500998553622017395e-01 -8.406636021022314553e-01 8.015360841862868499e-03
-5.356502878655056143e-01 -8.498732110195110767e-01 7.910478752255643495e-03
-5.210441360790515342e-01 -8.588344338714579695e-01 7.803252617072013383e-03
-5.062856402229050090e-01 -8.675446043316099587e-01 7.693714209729934743e-03
-4.913790860880433709e-01 -8.760011274466262821e-01 7.581895988823586334e-03
-4.763288038700336235e-01 -8.842014804217617208e-01 7.467831088505031724e-03
-4.611391669889528533e-01 -8.921432133885014437e-01 7.351553308665957631e-03
-4.458145908957338310e-01 -8.998239501541284158e-01 7.233097104922013749e-03
-4.303595318651837753e-01 -9.072413889329654646e-01 7.112497578402859205e-03
-4.147784857759108101e-01 -9.143933030590437605e-01 6.989790465350928864e-03
-3.990759868774169661e-01 -9.212775416799441341e-01 6.865012126532107038e-03
-3.832566065445590642e-01 -9.278920304315856349e-01 6.738199536461098905e-03
-3.673249520196939510e-01 -9.342347720936869937e-01 6.609390272445179841e-03
-3.512856651427178623e-01 -9.403038472256832758e-01 6.478622503449211860e-03
-3.351434210692829652e-01 -9.460974147828445924e-01 6.345934978785346299e-03
-3.189029269774557029e-01 -9.516137127123627248e-01 6.211367016630773771e-03
-3.025689207630897215e-01 -9.568510585291686299e-01 6.074958492376865068e-03
-2.861461697242107527e-01 -9.618078498712399060e-01 5.936749826813351137e-03
-2.696394692346501532e-01 -9.664825650341839491e-01 5.796781974150597844e-03
-2.530536414072840357e-01 -9.708737634848438880e-01 5.655096409884103302e-03
-2.363935337471244902e-01 -9.749800863537203544e-01 5.511735118504383635e-03
-2.196640177945843875e-01 -9.788002569059732760e-01 5.366740581056064427e-03
-2.028699877592204659e-01 -9.823330809907933059e-01 5.220155762549831199e-03
-1.860163591442644815e-01 -9.855774474689138476e-01 5.072024099230935598e-03
-1.691080673622818442e-01 -9.885323286180583979e-01 4.922389485708222878e-03
-1.521500663422305222e-01 -9.911967805161135958e-01 4.771296261947028695e-03
-1.351473271283200606e-01 -9.935699434018133713e-01 4.618789200130412990e-03
-1.181048364709543080e-01 -9.956510420127360206e-01 4.464913491392163980e-03
-1.010275954101209350e-01 -9.974393859004182517e-01 4.309714732425691357e-03
-8.392061785156755549e-02 -9.989343697223856955e-01 4.153238911972705755e-03
-6.678892913613902749e-02 -1.000135473510914252e+00 3.995532397195897256e-03
-4.963756460258168801e-02 -1.001042262918335091e+00 3.836641919939150040e-03
-3.247156814424920906e-02 -1.001654389438700443e+00 3.676614562880009453e-03
-1.529599076002717724e-02 -1.001971590605640117e+00 3.515497745578047457e-03
1.884110900127004872e-03 -1.001993690166228523e+00 3.353339210423415557e-03
1.906367599465164792e-02 -1.001720598230710024e+00 3.190187008489747244e-03
3.623764095447282174e-02 -1.001152311397907502e+00 3.026089485295555513e-03
5.340094095130801938e-02 -1.000288912856172940e+00 2.861095266478544223e-03
7.054851136983754378e-02 -9.991305724597246973e-01 2.695253243386582908e-03
8.767528928327047999e-02 -9.976775467802292408e-01 2.528612558590275991e-03
1.047762149319510783e-01 -9.959301791334950194e-01 2.361222591320931517e-03
1.218462332045751190e-01 -9.938888995811456795e-01 2.193132942838386772e-03
1.388802951215815928e-01 -9.915542249071500613e-01 2.024393421733227966e-03
1.558733593203497636e-01 -9.889267585690946216e-01 1.855054029167221234e-03
1.728203935417043369e-01 -9.860071906240838180e-01 1.685164944057027277e-03
1.897163761173495111e-01 -9.827962976291756414e-01 1.514776508205071355e-03
2.065562974577750122e-01 -9.792949425162469357e-01 1.343939211382179713e-03
2.233351615401960588e-01 -9.755040744412077913e-01 1.172703676366371748e-03
2.400479873960864319e-01 -9.714247286074839671e-01 1.001120643942203037e-03
2.566898105978341338e-01 -9.670580260636955083e-01 8.292409578653165466e-04
2.732556847441189873e-01 -9.624051734754651699e-01 6.571155497961288705e-04
2.897406829434845399e-01 -9.574674628713044644e-01 4.847954242078216978e-04
3.061398992956975706e-01 -9.522462713625299280e-01 3.123316432725795197e-04
3.224484503704075911e-01 -9.467430608371675271e-01 1.397753117307667383e-04
3.386614766826478440e-01 -9.409593776278182276e-01 -3.282243825254572940e-05
3.547741441646847238e-01 -9.348968521534649634e-01 -2.054104622390021475e-04
3.707816456337930111e-01 -9.285571985351974700e-01 -3.779376186723762518e-04
3.866792022554136343e-01 -9.219422141858701902e-01 -5.503527840327759229e-04
4.024620650012629697e-01 -9.150537793736833736e-01 -7.226048679856808977e-04
4.181255161018937461e-01 -9.078938567597096831e-01 -8.946428285211112733e-04
4.336648704932256626e-01 -9.004644909093899585e-01 -1.066415687078477474e-03
4.490754772565623276e-01 -8.927678077780314414e-01 -1.237872543652662055e-03
4.643527210515884240e-01 -8.848060141703606440e-01 -1.408962591876649620e-03
4.794920235419048993e-01 -8.765813971741628352e-01 -1.579635134076760785e-03
4.944888448125472902e-01 -8.680963235681028456e-01 -1.749839596295326696e-03
5.093386847790420946e-01 -8.593532392037782630e-01 -1.919525543276879263e-03
5.240370845874906536e-01 -8.503546683620972768e-01 -2.088642693413204389e-03
5.385796280051887708e-01 -8.411032130840775389e-01 -2.257140933642870408e-03
5.529619428012895188e-01 -8.316015524761642963e-01 -2.424970334300841166e-03
5.671797021170010833e-01 -8.218524419901983569e-01 -2.592081163913578443e-03
5.812286258248643422e-01 -8.118587126781293684e-01 -2.758423903935754238e-03
5.951044818765603983e-01 -8.016232704216508242e-01 -2.923949263423531158e-03
6.088030876387973134e-01 -7.911490951368712610e-01 -3.088608193640561550e-03
6.223203112167665640e-01 -7.804392399541958403e-01 -3.252351902592192940e-03
6.356520727646819413e-01 -7.694968303735790771e-01 -3.415131869483616685e-03
6.487943457828945215e-01 -7.583250633953434461e-01 -3.576899859097496838e-03
6.617431584011360668e-01 -7.469272066267172994e-01 -3.737607936087304020e-03
6.744945946473482890e-01 -7.353065973643433395e-01 -3.897208479181464135e-03
6.870447957016555529e-01 -7.234666416529292876e-01 -4.055654195294594415e-03
6.993899611349814194e-01 -7.114108133202816653e-01 -4.212898133541473529e-03
7.115263501318300765e-01 -6.991426529889506192e-01 -4.368893699149596285e-03
7.234502826967631472e-01 -6.866657670647301481e-01 -4.523594667266243700e-03
7.351581408440762688e-01 -6.739838267022821849e-01 -4.676955196655780203e-03
7.466463697702502289e-01 -6.611005667481131276e-01 -4.828929843283586223e-03
7.579114790086548537e-01 -6.480197846612294477e-01 -4.979473573781987954e-03
7.689500435660828748e-01 -6.347453394117237302e-01 -5.128541778794635901e-03
7.797587050406405984e-01 -6.212811503576011196e-01 -5.276090286195230482e-03
7.903341727205465128e-01 -6.076311961001573669e-01 -5.422075374176671576e-03
8.006732246633861960e-01 -5.937995133182177865e-01 -5.566453784206802646e-03
8.107727087553752154e-01 -5.797901955815920605e-01 -5.709182733846732659e-03
8.206295437502161283e-01 -5.656073921440363250e-01 -5.850219929428368722e-03
8.302407202870810687e-01 -5.512553067161322096e-01 -5.989523578586828691e-03
8.396033018873234610e-01 -5.367381962184023525e-01 -6.127052402644446449e-03
8.487144259294848725e-01 -5.220603695150469736e-01 -6.262765648842541326e-03
8.575713046021915531e-01 -5.072261861286805340e-01 -6.396623102417359902e-03
8.661712258345187765e-01 -4.922400549364740474e-01 -6.528585098516470099e-03
8.745115542034554990e-01 -4.771064328480616457e-01 -6.658612533952485042e-03
8.825897318180369044e-01 -4.618298234656775803e-01 -6.786666878790060912e-03
8.904032791797906743e-01 -4.464147757269040229e-01 -6.912710187763184203e-03
8.979497960191097361e-01 -4.308658825304712003e-01 -7.036705111519169636e-03
9.052269621071812322e-01 -4.151877793455496790e-01 -7.158614907686077118e-03
9.122325380431187680e-01 -3.993851428049753904e-01 -7.278403451760299438e-03
9.189643660159338978e-01 -3.834626892828859046e-01 -7.396035247810929351e-03
9.254203705410271041e-01 -3.674251734571817862e-01 -7.511475438998116601e-03
9.315985591708375591e-01 -3.512773868573532132e-01 -7.624689817901814451e-03
9.374970231793470221e-01 -3.350241563981027904e-01 -7.735644836658183560e-03
9.431139382201164656e-01 -3.186703428992762599e-01 -7.844307616900563634e-03
9.484475649575540013e-01 -3.022208395925890523e-01 -7.950645959502051704e-03
9.534962496711096858e-01 -2.856805706156766989e-01 -8.054628354116728436e-03
9.582584248321349696e-01 -2.690544894939292941e-01 -8.156223988516958165e-03
9.627326096531036992e-01 -2.523475776106988144e-01 -8.255402757723665289e-03
9.669174106089568621e-01 -2.355648426663535522e-01 -8.352135272927071682e-03
9.708115219303022903e-01 -2.187113171267358047e-01 -8.446392870195270491e-03
9.744137260682386170e-01 -2.017920566615570011e-01 -8.538147618967940541e-03
9.777228941305656784e-01 -1.848121385732744981e-01 -8.627372330332810924e-03
9.807379862891663080e-01 -1.677766602170226440e-01 -8.714040565082244172e-03
9.834580521583561330e-01 -1.506907374121028986e-01 -8.798126641547844226e-03
9.858822311439968678e-01 -1.335595028456672551e-01 -8.879605643210426377e-03
9.880097527631965804e-01 -1.163881044691099098e-01 -8.958453426083345592e-03
9.898399369344256238e-01 -9.918170388776161028e-02 -9.034646625866853478e-03
9.913721942378849183e-01 -8.194547474446092772e-02 -9.108162664871475092e-03
9.926060261459830336e-01 -6.468460109758113197e-02 -9.178979758708257983e-03
9.935410252237848461e-01 -4.740427579411961995e-02 -9.247076922743915905e-03
9.941768752993156433e-01 -3.010969883838643391e-02 -9.312433978319099512e-03
9.945133516036026577e-01 -1.280607575695615931e-02 -9.375031558727722758e-03
9.945503208803644357e-01 4.501384039574227343e-03 -9.434851114955740414e-03
9.942877414652629975e-01 2.180746889740117767e-02 -9.491874921177635011e-03
9.937256633346461809e-01 3.910696656230985141e-02 -9.546086080008954824e-03
9.928642281237254341e-01 5.639466582382397092e-02 -9.597468527513350334e-03
9.917036691141409843e-01 7.366535816015847005e-02 -9.646007037962705741e-03
9.902443111908870721e-01 9.091383938329659908e-02 -9.691687228348830341e-03
9.884865707685763780e-01 1.081349112836374332e-01 -9.734495562645457262e-03
9.864309556870396456e-01 1.253233832735827225e-01 -9.774419355819248534e-03
9.840780650762694926e-01 1.424740740294583585e-01 -9.811446777588666776e-03
9.814285891907275072e-01 1.595818131311630139e-01 -9.845566855929526948e-03
9.784833092130567067e-01 1.766414426989149078e-01 -9.876769480326232434e-03
9.752430970272355504e-01 1.936478190265390475e-01 -9.905045404767774328e-03
9.717089149612490040e-01 2.105958142106169606e-01 -9.930386250487498179e-03
9.678818154993406031e-01 2.274803177749447625e-01 -9.952784508445913086e-03
9.637629409639419942e-01 2.442962382896719242e-01 -9.972233541555795486e-03
9.593535231673749886e-01 2.610385049845211358e-01 -9.988727586648886783e-03
9.546548830334445901e-01 2.777020693554902442e-01 -1.000226175618365923e-02
9.496684301890557789e-01 2.942819067644161790e-01 -1.001283203969358278e-02
9.443956625259766202e-01 3.107730180308558854e-01 -1.002043530497553382e-02
9.388381657329304408e-01 3.271704310156217099e-01 -1.002506929901791390e-02
9.329976127981569611e-01 3.434692021954323660e-01 -1.002673264866827882e-02
9.268757634826418901e-01 3.596644182280722690e-01 -1.002542486104023370e-02
9.204744637641945060e-01 3.757511975074830923e-01 -1.002114632365946716e-02
9.137956452525931583e-01 3.917246917081900759e-01 -1.001389830434895253e-02
9.068413245759935348e-01 4.075800873185380091e-01 -1.000368295085323454e-02
8.996136027388603740e-01 4.233126071621027831e-01 -9.990503290202018202e-03
8.921146644516415591e-01 4.389175119067645348e-01 -9.974363227813195371e-03
8.843467774324517139e-01 4.543901015608634575e-01 -9.955267546335582959e-03
8.763122916810276442e-01 4.697257169558914924e-01 -9.933221904231721508e-03
8.680136387252367358e-01 4.849197412151748932e-01 -9.908232834101143513e-03
8.594533308404367355e-01 4.999676012079911080e-01 -9.880307740744649278e-03
8.506339602419649149e-01 5.148647689886323153e-01 -9.849454898970067332e-03
8.415581982511054493e-01 5.296067632198294683e-01 -9.815683451140274837e-03
8.322287944348328859e-01 5.441891505800618978e-01 -9.779003404464111163e-03
8.226485757196809745e-01 5.586075471542256698e-01 -9.739425628031025961e-03
8.128204454800797008e-01 5.728576198071591019e-01 -9.696961849590332583e-03
8.027473826015167901e-01 5.869350875395329403e-01 -9.651624652076022659e-03
7.924324405189061560e-01 6.008357228256013816e-01 -9.603427469878189626e-03
7.818787462305092362e-01 6.145553529323783959e-01 -9.552384584862093353e-03
7.710894992878384313e-01 6.280898612197124420e-01 -9.498511122136159973e-03
7.600679707619121261e-01 6.414351884208412402e-01 -9.441823045570077455e-03
7.488175021862795155e-01 6.545873339029597560e-01 -9.382337153064362542e-03
7.373415044772280158e-01 6.675423569073629659e-01 -9.320071071572762558e-03
7.256434568316169065e-01 6.802963777687160984e-01 -9.255043251879060268e-03
7.137269056027304437e-01 6.928455791130700980e-01 -9.187272963129634873e-03
7.015954631546480469e-01 7.051862070341566868e-01 -9.116780287123642246e-03
6.892528066955428967e-01 7.173145722476000907e-01 -9.043586112362344415e-03
6.767026770903856736e-01 7.292270512226379786e-01 -8.967712127859380281e-03
6.639488776535179548e-01 7.409200872909764701e-01 -8.889180816713852795e-03
6.509952729215662259e-01 7.523901917324041788e-01 -8.808015449448080084e-03
6.378457874071978839e-01 7.636339448368004712e-01 -8.724240077112111261e-03
6.245044043341656526e-01 7.746479969422191969e-01 -8.637879524156771155e-03
6.109751643541890820e-01 7.854290694486649738e-01 -8.548959381077718064e-03
5.972621642461384273e-01 7.959739558072742582e-01 -8.457505996832396719e-03
5.833695555980417113e-01 8.062795224845696884e-01 -8.363546471032285573e-03
5.693015434724283397e-01 8.163427099014902710e-01 -8.267108645912690096e-03
5.550623850555239658e-01 8.261605333469070889e-01 -8.168221098082475984e-03
5.406563882908391738e-01 8.357300838653345387e-01 -8.066913130056268047e-03
5.260879104976395881e-01 8.450485291185997339e-01 -7.963214761571382055e-03
5.113613569748839405e-01 8.541131142211753069e-01 -7.857156720692393473e-03
4.964811795911320824e-01 8.629211625489622284e-01 -7.748770434705732658e-03
4.814518753609754453e-01 8.714700765212817224e-01 -7.638088020807106381e-03
4.662779850085325695e-01 8.797573383558578985e-01 -7.525142276584451811e-03
4.509640915185795795e-01 8.877805107965799358e-01 -7.409966670299395451e-03
4.355148186758141526e-01 8.955372378138694023e-01 -7.292595330969751412e-03
4.199348295928771457e-01 9.030252452774416572e-01 -7.173063038256444375e-03
4.042288252276368121e-01 9.102423416013156743e-01 -7.051405212157523493e-03
3.884015428903162537e-01 9.171864183609053089e-01 -6.927657902512451317e-03
3.724577547410199418e-01 9.238554508820485678e-01 -6.801857778319761634e-03
3.564022662782194151e-01 9.302474988018462065e-01 -6.674042116871216519e-03
3.402399148187806865e-01 9.363607066011789826e-01 -6.544248792705843580e-03
3.239755679700482838e-01 9.421933041088181859e-01 -6.412516266386734769e-03
3.076141220946162491e-01 9.477436069770062144e-01 -6.278883573104460450e-03
2.911605007683027990e-01 9.530100171284456856e-01 -6.143390311110070306e-03
2.746196532319111761e-01 9.579910231746169291e-01 -6.006076629981274562e-03
2.579965528373407424e-01 9.626852008053682352e-01 -5.866983218725267159e-03
2.412961954886063687e-01 9.670912131497321207e-01 -5.726151293721654274e-03
2.245235980783512331e-01 9.712078111079266440e-01 -5.583622586509274198e-03
2.076837969203627621e-01 9.750338336545381068e-01 -5.439439331420065776e-03
1.907818461787208486e-01 9.785682081128507237e-01 -5.293644253064243299e-03
1.738228162940850530e-01 9.818099504003402478e-01 -5.146280553670038241e-03
1.568117924076983805e-01 9.847581652453398782e-01 -4.997391900281949149e-03
1.397538727836545036e-01 9.874120463749060939e-01 -4.847022411821225868e-03
1.226541672300006935e-01 9.897708766739099495e-01 -4.695216646012599637e-03
1.055177955191733269e-01 9.918340283154217785e-01 -4.542019586180685159e-03
8.834988580838080974e-02 9.936009628624238310e-01 -4.387476627920575308e-03
7.115557306042431807e-02 9.950712313409374454e-01 -4.231633565646110949e-03
5.393999746551525476e-02 9.962444742846419121e-01 -4.074536579020014357e-03
3.670830286462106046e-02 9.971204217510696299e-01 -3.916232219269852668e-03
1.946563517486631437e-02 9.976988933094920187e-01 -3.756767395393874592e-03
2.217140817536683139e-03 9.979797980005955527e-01 -3.596189360260993850e-03
-1.503203485084580147e-02 9.979631342680825856e-01 -3.434545696608544939e-03
-3.227674910378815903e-02 9.976489898623228658e-01 -3.271884302942623755e-03
-4.951186340597388269e-02 9.970375417162012921e-01 -3.108253379344694169e-03
-6.673224496976444542e-02 9.961290557933166756e-01 -2.943701413188862855e-03
-8.393276830655688192e-02 9.949238869086913795e-01 -2.778277164774023856e-03
-1.011083167725054938e-01 9.934224785221652532e-01 -2.612029652875096520e-03
-1.182537841080962410e-01 9.916253625046583808e-01 -2.445008140217839760e-03
-1.353640759711433050e-01 9.895331588774851639e-01 -2.277262118881038643e-03
-1.524341114626587557e-01 9.871465755249290153e-01 -2.108841295631071894e-03
-1.694588246451773361e-01 9.844664078802790597e-01 -1.939795577192686242e-03
-1.864331660530499368e-01 9.814935385855473315e-01 -1.770175055460561841e-03
-2.033521041942541741e-01 9.782289371250909582e-01 -1.600029992655962411e-03
-2.202106270432504231e-01 9.746736594333754722e-01 -1.429410806433098783e-03
-2.370037435244894408e-01 9.708288474771108456e-01 -1.258368054939077536e-03
-2.537264849860659255e-01 9.666957288120195946e-01 -1.086952421832570797e-03
-2.703739066631387633e-01 9.622756161144870868e-01 -9.152147012651203235e-04
-2.869410891306745648e-01 9.575699066883538446e-01 -7.432057828297343417e-04
-3.034231397451017664e-01 9.525800819471265113e-01 -5.709766364812013514e-04
-3.198151940744706767e-01 9.473077068718770422e-01 -3.985782974325583101e-04
-3.361124173166999962e-01 9.417544294451214437e-01 -2.260618510323974693e-04
-3.523100057055646994e-01 9.359219800609527296e-01 -5.347841762696137273e-05
-3.684031879039764146e-01 9.298121709117416200e-01 1.191208625877763648e-04
-3.843872263842265657e-01 9.234268953516918677e-01 2.916848447200905419e-04
-4.002574187948054751e-01 9.167681272375610702e-01 4.641623943378396771e-04
-4.160090993134372694e-01 9.098379202468624971e-01 6.365024026207015883e-04
-4.316376399859833124e-01 9.026384071738562387e-01 8.086538015048555387e-04
-4.471384520508473459e-01 8.951717992036658522e-01 9.805655788154099637e-04
-4.625069872485955136e-01 8.874403851648229313e-01 1.152186793382622542e-03
-4.777387391163976926e-01 8.794465307605989768e-01 1.323466590136728686e-03
-4.928292442670178519e-01 8.711926777794397614e-01 1.494354215177428648e-03
-5.077740836520222567e-01 8.626813432848456920e-01 1.664799030813366625e-03
-5.225688838089077581e-01 8.539151187850445579e-01 1.834750530567203896e-03
-5.372093180918363631e-01 8.448966693828049435e-01 2.004158354141639432e-03
-5.516911078857328343e-01 8.356287329057205948e-01 2.172972302342462709e-03
-5.660100238034097009e-01 8.261141190173493243e-01 2.341142351953519329e-03
-5.801618868654871974e-01 8.163557083095354105e-01 2.508618670559701735e-03
-5.941425696628348518e-01 8.063564513762880859e-01 2.675351631313372096e-03
-6.079479975012772597e-01 7.961193678695687170e-01 2.841291827639868227e-03
-6.215741495283245710e-01 7.856475455373523875e-01 3.006390087877768274e-03
-6.350170598416697842e-01 7.749441392443379151e-01 3.170597489849383104e-03
-6.482728185792661080e-01 7.640123699756428133e-01 3.333865375357658242e-03
-6.613375729907066125e-01 7.528555238238930913e-01 3.496145364604508025e-03
-6.742075284897331988e-01 7.414769509600442898e-01 3.657389370526828443e-03
-6.868789496876512857e-01 7.298800645883203320e-01 3.817549613045733911e-03
-6.993481614074567032e-01 7.180683398856352317e-01 3.976578633224826451e-03
-7.116115496784847227e-01 7.060453129258722482e-01 4.134429307333330889e-03
-7.236655627113849354e-01 6.938145795894061774e-01 4.291054860809747143e-03
-7.355067118532813142e-01 6.813797944582040689e-01 4.446408882122357582e-03
-7.471315725229054072e-01 6.687446696969320259e-01 4.600445336521831984e-03
-7.585367851255727656e-01 6.559129739204004883e-01 4.753118579682353087e-03
-7.697190559478412908e-01 6.428885310477410187e-01 4.904383371227013545e-03
-7.806751580317056183e-01 6.296752191436802981e-01 5.054194888133549043e-03
-7.914019320281797665e-01 6.162769692473033523e-01 5.202508738016239920e-03
-8.018962870301669099e-01 6.026977641886372972e-01 5.349280972280522246e-03
-8.121552013844500761e-01 5.889416373934841520e-01 5.494468099145779008e-03
-8.221757234827178351e-01 5.750126716768317880e-01 5.638027096532926066e-03
-8.319549725315009692e-01 5.609149980252317036e-01 5.779915424812779624e-03
-8.414901393009203145e-01 5.466527943685109969e-01 5.920091039411471204e-03
-8.507784868521480748e-01 5.322302843411838014e-01 6.058512403269184811e-03
-8.598173512434794663e-01 5.176517360339480955e-01 6.195138499148373883e-03
-8.686041422149615165e-01 5.029214607355904088e-01 6.329928841788226221e-03
-8.771363438514594435e-01 4.880438116657208059e-01 6.462843489901203171e-03
-8.854115152241156528e-01 4.730231826986591170e-01 6.593843058008538351e-03
-8.934272910101291876e-01 4.578640070788500549e-01 6.722888728110996623e-03
-9.011813820907875749e-01 4.425707561281667646e-01 6.849942261191493270e-03
-9.086715761277046610e-01 4.271479379454548031e-01 6.974966008546162888e-03
-9.158957381172028178e-01 4.116000960986940793e-01 7.097922922940379069e-03
-9.228518109228166511e-01 3.959318083100847319e-01 7.218776569586807072e-03
-9.295378157858519286e-01 3.801476851344730012e-01 7.337491136941706044e-03
-9.359518528139852966e-01 3.642523686314192433e-01 7.454031447316702627e-03
-9.420921014478677025e-01 3.482505310312761782e-01 7.568362967302686220e-03
-9.479568209057144257e-01 3.321468733956152164e-01 7.680451818002829133e-03
-9.535443506058455254e-01 3.159461242723675123e-01 7.790264785071549306e-03
-9.588531105671915800e-01 2.996530383459670710e-01 7.897769328556769261e-03
-9.638816017877224196e-01 2.832723950829054704e-01 8.002933592542114602e-03
-9.686284066008130633e-01 2.668089973729829145e-01 8.105726414586537573e-03
-9.730921890095395321e-01 2.502676701666107228e-01 8.206117334958417525e-03
-9.772716949989098678e-01 2.336532591084939658e-01 8.304076605661429508e-03
-9.811657528260309125e-01 2.169706291680203458e-01 8.399575199249553759e-03
-9.847732732882256146e-01 2.002246632667035176e-01 8.492584817428440111e-03
-9.880932499691190696e-01 1.834202609029542130e-01 8.583077899440932912e-03
-9.911247594627021762e-01 1.665623367745701355e-01 8.671027630233828221e-03
-9.938669615753999986e-01 1.496558193992131303e-01 8.756407948403781630e-03
-9.963190995061713684e-01 1.327056497332128049e-01 8.839193553919863500e-03
-9.984805000046619305e-01 1.157167797890073097e-01 8.919359915620497792e-03
-1.000350573507448937e+00 9.869417125153200077e-02 8.996883278482597016e-03
-1.001928814252406097e+00 8.164279409388676412e-02 9.071740670660622535e-03
-1.003214800371232451e+00 6.456762519253846089e-02 9.143909910293733165e-03
-1.004208193960180129e+00 4.747364694243420835e-02 9.213369612078683643e-03
-1.004908741129026506e+00 3.036584587227746795e-02 9.280099193606774696e-03
-1.005316272028338842e+00 1.324921126028875615e-02 9.344078881462858019e-03
-1.005430700855077353e+00 -3.871266249255737087e-03 9.405289717084637166e-03
-1.005252025836589125e+00 -2.099059602838946464e-02 9.463713562380453304e-03
-1.004780329193047050e+00 -3.810378884648239067e-02 9.519333105104069159e-03
-1.004015777078390181e+00 -5.520585824956539961e-02 9.572131863984612368e-03
-1.002958619499822124e+00 -7.229182193771409304e-02 9.622094193610328597e-03
-1.001609190215931644e+00 -8.935670314018108462e-02 9.669205289064680339e-03
-9.999679066134957717e-01 -1.063955319879932720e-01 9.713451190313339423e-03
-9.980352695630325677e-01 -1.234033468837315295e-01 9.754818786340872794e-03
-9.958118632531713921e-01 -1.403751958681879464e-01 9.793295819035771968e-03
-9.932983550039048426e-01 -1.573061379836711571e-01 9.828870886822856437e-03
-9.904954950588026330e-01 -1.741912446336087161e-01 9.861533448041769068e-03
-9.874041163562545798e-01 -1.910256009382204634e-01 9.891273824070704809e-03
-9.840251342798196355e-01 -2.078043070859637576e-01 9.918083202194396056e-03
-9.803595463877574634e-01 -2.245224796804786149e-01 9.941953638215509856e-03
-9.764084321218251539e-01 -2.411752530827611096e-01 9.962878058808693690e-03
-9.721729524954181301e-01 -2.577577807482710481e-01 9.980850263616527357e-03
-9.676543497611326261e-01 -2.742652365587533447e-01 9.995864927086862278e-03
-9.628539470578464377e-01 -2.906928161484335638e-01 1.000791760005086822e-02
-9.577731480373935513e-01 -3.070357382243688038e-01 1.001700471104142662e-02
-9.524134364709282430e-01 -3.232892458806652103e-01 1.002312356735143850e-02
-9.467763758350614678e-01 -3.394486079063001593e-01 1.002627235583171926e-02
-9.408636088778743467e-01 -3.555091200862630640e-01 1.002645014342828933e-02
-9.346768571648824686e-01 -3.714661064957982539e-01 1.002365687745884054e-02
-9.282179206050686915e-01 -3.873149207874175270e-01 1.001789338562837292e-02
-9.214886769570690417e-01 -4.030509474704690454e-01 1.000916137578389611e-02
-9.144910813156109652e-01 -4.186696031829772457e-01 9.997463435408379326e-03
-9.072271655783129551e-01 -4.341663379554948077e-01 9.982803030854019155e-03
-8.996990378929400345e-01 -4.495366364667067183e-01 9.965184506315078600e-03
-8.919088820852326682e-01 -4.647760192905054932e-01 9.944613082540625093e-03
-8.838589570673942575e-01 -4.798800441343220591e-01 9.921094855287486761e-03
-8.755515962273747732e-01 -4.948443070683893330e-01 9.894636793513964662e-03
-8.669892067990414564e-01 -5.096644437457243937e-01 9.865246737314771128e-03
-8.581742692133569328e-01 -5.243361306125480237e-01 9.832933395597848181e-03
-8.491093364306822044e-01 -5.388550861088858834e-01 9.797706343503730445e-03
-8.397970332543172045e-01 -5.532170718590943004e-01 9.759576019568201935e-03
-8.302400556254132535e-01 -5.674178938520310078e-01 9.718553722629181754e-03
-8.204411698993506752e-01 -5.814534036106571158e-01 9.674651608478579412e-03
-8.104032121037441083e-01 -5.953194993507491262e-01 9.627882686260302858e-03
-8.001290871781783220e-01 -6.090121271285096061e-01 9.578260814615362911e-03
-7.896217681958088708e-01 -6.225272819767936339e-01 9.525800697575251968e-03
-7.788842955669659229e-01 -6.358610090297022177e-01 9.470517880204819966e-03
-7.679197762249032611e-01 -6.490094046352630208e-01 9.412428743995981603e-03
-7.567313827937993675e-01 -6.619686174559822334e-01 9.351550502013446578e-03
-7.453223527391983350e-01 -6.747348495569530646e-01 9.287901193794176335e-03
-7.336959875010002907e-01 -6.873043574812996992e-01 9.221499680001859697e-03
-7.218556516091616526e-01 -6.996734533126857114e-01 9.152365636838095259e-03
-7.098047717822549840e-01 -7.118385057246259251e-01 9.080519550211909457e-03
-6.975468360090385511e-01 -7.237959410163463669e-01 9.005982709669317285e-03
-6.850853926132085547e-01 -7.355422441349194207e-01 8.928777202084842504e-03
-6.724240493014578268e-01 -7.470739596834498064e-01 8.848925905116593327e-03
-6.595664721950524889e-01 -7.583876929150046298e-01 8.766452480427195521e-03
-6.465163848450601325e-01 -7.694801107120631256e-01 8.681381366672309002e-03
-6.332775672314142623e-01 -7.803479425512166445e-01 8.593737772258922339e-03
-6.198538547459864212e-01 -7.909879814528585351e-01 8.503547667875565805e-03
-6.062491371598456302e-01 -8.013970849156084597e-01 8.410837778796606198e-03
-5.924673575749013210e-01 -8.115721758352035797e-01 8.315635576963064171e-03
-5.785125113600775304e-01 -8.215102434076266835e-01 8.217969272841952472e-03
-5.643886450722648274e-01 -8.312083440161728287e-01 8.117867807066997399e-03
-5.500998553622019616e-01 -8.406636021022313443e-01 8.015360841862871968e-03
-5.356502878655058364e-01 -8.498732110195108547e-01 7.910478752255646964e-03
-5.210441360790486476e-01 -8.588344338714596349e-01 7.803252617071992567e-03
-5.062856402229052311e-01 -8.675446043316098477e-01 7.693714209729938212e-03
-4.913790860880435374e-01 -8.760011274466261710e-01 7.581895988823588069e-03
-4.763288038700338456e-01 -8.842014804217616097e-01 7.467831088505033459e-03
-4.611391669889530753e-01 -8.921432133885013327e-01 7.351553308665961101e-03
-4.458145908957339976e-01 -8.998239501541283047e-01 7.233097104922015484e-03
-4.303595318651839974e-01 -9.072413889329653536e-01 7.112497578402860940e-03
-4.147784857759110322e-01 -9.143933030590436495e-01 6.989790465350931466e-03
-3.990759868774171881e-01 -9.212775416799441341e-01 6.865012126532109640e-03
-3.832566065445592307e-01 -9.278920304315856349e-01 6.738199536461099773e-03
-3.673249520196941731e-01 -9.342347720936867717e-01 6.609390272445182443e-03
-3.512856651427180843e-01 -9.403038472256830538e-01 6.478622503449213595e-03
-3.351434210692831317e-01 -9.460974147828445924e-01 6.345934978785348034e-03
-3.189029269774559805e-01 -9.516137127123627248e-01 6.211367016630774639e-03
-3.025689207630899991e-01 -9.568510585291684079e-01 6.074958492376866803e-03
-2.861461697242110302e-01 -9.618078498712396840e-01 5.936749826813353739e-03
-2.696394692346503752e-01 -9.664825650341837271e-01 5.796781974150599578e-03
-2.530536414072843132e-01 -9.708737634848438880e-01 5.655096409884105037e-03
-2.363935337471246845e-01 -9.749800863537202433e-01 5.511735118504385370e-03
-2.196640177945846095e-01 -9.788002569059732760e-01 5.366740581056067029e-03
-2.028699877592172462e-01 -9.823330809907939720e-01 5.220155762549802576e-03
-1.860163591442647035e-01 -9.855774474689138476e-01 5.072024099230937333e-03
-1.691080673622821218e-01 -9.885323286180583979e-01 4.922389485708224613e-03
-1.521500663422307997e-01 -9.911967805161135958e-01 4.771296261947030430e-03
-1.351473271283203104e-01 -9.935699434018133713e-01 4.618789200130415593e-03
-1.181048364709545578e-01 -9.956510420127360206e-01 4.464913491392166582e-03
-1.010275954101211848e-01 -9.974393859004180296e-01 4.309714732425693091e-03
-8.392061785156780529e-02 -9.989343697223856955e-01 4.153238911972707489e-03
-6.678892913613927729e-02 -1.000135473510914252e+00 3.995532397195899858e-03
-4.963756460258193781e-02 -1.001042262918335091e+00 3.836641919939152209e-03
-3.247156814424945193e-02 -1.001654389438700443e+00 3.676614562880012923e-03
-1.529599076002742183e-02 -1.001971590605640117e+00 3.515497745578050059e-03
1.884110900126762661e-03 -1.001993690166228523e+00 3.353339210423417725e-03
1.906367599465140159e-02 -1.001720598230710024e+00 3.190187008489749846e-03
3.623764095447257888e-02 -1.001152311397907502e+00 3.026089485295557682e-03
5.340094095130777652e-02 -1.000288912856172940e+00 2.861095266478546825e-03
7.054851136983730786e-02 -9.991305724597246973e-01 2.695253243386585076e-03
8.767528928327023019e-02 -9.976775467802292408e-01 2.528612558590279027e-03
1.047762149319508285e-01 -9.959301791334950194e-01 2.361222591320934119e-03
1.218462332045713720e-01 -9.938888995811460125e-01 2.193132942838423634e-03
1.388802951215813430e-01 -9.915542249071500613e-01 2.024393421733230135e-03
1.558733593203495416e-01 -9.889267585690946216e-01 1.855054029167223619e-03
1.728203935417041148e-01 -9.860071906240838180e-01 1.685164944057029445e-03
1.897163761173492891e-01 -9.827962976291758634e-01 1.514776508205073740e-03
2.065562974577747624e-01 -9.792949425162471577e-01 1.343939211382182098e-03
2.233351615401958090e-01 -9.755040744412077913e-01 1.172703676366374350e-03
2.400479873960827959e-01 -9.714247286074847443e-01 1.001120643942240984e-03
2.566898105978339673e-01 -9.670580260636955083e-01 8.292409578653189318e-04
2.732556847441187098e-01 -9.624051734754651699e-01 6.571155497961312557e-04
2.897406829434842623e-01 -9.574674628713044644e-01 4.847954242078240830e-04
3.061398992956973486e-01 -9.522462713625299280e-01 3.123316432725820133e-04
3.224484503704073690e-01 -9.467430608371677492e-01 1.397753117307692320e-04
3.386614766826442913e-01 -9.409593776278194488e-01 -3.282243825250764679e-05
3.547741441646812266e-01 -9.348968521534664067e-01 -2.054104622389640649e-04
3.707816456337928446e-01 -9.285571985351974700e-01 -3.779376186723738124e-04
3.866792022554134678e-01 -9.219422141858704123e-01 -5.503527840327734292e-04
4.024620650012627476e-01 -9.150537793736834846e-01 -7.226048679856784040e-04
4.181255161018935795e-01 -9.078938567597099052e-01 -8.946428285211089964e-04
4.336648704932254406e-01 -9.004644909093900695e-01 -1.066415687078475089e-03
4.490754772565589970e-01 -8.927678077780331067e-01 -1.237872543652624108e-03
4.643527210515882020e-01 -8.848060141703607551e-01 -1.408962591876647017e-03
4.794920235419047883e-01 -8.765813971741629462e-01 -1.579635134076758400e-03
4.944888448125471236e-01 -8.680963235681029566e-01 -1.749839596295324311e-03
5.093386847790418726e-01 -8.593532392037783740e-01 -1.919525543276876444e-03
5.240370845874905426e-01 -8.503546683620974989e-01 -2.088642693413201787e-03
5.385796280051884377e-01 -8.411032130840776500e-01 -2.257140933642867806e-03
5.529619428012861881e-01 -8.316015524761665167e-01 -2.424970334300803870e-03
5.671797021170008613e-01 -8.218524419901984679e-01 -2.592081163913575841e-03
5.812286258248642312e-01 -8.118587126781294794e-01 -2.758423903935752070e-03
5.951044818765602873e-01 -8.016232704216509353e-01 -2.923949263423528556e-03
6.088030876387970913e-01 -7.911490951368713720e-01 -3.088608193640559382e-03
6.223203112167663420e-01 -7.804392399541960623e-01 -3.252351902592190338e-03
6.356520727646790547e-01 -7.694968303735815196e-01 -3.415131869483580690e-03
6.487943457828916349e-01 -7.583250633953458886e-01 -3.576899859097460842e-03
6.617431584011358447e-01 -7.469272066267174104e-01 -3.737607936087302719e-03
6.744945946473480669e-01 -7.353065973643434505e-01 -3.897208479181461967e-03
6.870447957016554419e-01 -7.234666416529296207e-01 -4.055654195294591813e-03
6.993899611349810863e-01 -7.114108133202818873e-01 -4.212898133541471794e-03
7.115263501318300765e-01 -6.991426529889507302e-01 -4.368893699149593683e-03
7.234502826967604827e-01 -6.866657670647329237e-01 -4.523594667266209873e-03
7.351581408440761578e-01 -6.739838267022824070e-01 -4.676955196655777601e-03
7.466463697702501179e-01 -6.611005667481133496e-01 -4.828929843283584489e-03
7.579114790086547426e-01 -6.480197846612296697e-01 -4.979473573781986219e-03
7.689500435660826527e-01 -6.347453394117238412e-01 -5.128541778794634166e-03
7.797587050406403764e-01 -6.212811503576013417e-01 -5.276090286195227880e-03
7.903341727205462908e-01 -6.076311961001575890e-01 -5.422075374176669842e-03
8.006732246633840866e-01 -5.937995133182208951e-01 -5.566453784206771421e-03
8.107727087553751044e-01 -5.797901955815922825e-01 -5.709182733846730057e-03
8.206295437502159063e-01 -5.656073921440366581e-01 -5.850219929428366120e-03
8.302407202870809577e-01 -5.512553067161325426e-01 -5.989523578586826089e-03
8.396033018873233500e-01 -5.367381962184025745e-01 -6.127052402644445582e-03
8.487144259294847615e-01 -5.220603695150470847e-01 -6.262765648842539591e-03
8.575713046021894437e-01 -5.072261861286836426e-01 -6.396623102417330411e-03
8.661712258345168891e-01 -4.922400549364774336e-01 -6.528585098516441476e-03
8.745115542034552769e-01 -4.771064328480618677e-01 -6.658612533952482440e-03
8.825897318180367934e-01 -4.618298234656778578e-01 -6.786666878790058310e-03
8.904032791797906743e-01 -4.464147757269042449e-01 -6.912710187763182468e-03
8.979497960191096251e-01 -4.308658825304714224e-01 -7.036705111519167902e-03
9.052269621071811212e-01 -4.151877793455499011e-01 -7.158614907686074516e-03
9.122325380431173247e-01 -3.993851428049789432e-01 -7.278403451760272549e-03
9.189643660159336758e-01 -3.834626892828861267e-01 -7.396035247810925882e-03
9.254203705410268821e-01 -3.674251734571820083e-01 -7.511475438998116601e-03
9.315985591708375591e-01 -3.512773868573533798e-01 -7.624689817901812716e-03
9.374970231793470221e-01 -3.350241563981029569e-01 -7.735644836658183560e-03
9.431139382201164656e-01 -3.186703428992764819e-01 -7.844307616900560165e-03
9.484475649575530021e-01 -3.022208395925926605e-01 -7.950645959502029153e-03
9.534962496711086866e-01 -2.856805706156803626e-01 -8.054628354116705885e-03
9.582584248321347475e-01 -2.690544894939296272e-01 -8.156223988516958165e-03
9.627326096531036992e-01 -2.523475776106989810e-01 -8.255402757723663554e-03
9.669174106089568621e-01 -2.355648426663537465e-01 -8.352135272927069948e-03
9.708115219303022903e-01 -2.187113171267360268e-01 -8.446392870195267022e-03
9.744137260682383950e-01 -2.017920566615572231e-01 -8.538147618967938807e-03
9.777228941305650123e-01 -1.848121385732782451e-01 -8.627372330332793576e-03
9.807379862891657529e-01 -1.677766602170264187e-01 -8.714040565082225090e-03
9.834580521583561330e-01 -1.506907374121031484e-01 -8.798126641547842491e-03
9.858822311439967567e-01 -1.335595028456675049e-01 -8.879605643210426377e-03
9.880097527631965804e-01 -1.163881044691101596e-01 -8.958453426083343857e-03
9.898399369344256238e-01 -9.918170388776184621e-02 -9.034646625866851744e-03
9.913721942378849183e-01 -8.194547474446117752e-02 -9.108162664871473357e-03
9.926060261459825895e-01 -6.468460109758496224e-02 -9.178979758708244105e-03
9.935410252237848461e-01 -4.740427579411986281e-02 -9.247076922743915905e-03
9.941768752993156433e-01 -3.010969883838668371e-02 -9.312433978319099512e-03
9.945133516036026577e-01 -1.280607575695640564e-02 -9.375031558727721023e-03
9.945503208803644357e-01 4.501384039573981012e-03 -9.434851114955738680e-03
9.942877414652629975e-01 2.180746889740092787e-02 -9.491874921177633276e-03
9.937256633346464030e-01 3.910696656230604196e-02 -9.546086080008944416e-03
9.928642281237256562e-01 5.639466582382016840e-02 -9.597468527513339925e-03
9.917036691141409843e-01 7.366535816015820637e-02 -9.646007037962705741e-03
9.902443111908870721e-01 9.091383938329636316e-02 -9.691687228348830341e-03
9.884865707685763780e-01 1.081349112836371834e-01 -9.734495562645455527e-03
9.864309556870396456e-01 1.253233832735824727e-01 -9.774419355819246799e-03
9.840780650762694926e-01 1.424740740294580810e-01 -9.811446777588666776e-03
9.814285891907280623e-01 1.595818131311592392e-01 -9.845566855929520009e-03
9.784833092130574839e-01 1.766414426989111330e-01 -9.876769480326227230e-03
9.752430970272355504e-01 1.936478190265387977e-01 -9.905045404767774328e-03
9.717089149612490040e-01 2.105958142106167386e-01 -9.930386250487498179e-03
9.678818154993408251e-01 2.274803177749445127e-01 -9.952784508445913086e-03
9.637629409639422162e-01 2.442962382896716467e-01 -9.972233541555795486e-03
9.593535231673749886e-01 2.610385049845209693e-01 -9.988727586648886783e-03
9.546548830334455893e-01 2.777020693554865804e-01 -1.000226175618365576e-02
9.496684301890557789e-01 2.942819067644159570e-01 -1.001283203969358278e-02
9.443956625259768423e-01 3.107730180308556633e-01 -1.002043530497553382e-02
9.388381657329304408e-01 3.271704310156214879e-01 -1.002506929901791390e-02
9.329976127981569611e-01 3.434692021954321994e-01 -1.002673264866827882e-02
9.268757634826418901e-01 3.596644182280720470e-01 -1.002542486104023370e-02
9.204744637641959493e-01 3.757511975074795396e-01 -1.002114632365946889e-02
9.137956452525946016e-01 3.917246917081865232e-01 -1.001389830434895427e-02
9.068413245759935348e-01 4.075800873185377315e-01 -1.000368295085323454e-02
8.996136027388604850e-01 4.233126071621025610e-01 -9.990503290202018202e-03
8.921146644516416702e-01 4.389175119067643682e-01 -9.974363227813195371e-03
8.843467774324518249e-01 4.543901015608632910e-01 -9.955267546335582959e-03
8.763122916810277552e-01 4.697257169558912704e-01 -9.933221904231721508e-03
8.680136387252386232e-01 4.849197412151715070e-01 -9.908232834101150452e-03
8.594533308404386229e-01 4.999676012079876108e-01 -9.880307740744656217e-03
8.506339602419650259e-01 5.148647689886322043e-01 -9.849454898970067332e-03
8.415581982511055603e-01 5.296067632198292463e-01 -9.815683451140276572e-03
8.322287944348329969e-01 5.441891505800616757e-01 -9.779003404464111163e-03
8.226485757196811965e-01 5.586075471542254478e-01 -9.739425628031025961e-03
8.128204454800799228e-01 5.728576198071588799e-01 -9.696961849590334317e-03
8.027473826015190106e-01 5.869350875395298317e-01 -9.651624652076031333e-03
7.924324405189063780e-01 6.008357228256011595e-01 -9.603427469878191361e-03
7.818787462305093472e-01 6.145553529323782849e-01 -9.552384584862095088e-03
7.710894992878386534e-01 6.280898612197121089e-01 -9.498511122136159973e-03
7.600679707619123482e-01 6.414351884208410182e-01 -9.441823045570079190e-03
7.488175021862796266e-01 6.545873339029595339e-01 -9.382337153064364277e-03
7.373415044772305693e-01 6.675423569073601904e-01 -9.320071071572776436e-03
7.256434568316194600e-01 6.802963777687132119e-01 -9.255043251879074145e-03
7.137269056027305547e-01 6.928455791130699870e-01 -9.187272963129636608e-03
7.015954631546481579e-01 7.051862070341564648e-01 -9.116780287123643980e-03
6.892528066955431187e-01 7.173145722475998687e-01 -9.043586112362346149e-03
6.767026770903858957e-01 7.292270512226378676e-01 -8.967712127859380281e-03
6.639488776535179548e-01 7.409200872909761371e-01 -8.889180816713852795e-03
6.509952729215690015e-01 7.523901917324015143e-01 -8.808015449448097431e-03
6.378457874072008815e-01 7.636339448367979177e-01 -8.724240077112128608e-03
6.245044043341658746e-01 7.746479969422190859e-01 -8.637879524156772890e-03
6.109751643541893040e-01 7.854290694486648627e-01 -8.548959381077719799e-03
5.972621642461386493e-01 7.959739558072741472e-01 -8.457505996832398454e-03
5.833695555980419334e-01 8.062795224845694664e-01 -8.363546471032287308e-03
5.693015434724285617e-01 8.163427099014901600e-01 -8.267108645912691831e-03
5.550623850555269634e-01 8.261605333469048684e-01 -8.168221098082496801e-03
5.406563882908395069e-01 8.357300838653344277e-01 -8.066913130056271516e-03
5.260879104976398102e-01 8.450485291185995118e-01 -7.963214761571385525e-03
5.113613569748842735e-01 8.541131142211751959e-01 -7.857156720692393473e-03
4.964811795911323045e-01 8.629211625489621174e-01 -7.748770434705734393e-03
4.814518753609756119e-01 8.714700765212816114e-01 -7.638088020807108115e-03
4.662779850085359556e-01 8.797573383558562332e-01 -7.525142276584476098e-03
4.509640915185829657e-01 8.877805107965782705e-01 -7.409966670299420605e-03
4.355148186758143747e-01 8.955372378138692913e-01 -7.292595330969753147e-03
4.199348295928773678e-01 9.030252452774416572e-01 -7.173063038256446110e-03
4.042288252276370342e-01 9.102423416013155633e-01 -7.051405212157525228e-03
3.884015428903164757e-01 9.171864183609051979e-01 -6.927657902512452184e-03
3.724577547410201639e-01 9.238554508820483457e-01 -6.801857778319763369e-03
3.564022662782229123e-01 9.302474988018447632e-01 -6.674042116871246010e-03
3.402399148187842393e-01 9.363607066011775393e-01 -6.544248792705872203e-03
3.239755679700484503e-01 9.421933041088179639e-01 -6.412516266386736503e-03
3.076141220946164712e-01 9.477436069770059923e-01 -6.278883573104462185e-03
2.911605007683029656e-01 9.530100171284456856e-01 -6.143390311110070306e-03
2.746196532319114536e-01 9.579910231746168181e-01 -6.006076629981276296e-03
2.579965528373410200e-01 9.626852008053682352e-01 -5.866983218725269761e-03
2.412961954886101434e-01 9.670912131497311215e-01 -5.726151293721685499e-03
2.245235980783514829e-01 9.712078111079266440e-01 -5.583622586509275933e-03
2.076837969203630119e-01 9.750338336545381068e-01 -5.439439331420068378e-03
1.907818461787210429e-01 9.785682081128507237e-01 -5.293644253064245901e-03
1.738228162940852473e-01 9.818099504003402478e-01 -5.146280553670039976e-03
1.568117924076986303e-01 9.847581652453398782e-01 -4.997391900281951752e-03
1.397538727836583061e-01 9.874120463749054277e-01 -4.847022411821258828e-03
1.226541672300044961e-01 9.897708766739093944e-01 -4.695216646012632597e-03
1.055177955191735767e-01 9.918340283154217785e-01 -4.542019586180687761e-03
8.834988580838104566e-02 9.936009628624238310e-01 -4.387476627920577910e-03
7.115557306042455399e-02 9.950712313409374454e-01 -4.231633565646113551e-03
5.393999746551549068e-02 9.962444742846419121e-01 -4.074536579020016959e-03
3.670830286462131026e-02 9.971204217510696299e-01 -3.916232219269855271e-03
1.946563517487012035e-02 9.976988933094920187e-01 -3.756767395393910587e-03
2.217140817540488688e-03 9.979797980005955527e-01 -3.596189360261029411e-03
-1.503203485084555688e-02 9.979631342680825856e-01 -3.434545696608547107e-03
-3.227674910378790230e-02 9.976489898623228658e-01 -3.271884302942625923e-03
-4.951186340597363289e-02 9.970375417162012921e-01 -3.108253379344696771e-03
-6.673224496976419562e-02 9.961290557933166756e-01 -2.943701413188865457e-03
-8.393276830655665988e-02 9.949238869086913795e-01 -2.778277164774026892e-03
-1.011083167725017051e-01 9.934224785221656973e-01 -2.612029652875132949e-03
-1.182537841080960050e-01 9.916253625046583808e-01 -2.445008140217841928e-03
-1.353640759711430552e-01 9.895331588774851639e-01 -2.277262118881041245e-03
-1.524341114626585059e-01 9.871465755249290153e-01 -2.108841295631074062e-03
-1.694588246451771141e-01 9.844664078802791707e-01 -1.939795577192689061e-03
-1.864331660530496870e-01 9.814935385855473315e-01 -1.770175055460564010e-03
-2.033521041942504548e-01 9.782289371250917354e-01 -1.600029992656000141e-03
-2.202106270432467316e-01 9.746736594333762493e-01 -1.429410806433136730e-03
-2.370037435244891633e-01 9.708288474771108456e-01 -1.258368054939079704e-03
-2.537264849860656479e-01 9.666957288120195946e-01 -1.086952421832573182e-03
-2.703739066631385413e-01 9.622756161144873088e-01 -9.152147012651227088e-04
-2.869410891306743427e-01 9.575699066883538446e-01 -7.432057828297366185e-04
-3.034231397451015444e-01 9.525800819471267333e-01 -5.709766364812037366e-04
-3.198151940744670685e-01 9.473077068718782634e-01 -3.985782974325963656e-04
-3.361124173166998297e-01 9.417544294451214437e-01 -2.260618510323999359e-04
-3.523100057055645329e-01 9.359219800609529516e-01 -5.347841762696382573e-05
-3.684031879039761925e-01 9.298121709117418421e-01 1.191208625877738982e-04
-3.843872263842263437e-01 9.234268953516920897e-01 2.916848447200881024e-04
-4.002574187948052531e-01 9.167681272375612922e-01 4.641623943378372918e-04
-4.160090993134369919e-01 9.098379202468626081e-01 6.365024026206990947e-04
-4.316376399859799262e-01 9.026384071738580150e-01 8.086538015048177000e-04
-4.471384520508471239e-01 8.951717992036659632e-01 9.805655788154073616e-04
-4.625069872485953471e-01 8.874403851648230424e-01 1.152186793382620157e-03
-4.777387391163974706e-01 8.794465307605993099e-01 1.323466590136726084e-03
-4.928292442670176299e-01 8.711926777794398724e-01 1.494354215177426263e-03
-5.077740836520220347e-01 8.626813432848458030e-01 1.664799030813364240e-03
-5.225688838089046495e-01 8.539151187850464453e-01 1.834750530567165949e-03
-5.372093180918330324e-01 8.448966693828069419e-01 2.004158354141601702e-03
-5.516911078857326123e-01 8.356287329057208169e-01 2.172972302342460540e-03
-5.660100238034095899e-01 8.261141190173494353e-01 2.341142351953516727e-03
-5.801618868654869754e-01 8.163557083095355216e-01 2.508618670559699133e-03
-5.941425696628346298e-01 8.063564513762883079e-01 2.675351631313369928e-03
-6.079479975012771487e-01 7.961193678695689391e-01 2.841291827639865191e-03
-6.215741495283215734e-01 7.856475455373548300e-01 3.006390087877730977e-03
-6.350170598416696732e-01 7.749441392443380261e-01 3.170597489849381369e-03
-6.482728185792658859e-01 7.640123699756430353e-01 3.333865375357656508e-03
-6.613375729907065015e-01 7.528555238238932024e-01 3.496145364604505857e-03
-6.742075284897330878e-01 7.414769509600445119e-01 3.657389370526825841e-03
-6.868789496876510636e-01 7.298800645883205540e-01 3.817549613045732176e-03
-6.993481614074564812e-01 7.180683398856353428e-01 3.976578633224823849e-03
-7.116115496784821692e-01 7.060453129258749128e-01 4.134429307333296194e-03
-7.236655627113846023e-01 6.938145795894063994e-01 4.291054860809745408e-03
-7.355067118532812032e-01 6.813797944582042909e-01 4.446408882122354980e-03
-7.471315725229051852e-01 6.687446696969322479e-01 4.600445336521829381e-03
-7.585367851255726546e-01 6.559129739204007103e-01 4.753118579682350485e-03
-7.697190559478411798e-01 6.428885310477412407e-01 4.904383371227011811e-03
-7.806751580317032868e-01 6.296752191436832957e-01 5.054194888133516084e-03
-7.914019320281775460e-01 6.162769692473061278e-01 5.202508738016206093e-03
-8.018962870301667989e-01 6.026977641886374082e-01 5.349280972280519644e-03
-8.121552013844500761e-01 5.889416373934842630e-01 5.494468099145778141e-03
-8.221757234827176131e-01 5.750126716768320101e-01 5.638027096532925199e-03
-8.319549725315007471e-01 5.609149980252320367e-01 5.779915424812778757e-03
-8.414901393009202035e-01 5.466527943685112190e-01 5.920091039411469469e-03
-8.507784868521460764e-01 5.322302843411870210e-01 6.058512403269154453e-03
-8.598173512434793553e-01 5.176517360339483176e-01 6.195138499148371281e-03
-8.686041422149614055e-01 5.029214607355907418e-01 6.329928841788223619e-03
-8.771363438514592215e-01 4.880438116657211389e-01 6.462843489901202304e-03
-8.854115152241155418e-01 4.730231826986593391e-01 6.593843058008535749e-03
-8.934272910101290766e-01 4.578640070788502769e-01 6.722888728110994021e-03
-9.011813820907874639e-01 4.425707561281670421e-01 6.849942261191491535e-03
-9.086715761277031067e-01 4.271479379454582448e-01 6.974966008546136000e-03
-9.158957381172027068e-01 4.116000960986942458e-01 7.097922922940377334e-03
-9.228518109228166511e-01 3.959318083100849539e-01 7.218776569586804470e-03
-9.295378157858519286e-01 3.801476851344732788e-01 7.337491136941706044e-03
-9.359518528139852966e-01 3.642523686314195208e-01 7.454031447316701760e-03
-9.420921014478677025e-01 3.482505310312764002e-01 7.568362967302682751e-03
-9.479568209057132044e-01 3.321468733956188801e-01 7.680451818002804847e-03
-9.535443506058443042e-01 3.159461242723710650e-01 7.790264785071524152e-03
-9.588531105671915800e-01 2.996530383459672375e-01 7.897769328556767526e-03
-9.638816017877224196e-01 2.832723950829056925e-01 8.002933592542112867e-03
-9.686284066008128413e-01 2.668089973729831921e-01 8.105726414586535838e-03
-9.730921890095395321e-01 2.502676701666110559e-01 8.206117334958415790e-03
-9.772716949989098678e-01 2.336532591084942434e-01 8.304076605661427773e-03
-9.811657528260301353e-01 2.169706291680240096e-01 8.399575199249532942e-03
-9.847732732882256146e-01 2.002246632667037396e-01 8.492584817428438376e-03
-9.880932499691190696e-01 1.834202609029544628e-01 8.583077899440931177e-03
-9.911247594627021762e-01 1.665623367745703576e-01 8.671027630233826486e-03
-9.938669615753999986e-01 1.496558193992133801e-01 8.756407948403781630e-03
-9.963190995061713684e-01 1.327056497332130269e-01 8.839193553919861765e-03
-9.984805000046619305e-01 1.157167797890075456e-01 8.919359915620496057e-03
-1.000350573507448493e+00 9.869417125153574777e-02 8.996883278482579668e-03
-1.001928814252406097e+00 8.164279409388700004e-02 9.071740670660622535e-03
-1.003214800371232451e+00 6.456762519253866905e-02 9.143909910293731430e-03
-1.004208193960180129e+00 4.747364694243445815e-02 9.213369612078683643e-03
-1.004908741129026506e+00 3.036584587227771082e-02 9.280099193606772962e-03
-1.005316272028338842e+00 1.324921126028899727e-02 9.344078881462856284e-03
-1.005430700855077353e+00 -3.871266249251961028e-03 9.405289717084623288e-03
-1.005252025836589125e+00 -2.099059602838568642e-02 9.463713562380441160e-03
-1.004780329193047050e+00 -3.810378884648214087e-02 9.519333105104069159e-03
-1.004015777078390181e+00 -5.520585824956516369e-02 9.572131863984610634e-03
-1.002958619499822124e+00 -7.229182193771385712e-02 9.622094193610328597e-03
-1.001609190215931644e+00 -8.935670314018084870e-02 9.669205289064678605e-03
-9.999679066134957717e-01 -1.063955319879930361e-01 9.713451190313339423e-03
-9.980352695630331228e-01 -1.234033468837277825e-01 9.754818786340864120e-03
-9.958118632531713921e-01 -1.403751958681876966e-01 9.793295819035770233e-03
-9.932983550039048426e-01 -1.573061379836709073e-01 9.828870886822856437e-03
-9.904954950588026330e-01 -1.741912446336084386e-01 9.861533448041769068e-03
-9.874041163562545798e-01 -1.910256009382202413e-01 9.891273824070704809e-03
-9.840251342798198575e-01 -2.078043070859635078e-01 9.918083202194396056e-03
-9.803595463877576854e-01 -2.245224796804783651e-01 9.941953638215509856e-03
-9.764084321218262641e-01 -2.411752530827574181e-01 9.962878058808688486e-03
-9.721729524954181301e-01 -2.577577807482708261e-01 9.980850263616527357e-03
-9.676543497611326261e-01 -2.742652365587531227e-01 9.995864927086862278e-03
-9.628539470578464377e-01 -2.906928161484333417e-01 1.000791760005086822e-02
-9.577731480373935513e-01 -3.070357382243685818e-01 1.001700471104142662e-02
-9.524134364709284650e-01 -3.232892458806649327e-01 1.002312356735143850e-02
-9.467763758350629111e-01 -3.394486079062965511e-01 1.002627235583171926e-02
-9.408636088778757900e-01 -3.555091200862595668e-01 1.002645014342828933e-02
-9.346768571648824686e-01 -3.714661064957980319e-01 1.002365687745884054e-02
-9.282179206050689135e-01 -3.873149207874172495e-01 1.001789338562837466e-02
-9.214886769570692637e-01 -4.030509474704687678e-01 1.000916137578389611e-02
-9.144910813156110763e-01 -4.186696031829770237e-01 9.997463435408379326e-03
-9.072271655783130662e-01 -4.341663379554945301e-01 9.982803030854019155e-03
-8.996990378929416998e-01 -4.495366364667033876e-01 9.965184506315083804e-03
-8.919088820852327792e-01 -4.647760192905052712e-01 9.944613082540625093e-03
-8.838589570673943685e-01 -4.798800441343217815e-01 9.921094855287486761e-03
-8.755515962273749953e-01 -4.948443070683891110e-01 9.894636793513964662e-03
-8.669892067990415674e-01 -5.096644437457241716e-01 9.865246737314771128e-03
-8.581742692133570438e-01 -5.243361306125478016e-01 9.832933395597849915e-03
-8.491093364306823155e-01 -5.388550861088856614e-01 9.797706343503732179e-03
-8.397970332543192029e-01 -5.532170718590911918e-01 9.759576019568210609e-03
-8.302400556254133646e-01 -5.674178938520308968e-01 9.718553722629181754e-03
-8.204411698993507862e-01 -5.814534036106568937e-01 9.674651608478579412e-03
-8.104032121037443304e-01 -5.953194993507489041e-01 9.627882686260304593e-03
-8.001290871781783220e-01 -6.090121271285093840e-01 9.578260814615362911e-03
-7.896217681958090928e-01 -6.225272819767935228e-01 9.525800697575251968e-03
-7.788842955669683654e-01 -6.358610090296992201e-01 9.470517880204832109e-03
-7.679197762249058146e-01 -6.490094046352600232e-01 9.412428743995993746e-03
-7.567313827937994786e-01 -6.619686174559821223e-01 9.351550502013446578e-03
-7.453223527391985570e-01 -6.747348495569529536e-01 9.287901193794176335e-03
-7.336959875010004017e-01 -6.873043574812995882e-01 9.221499680001859697e-03
-7.218556516091618747e-01 -6.996734533126856004e-01 9.152365636838096993e-03
-7.098047717822552061e-01 -7.118385057246257031e-01 9.080519550211911192e-03
-6.975468360090412157e-01 -7.237959410163437024e-01 9.005982709669334632e-03
-6.850853926132088878e-01 -7.355422441349191987e-01 8.928777202084842504e-03
-6.724240493014580489e-01 -7.470739596834496954e-01 8.848925905116593327e-03
-6.595664721950527110e-01 -7.583876929150044077e-01 8.766452480427197255e-03
-6.465163848450604656e-01 -7.694801107120630146e-01 8.681381366672310737e-03
-6.332775672314144844e-01 -7.803479425512166445e-01 8.593737772258924074e-03
-6.198538547459866432e-01 -7.909879814528583131e-01 8.503547667875565805e-03
-6.062491371598485168e-01 -8.013970849156061282e-01 8.410837778796627015e-03
-5.924673575749014320e-01 -8.115721758352033577e-01 8.315635576963065906e-03
-5.785125113600776414e-01 -8.215102434076263505e-01 8.217969272841954206e-03
-5.643886450722650494e-01 -8.312083440161726067e-01 8.117867807066999133e-03
-5.500998553622021836e-01 -8.406636021022312333e-01 8.015360841862873703e-03
-5.356502878655061695e-01 -8.498732110195107436e-01 7.910478752255646964e-03
-5.210441360790518672e-01 -8.588344338714576365e-01 7.803252617072015118e-03
-5.062856402229084507e-01 -8.675446043316080713e-01 7.693714209729962498e-03
-4.913790860880437594e-01 -8.760011274466260600e-01 7.581895988823589803e-03
-4.763288038700340121e-01 -8.842014804217614987e-01 7.467831088505036928e-03
-4.611391669889532419e-01 -8.921432133885011106e-01 7.351553308665961101e-03
-4.458145908957342196e-01 -8.998239501541283047e-01 7.233097104922016352e-03
-4.303595318651842194e-01 -9.072413889329652426e-01 7.112497578402861807e-03
-4.147784857759145294e-01 -9.143933030590420952e-01 6.989790465350957487e-03
-3.990759868774174102e-01 -9.212775416799439121e-01 6.865012126532110508e-03
-3.832566065445595083e-01 -9.278920304315854128e-01 6.738199536461101508e-03
-3.673249520196944506e-01 -9.342347720936867717e-01 6.609390272445184178e-03
-3.512856651427183619e-01 -9.403038472256830538e-01 6.478622503449214462e-03
-3.351434210692833537e-01 -9.460974147828443703e-01 6.345934978785350636e-03
-3.189029269774562025e-01 -9.516137127123626138e-01 6.211367016630776373e-03
-3.025689207630935518e-01 -9.568510585291674087e-01 6.074958492376897161e-03
-2.861461697242112523e-01 -9.618078498712396840e-01 5.936749826813356341e-03
-2.696394692346505972e-01 -9.664825650341837271e-01 5.796781974150602181e-03
-2.530536414072844797e-01 -9.708737634848438880e-01 5.655096409884106771e-03
-2.363935337471249620e-01 -9.749800863537202433e-01 5.511735118504387104e-03
-2.196640177945848593e-01 -9.788002569059732760e-01 5.366740581056068764e-03
-2.028699877592209100e-01 -9.823330809907931949e-01 5.220155762549835536e-03
-1.860163591442684505e-01 -9.855774474689132925e-01 5.072024099230970293e-03
-1.691080673622823716e-01 -9.885323286180583979e-01 4.922389485708226348e-03
-1.521500663422310495e-01 -9.911967805161135958e-01 4.771296261947033032e-03
-1.351473271283205602e-01 -9.935699434018133713e-01 4.618789200130418195e-03
-1.181048364709548076e-01 -9.956510420127360206e-01 4.464913491392169184e-03
-1.010275954101214485e-01 -9.974393859004180296e-01 4.309714732425694826e-03
-8.392061785157158005e-02 -9.989343697223854734e-01 4.153238911972742184e-03
-6.678892913613951321e-02 -1.000135473510914252e+00 3.995532397195902460e-03
-4.963756460258218067e-02 -1.001042262918335091e+00 3.836641919939154811e-03
-3.247156814424970173e-02 -1.001654389438700443e+00 3.676614562880014224e-03
-1.529599076002766470e-02 -1.001971590605640117e+00 3.515497745578051794e-03
1.884110900126517198e-03 -1.001993690166228523e+00 3.353339210423419894e-03
1.906367599465115872e-02 -1.001720598230710024e+00 3.190187008489752014e-03
3.623764095446878331e-02 -1.001152311397907724e+00 3.026089485295593677e-03
5.340094095130751978e-02 -1.000288912856173162e+00 2.861095266478549427e-03
7.054851136983705806e-02 -9.991305724597246973e-01 2.695253243386587245e-03
8.767528928326999427e-02 -9.976775467802292408e-01 2.528612558590281195e-03
1.047762149319505925e-01 -9.959301791334950194e-01 2.361222591320936287e-03
1.218462332045711222e-01 -9.938888995811460125e-01 2.193132942838426237e-03
1.388802951215775960e-01 -9.915542249071508385e-01 2.024393421733267431e-03
1.558733593203458223e-01 -9.889267585690951767e-01 1.855054029167261132e-03
1.728203935417038650e-01 -9.860071906240840400e-01 1.685164944057032047e-03
1.897163761173490670e-01 -9.827962976291758634e-01 1.514776508205076125e-03
2.065562974577745126e-01 -9.792949425162471577e-01 1.343939211382184484e-03
2.233351615401955592e-01 -9.755040744412080134e-01 1.172703676366376735e-03
2.400479873960824906e-01 -9.714247286074849663e-01 1.001120643942243369e-03
2.566898105978303035e-01 -9.670580260636967296e-01 8.292409578653569873e-04
2.732556847441184877e-01 -9.624051734754651699e-01 6.571155497961337494e-04
2.897406829434840403e-01 -9.574674628713046864e-01 4.847954242078266851e-04
3.061398992956971266e-01 -9.522462713625301500e-01 3.123316432725844528e-04
3.224484503704071470e-01 -9.467430608371677492e-01 1.397753117307716714e-04
3.386614766826440692e-01 -9.409593776278194488e-01 -3.282243825250518701e-05
3.547741441646809490e-01 -9.348968521534664067e-01 -2.054104622389615984e-04
3.707816456337892919e-01 -9.285571985351991353e-01 -3.779376186723357569e-04
3.866792022554131902e-01 -9.219422141858704123e-01 -5.503527840327710439e-04
4.024620650012625256e-01 -9.150537793736835956e-01 -7.226048679856760188e-04
4.181255161018933575e-01 -9.078938567597099052e-01 -8.946428285211065028e-04
4.336648704932252740e-01 -9.004644909093901806e-01 -1.066415687078472703e-03
4.490754772565587749e-01 -8.927678077780332178e-01 -1.237872543652621723e-03
4.643527210515848713e-01 -8.848060141703625314e-01 -1.408962591876609504e-03
4.794920235419014576e-01 -8.765813971741648336e-01 -1.579635134076720670e-03
4.944888448125469016e-01 -8.680963235681030676e-01 -1.749839596295321925e-03
5.093386847790417615e-01 -8.593532392037784851e-01 -1.919525543276874276e-03
5.240370845874903205e-01 -8.503546683620976099e-01 -2.088642693413199618e-03
5.385796280051881046e-01 -8.411032130840779830e-01 -2.257140933642865638e-03
5.529619428012859661e-01 -8.316015524761666278e-01 -2.424970334300802135e-03
5.671797021169977526e-01 -8.218524419902003553e-01 -2.592081163913538978e-03
5.812286258248640092e-01 -8.118587126781295904e-01 -2.758423903935749901e-03
5.951044818765600652e-01 -8.016232704216511573e-01 -2.923949263423526821e-03
6.088030876387968693e-01 -7.911490951368715940e-01 -3.088608193640557213e-03
6.223203112167661200e-01 -7.804392399541960623e-01 -3.252351902592188603e-03
6.356520727646789437e-01 -7.694968303735817416e-01 -3.415131869483578088e-03
6.487943457828915239e-01 -7.583250633953461106e-01 -3.576899859097459108e-03
6.617431584011329582e-01 -7.469272066267200749e-01 -3.737607936087267591e-03
6.744945946473477338e-01 -7.353065973643436726e-01 -3.897208479181459365e-03
6.870447957016552198e-01 -7.234666416529297317e-01 -4.055654195294590945e-03
6.993899611349809753e-01 -7.114108133202821094e-01 -4.212898133541469192e-03
7.115263501318298545e-01 -6.991426529889509522e-01 -4.368893699149591081e-03
7.234502826967603717e-01 -6.866657670647331457e-01 -4.523594667266208139e-03
7.351581408440736043e-01 -6.739838267022851825e-01 -4.676955196655743774e-03
7.466463697702475644e-01 -6.611005667481162362e-01 -4.828929843283551529e-03
7.579114790086545206e-01 -6.480197846612297807e-01 -4.979473573781983617e-03
7.689500435660824307e-01 -6.347453394117240633e-01 -5.128541778794631564e-03
7.797587050406402653e-01 -6.212811503576015637e-01 -5.276090286195225278e-03
7.903341727205461797e-01 -6.076311961001577000e-01 -5.422075374176667240e-03
8.006732246633839756e-01 -5.937995133182211172e-01 -5.566453784206769687e-03
8.107727087553729950e-01 -5.797901955815953912e-01 -5.709182733846698832e-03
8.206295437502157952e-01 -5.656073921440368801e-01 -5.850219929428363518e-03
8.302407202870808467e-01 -5.512553067161327647e-01 -5.989523578586823487e-03
8.396033018873232390e-01 -5.367381962184027966e-01 -6.127052402644443847e-03
8.487144259294846504e-01 -5.220603695150473067e-01 -6.262765648842538724e-03
8.575713046021894437e-01 -5.072261861286839757e-01 -6.396623102417327809e-03
8.661712258345168891e-01 -4.922400549364776556e-01 -6.528585098516438874e-03
8.745115542034536116e-01 -4.771064328480651429e-01 -6.658612533952453817e-03
8.825897318180366824e-01 -4.618298234656780799e-01 -6.786666878790056576e-03
8.904032791797905633e-01 -4.464147757269044114e-01 -6.912710187763181600e-03
8.979497960191095141e-01 -4.308658825304716999e-01 -7.036705111519165300e-03
9.052269621071810102e-01 -4.151877793455501231e-01 -7.158614907686073649e-03
9.122325380431171027e-01 -3.993851428049791652e-01 -7.278403451760270815e-03
9.189643660159322325e-01 -3.834626892828896794e-01 -7.396035247810900728e-03
9.254203705410256608e-01 -3.674251734571855610e-01 -7.511475438998091447e-03
9.315985591708374480e-01 -3.512773868573536018e-01 -7.624689817901811849e-03
9.374970231793470221e-01 -3.350241563981032900e-01 -7.735644836658180090e-03
9.431139382201163546e-01 -3.186703428992767040e-01 -7.844307616900560165e-03
9.484475649575527800e-01 -3.022208395925928825e-01 -7.950645959502027418e-03
9.534962496711086866e-01 -2.856805706156805846e-01 -8.054628354116704150e-03
9.582584248321337483e-01 -2.690544894939332354e-01 -8.156223988516935614e-03
9.627326096531036992e-01 -2.523475776106992585e-01 -8.255402757723661819e-03
9.669174106089566401e-01 -2.355648426663539963e-01 -8.352135272927069948e-03
9.708115219303022903e-01 -2.187113171267362488e-01 -8.446392870195265287e-03
9.744137260682383950e-01 -2.017920566615575007e-01 -8.538147618967937072e-03
9.777228941305647902e-01 -1.848121385732785227e-01 -8.627372330332791842e-03
9.807379862891657529e-01 -1.677766602170266408e-01 -8.714040565082223355e-03
9.834580521583556889e-01 -1.506907374121068954e-01 -8.798126641547823409e-03
9.858822311439967567e-01 -1.335595028456677547e-01 -8.879605643210424643e-03
9.880097527631963583e-01 -1.163881044691103955e-01 -8.958453426083342122e-03
9.898399369344256238e-01 -9.918170388776209601e-02 -9.034646625866851744e-03
9.913721942378849183e-01 -8.194547474446142732e-02 -9.108162664871471623e-03
9.926060261459825895e-01 -6.468460109758519816e-02 -9.178979758708244105e-03
9.935410252237846240e-01 -4.740427579412368614e-02 -9.247076922743900293e-03
9.941768752993156433e-01 -3.010969883839049316e-02 -9.312433978319083899e-03
9.945133516036026577e-01 -1.280607575695665197e-02 -9.375031558727719289e-03
9.945503208803644357e-01 4.501384039573735549e-03 -9.434851114955738680e-03
9.942877414652629975e-01 2.180746889740068500e-02 -9.491874921177633276e-03
9.937256633346464030e-01 3.910696656230579216e-02 -9.546086080008944416e-03
9.928642281237258782e-01 5.639466582381991167e-02 -9.597468527513338191e-03
9.917036691141414284e-01 7.366535816015440385e-02 -9.646007037962693598e-03
9.902443111908872941e-01 9.091383938329611336e-02 -9.691687228348830341e-03
9.884865707685763780e-01 1.081349112836369475e-01 -9.734495562645455527e-03
9.864309556870396456e-01 1.253233832735822229e-01 -9.774419355819246799e-03
9.840780650762694926e-01 1.424740740294578312e-01 -9.811446777588666776e-03
9.814285891907280623e-01 1.595818131311589894e-01 -9.845566855929520009e-03
9.784833092130574839e-01 1.766414426989109110e-01 -9.876769480326227230e-03
9.752430970272364386e-01 1.936478190265350507e-01 -9.905045404767770859e-03
9.717089149612492260e-01 2.105958142106165165e-01 -9.930386250487498179e-03
9.678818154993408251e-01 2.274803177749442629e-01 -9.952784508445913086e-03
9.637629409639422162e-01 2.442962382896714524e-01 -9.972233541555793751e-03
9.593535231673749886e-01 2.610385049845206362e-01 -9.988727586648885048e-03
9.546548830334458113e-01 2.777020693554864139e-01 -1.000226175618365576e-02
9.496684301890570001e-01 2.942819067644122932e-01 -1.001283203969358104e-02
9.443956625259780635e-01 3.107730180308519996e-01 -1.002043530497553209e-02
9.388381657329306629e-01 3.271704310156212103e-01 -1.002506929901791390e-02
9.329976127981571832e-01 3.434692021954319219e-01 -1.002673264866827882e-02
9.268757634826421121e-01 3.596644182280717694e-01 -1.002542486104023370e-02
9.204744637641961713e-01 3.757511975074793731e-01 -1.002114632365946889e-02
9.137956452525948237e-01 3.917246917081863011e-01 -1.001389830434895427e-02
9.068413245759953112e-01 4.075800873185342343e-01 -1.000368295085323801e-02
8.996136027388605960e-01 4.233126071621023390e-01 -9.990503290202019937e-03
8.921146644516417812e-01 4.389175119067640907e-01 -9.974363227813195371e-03
8.843467774324518249e-01 4.543901015608630689e-01 -9.955267546335584694e-03
8.763122916810278662e-01 4.697257169558909373e-01 -9.933221904231721508e-03
8.680136387252387342e-01 4.849197412151712849e-01 -9.908232834101150452e-03
8.594533308404388450e-01 4.999676012079874443e-01 -9.880307740744656217e-03
8.506339602419670243e-01 5.148647689886289847e-01 -9.849454898970076006e-03
8.415581982511056713e-01 5.296067632198291353e-01 -9.815683451140276572e-03
8.322287944348331079e-01 5.441891505800613427e-01 -9.779003404464111163e-03
8.226485757196834170e-01 5.586075471542222282e-01 -9.739425628031032900e-03
8.128204454800800338e-01 5.728576198071586578e-01 -9.696961849590334317e-03
8.027473826015212310e-01 5.869350875395267231e-01 -9.651624652076043476e-03
7.924324405189087095e-01 6.008357228255981619e-01 -9.603427469878203504e-03
7.818787462305138991e-01 6.145553529323724007e-01 -9.552384584862117639e-03
7.710894992878409848e-01 6.280898612197092223e-01 -9.498511122136173851e-03
7.600679707619125702e-01 6.414351884208407961e-01 -9.441823045570080924e-03
7.488175021862820691e-01 6.545873339029566473e-01 -9.382337153064378155e-03
7.373415044772306803e-01 6.675423569073599683e-01 -9.320071071572778171e-03
7.256434568316221245e-01 6.802963777687104363e-01 -9.255043251879089758e-03
7.137269056027332192e-01 6.928455791130672115e-01 -9.187272963129652220e-03
7.015954631546482689e-01 7.051862070341563538e-01 -9.116780287123645715e-03
6.892528066955456723e-01 7.173145722475970931e-01 -9.043586112362363497e-03
6.767026770903860067e-01 7.292270512226377566e-01 -8.967712127859382015e-03
6.639488776535207304e-01 7.409200872909735835e-01 -8.889180816713870142e-03
6.509952729215691125e-01 7.523901917324014033e-01 -8.808015449448099166e-03
6.378457874072037681e-01 7.636339448367954752e-01 -8.724240077112147690e-03
6.245044043341687612e-01 7.746479969422166434e-01 -8.637879524156793706e-03
6.109751643541895261e-01 7.854290694486647517e-01 -8.548959381077721534e-03
5.972621642461416469e-01 7.959739558072718157e-01 -8.457505996832419271e-03
5.833695555980420444e-01 8.062795224845693554e-01 -8.363546471032289042e-03
5.693015434724316703e-01 8.163427099014879396e-01 -8.267108645912712647e-03
5.550623850555271854e-01 8.261605333469048684e-01 -8.168221098082498535e-03
5.406563882908456131e-01 8.357300838653302089e-01 -8.066913130056314885e-03
5.260879104976430298e-01 8.450485291185976244e-01 -7.963214761571408076e-03
5.113613569748843846e-01 8.541131142211749738e-01 -7.857156720692395208e-03
4.964811795911357462e-01 8.629211625489602300e-01 -7.748770434705758679e-03
4.814518753609757229e-01 8.714700765212813893e-01 -7.638088020807108983e-03
4.662779850085392863e-01 8.797573383558543458e-01 -7.525142276584501251e-03
4.509640915185832433e-01 8.877805107965781595e-01 -7.409966670299422339e-03
4.355148186758210360e-01 8.955372378138660716e-01 -7.292595330969804321e-03
4.199348295928807540e-01 9.030252452774398808e-01 -7.173063038256472998e-03
4.042288252276372562e-01 9.102423416013154522e-01 -7.051405212157526095e-03
3.884015428903199729e-01 9.171864183609036436e-01 -6.927657902512479940e-03
3.724577547410203859e-01 9.238554508820483457e-01 -6.801857778319765971e-03
3.564022662782264650e-01 9.302474988018433200e-01 -6.674042116871273765e-03
3.402399148187844613e-01 9.363607066011773172e-01 -6.544248792705874805e-03
3.239755679700553892e-01 9.421933041088155214e-01 -6.412516266386793749e-03
3.076141220946201349e-01 9.477436069770047711e-01 -6.278883573104492542e-03
2.911605007683032431e-01 9.530100171284454635e-01 -6.143390311110072909e-03
2.746196532319151173e-01 9.579910231746157079e-01 -6.006076629981307521e-03
2.579965528373412420e-01 9.626852008053682352e-01 -5.866983218725271496e-03
2.412961954886137517e-01 9.670912131497302333e-01 -5.726151293721715857e-03
2.245235980783551744e-01 9.712078111079255338e-01 -5.583622586509307158e-03
2.076837969203702283e-01 9.750338336545364415e-01 -5.439439331420129961e-03
1.907818461787248177e-01 9.785682081128498355e-01 -5.293644253064277994e-03
1.738228162940854971e-01 9.818099504003400257e-01 -5.146280553670041710e-03
1.568117924077024050e-01 9.847581652453393231e-01 -4.997391900281983844e-03
1.397538727836585282e-01 9.874120463749054277e-01 -4.847022411821261430e-03
1.226541672300082708e-01 9.897708766739089503e-01 -4.695216646012667291e-03
1.055177955191773653e-01 9.918340283154213344e-01 -4.542019586180721588e-03
8.834988580838129546e-02 9.936009628624238310e-01 -4.387476627920579644e-03
7.115557306042835650e-02 9.950712313409374454e-01 -4.231633565646148246e-03
5.393999746551574048e-02 9.962444742846419121e-01 -4.074536579020019561e-03
3.670830286462511277e-02 9.971204217510694079e-01 -3.916232219269889965e-03
1.946563517487036321e-02 9.976988933094920187e-01 -3.756767395393912322e-03
2.217140817544292937e-03 9.979797980005955527e-01 -3.596189360261064540e-03
-1.503203485084175089e-02 9.979631342680828077e-01 -3.434545696608582669e-03
-3.227674910378765943e-02 9.976489898623228658e-01 -3.271884302942628091e-03
-4.951186340596983038e-02 9.970375417162012921e-01 -3.108253379344732767e-03
-6.673224496976394582e-02 9.961290557933166756e-01 -2.943701413188867626e-03
-8.393276830655285736e-02 9.949238869086917125e-01 -2.778277164774062887e-03
-1.011083167725014692e-01 9.934224785221656973e-01 -2.612029652875135985e-03
-1.182537841080886915e-01 9.916253625046592690e-01 -2.445008140217913486e-03
-1.353640759711392805e-01 9.895331588774854970e-01 -2.277262118881078108e-03
-1.524341114626582838e-01 9.871465755249290153e-01 -2.108841295631076664e-03
-1.694588246451733671e-01 9.844664078802796148e-01 -1.939795577192726141e-03
-1.864331660530494372e-01 9.814935385855475536e-01 -1.770175055460566612e-03
-2.033521041942467356e-01 9.782289371250924015e-01 -1.600029992656037655e-03
-2.202106270432464541e-01 9.746736594333762493e-01 -1.429410806433139116e-03
-2.370037435244820301e-01 9.708288474771123999e-01 -1.258368054939152780e-03
-2.537264849860619842e-01 9.666957288120207048e-01 -1.086952421832610913e-03
-2.703739066631383192e-01 9.622756161144873088e-01 -9.152147012651253109e-04
-2.869410891306706790e-01 9.575699066883550659e-01 -7.432057828297746740e-04
-3.034231397451012668e-01 9.525800819471267333e-01 -5.709766364812062303e-04
-3.198151940744634603e-01 9.473077068718792626e-01 -3.985782974326344211e-04
-3.361124173166962215e-01 9.417544294451226650e-01 -2.260618510324379914e-04
-3.523100057055575940e-01 9.359219800609553941e-01 -5.347841762703753115e-05
-3.684031879039726398e-01 9.298121709117432854e-01 1.191208625877358292e-04
-3.843872263842261217e-01 9.234268953516920897e-01 2.916848447200856629e-04
-4.002574187948017004e-01 9.167681272375628465e-01 4.641623943377992364e-04
-4.160090993134368254e-01 9.098379202468627192e-01 6.365024026206967094e-04
-4.316376399859828683e-01 9.026384071738564607e-01 8.086538015048506597e-04
-4.471384520508437377e-01 8.951717992036677396e-01 9.805655788153694145e-04
-4.625069872485951250e-01 8.874403851648231534e-01 1.152186793382617555e-03
-4.777387391163941399e-01 8.794465307606009752e-01 1.323466590136688353e-03
-4.928292442670174633e-01 8.711926777794399834e-01 1.494354215177424094e-03
-5.077740836520188150e-01 8.626813432848478014e-01 1.664799030813326509e-03
-5.225688838089044275e-01 8.539151187850465563e-01 1.834750530567163997e-03
-5.372093180918359190e-01 8.448966693828051655e-01 2.004158354141634662e-03
-5.516911078857295037e-01 8.356287329057228153e-01 2.172972302342422810e-03
-5.660100238034093678e-01 8.261141190173494353e-01 2.341142351953514559e-03
-5.801618868654838668e-01 8.163557083095377420e-01 2.508618670559662703e-03
-5.941425696628344078e-01 8.063564513762884189e-01 2.675351631313367760e-03
-6.079479975012741511e-01 7.961193678695711595e-01 2.841291827639829196e-03
-6.215741495283213514e-01 7.856475455373549410e-01 3.006390087877729243e-03
-6.350170598416694512e-01 7.749441392443382481e-01 3.170597489849378767e-03
-6.482728185792629994e-01 7.640123699756454778e-01 3.333865375357620512e-03
-6.613375729907063905e-01 7.528555238238934244e-01 3.496145364604503255e-03
-6.742075284897302012e-01 7.414769509600470654e-01 3.657389370526790279e-03
-6.868789496876509526e-01 7.298800645883206650e-01 3.817549613045729574e-03
-6.993481614074589237e-01 7.180683398856330113e-01 3.976578633224854206e-03
-7.116115496784820582e-01 7.060453129258751348e-01 4.134429307333293592e-03
-7.236655627113843803e-01 6.938145795894066215e-01 4.291054860809742806e-03
-7.355067118532785386e-01 6.813797944582070665e-01 4.446408882122321153e-03
-7.471315725229050742e-01 6.687446696969322479e-01 4.600445336521827647e-03
-7.585367851255702121e-01 6.559129739204034859e-01 4.753118579682317525e-03
-7.697190559478410687e-01 6.428885310477414627e-01 4.904383371227009208e-03
-7.806751580317053962e-01 6.296752191436807422e-01 5.054194888133544707e-03
-7.914019320281773240e-01 6.162769692473064609e-01 5.202508738016206093e-03
-8.018962870301666879e-01 6.026977641886377413e-01 5.349280972280517042e-03
-8.121552013844477447e-01 5.889416373934874827e-01 5.494468099145745181e-03
-8.221757234827175020e-01 5.750126716768323432e-01 5.638027096532922597e-03
-8.319549725314986377e-01 5.609149980252351453e-01 5.779915424812747532e-03
-8.414901393009199815e-01 5.466527943685114410e-01 5.920091039411467734e-03
-8.507784868521478527e-01 5.322302843411842455e-01 6.058512403269179607e-03
-8.598173512434774679e-01 5.176517360339516483e-01 6.195138499148341790e-03
-8.686041422149612945e-01 5.029214607355909639e-01 6.329928841788222751e-03
-8.771363438514573341e-01 4.880438116657243586e-01 6.462843489901172814e-03
-8.854115152241154307e-01 4.730231826986595611e-01 6.593843058008534881e-03
-8.934272910101273002e-01 4.578640070788536631e-01 6.722888728110966265e-03
-9.011813820907873529e-01 4.425707561281672642e-01 6.849942261191489801e-03
-9.086715761277044390e-01 4.271479379454552472e-01 6.974966008546159418e-03
-9.158957381172011525e-01 4.116000960986977431e-01 7.097922922940350446e-03
-9.228518109228166511e-01 3.959318083100852315e-01 7.218776569586804470e-03
-9.295378157858504853e-01 3.801476851344767760e-01 7.337491136941678288e-03
-9.359518528139850746e-01 3.642523686314197429e-01 7.454031447316700025e-03
-9.420921014478662592e-01 3.482505310312798974e-01 7.568362967302659332e-03
-9.479568209057129824e-01 3.321468733956190467e-01 7.680451818002802244e-03
-9.535443506058453034e-01 3.159461242723680119e-01 7.790264785071545836e-03
-9.588531105671903587e-01 2.996530383459709013e-01 7.897769328556743240e-03
-9.638816017877224196e-01 2.832723950829059700e-01 8.002933592542111133e-03
-9.686284066008118421e-01 2.668089973729868003e-01 8.105726414586515022e-03
-9.730921890095395321e-01 2.502676701666112224e-01 8.206117334958414056e-03
-9.772716949989088686e-01 2.336532591084979626e-01 8.304076605661408692e-03
-9.811657528260301353e-01 2.169706291680242316e-01 8.399575199249531207e-03
-9.847732732882256146e-01 2.002246632667039616e-01 8.492584817428438376e-03
-9.880932499691182924e-01 1.834202609029581821e-01 8.583077899440910360e-03
-9.911247594627021762e-01 1.665623367745706074e-01 8.671027630233824751e-03
-9.938669615753995545e-01 1.496558193992170993e-01 8.756407948403760813e-03
-9.963190995061713684e-01 1.327056497332132767e-01 8.839193553919860030e-03
-9.984805000046622636e-01 1.157167797890042704e-01 8.919359915620511670e-03
-1.000350573507448493e+00 9.869417125153598369e-02 8.996883278482579668e-03
-1.001928814252406097e+00 8.164279409388724984e-02 9.071740670660620801e-03
-1.003214800371232451e+00 6.456762519254244381e-02 9.143909910293715818e-03
-1.004208193960180129e+00 4.747364694243470101e-02 9.213369612078681908e-03
-1.004908741129026284e+00 3.036584587228148904e-02 9.280099193606760818e-03
-1.005316272028338842e+00 1.324921126028924361e-02 9.344078881462856284e-03
-1.005430700855077353e+00 -3.871266249255250931e-03 9.405289717084635431e-03
-1.005252025836589125e+00 -2.099059602838544702e-02 9.463713562380441160e-03
-1.004780329193047050e+00 -3.810378884648189107e-02 9.519333105104069159e-03
-1.004015777078390403e+00 -5.520585824956138893e-02 9.572131863984600225e-03
-1.002958619499822124e+00 -7.229182193771359344e-02 9.622094193610328597e-03
-1.001609190215931866e+00 -8.935670314017707394e-02 9.669205289064669931e-03
-9.999679066134957717e-01 -1.063955319879928002e-01 9.713451190313337688e-03
-9.980352695630325677e-01 -1.234033468837310438e-01 9.754818786340872794e-03
-9.958118632531719472e-01 -1.403751958681839773e-01 9.793295819035761560e-03
-9.932983550039048426e-01 -1.573061379836706297e-01 9.828870886822856437e-03
-9.904954950588032991e-01 -1.741912446336047748e-01 9.861533448041762129e-03
-9.874041163562548018e-01 -1.910256009382199638e-01 9.891273824070703075e-03
-9.840251342798206347e-01 -2.078043070859598440e-01 9.918083202194389117e-03
-9.803595463877576854e-01 -2.245224796804781431e-01 9.941953638215509856e-03
-9.764084321218253759e-01 -2.411752530827606378e-01 9.962878058808693690e-03
-9.721729524954191293e-01 -2.577577807482671624e-01 9.980850263616523887e-03
-9.676543497611326261e-01 -2.742652365587529006e-01 9.995864927086862278e-03
-9.628539470578476589e-01 -2.906928161484297335e-01 1.000791760005086475e-02
-9.577731480373937734e-01 -3.070357382243683597e-01 1.001700471104142662e-02
-9.524134364709296863e-01 -3.232892458806614355e-01 1.002312356735143677e-02
-9.467763758350629111e-01 -3.394486079062963291e-01 1.002627235583171926e-02
-9.408636088778745687e-01 -3.555091200862626200e-01 1.002645014342828933e-02
-9.346768571648839119e-01 -3.714661064957945347e-01 1.002365687745884228e-02
-9.282179206050691356e-01 -3.873149207874170830e-01 1.001789338562837466e-02
-9.214886769570707070e-01 -4.030509474704653816e-01 1.000916137578389785e-02
-9.144910813156110763e-01 -4.186696031829767461e-01 9.997463435408381061e-03
-9.072271655783146205e-01 -4.341663379554911439e-01 9.982803030854024359e-03
-8.996990378929418108e-01 -4.495366364667032211e-01 9.965184506315083804e-03
-8.919088820852328903e-01 -4.647760192905051602e-01 9.944613082540625093e-03
-8.838589570673961449e-01 -4.798800441343185064e-01 9.921094855287491965e-03
-8.755515962273751063e-01 -4.948443070683889444e-01 9.894636793513964662e-03
-8.669892067990434548e-01 -5.096644437457210630e-01 9.865246737314778067e-03
-8.581742692133570438e-01 -5.243361306125474686e-01 9.832933395597849915e-03
-8.491093364306805391e-01 -5.388550861088884369e-01 9.797706343503723506e-03
-8.397970332543194250e-01 -5.532170718590908587e-01 9.759576019568210609e-03
-8.302400556254134756e-01 -5.674178938520306748e-01 9.718553722629183489e-03
-8.204411698993528956e-01 -5.814534036106536741e-01 9.674651608478591555e-03
-8.104032121037444414e-01 -5.953194993507487931e-01 9.627882686260304593e-03
-8.001290871781807645e-01 -6.090121271285063864e-01 9.578260814615373320e-03
-7.896217681958090928e-01 -6.225272819767934118e-01 9.525800697575251968e-03
-7.788842955669662560e-01 -6.358610090297017736e-01 9.470517880204821701e-03
-7.679197762249059256e-01 -6.490094046352599122e-01 9.412428743995993746e-03
-7.567313827937995896e-01 -6.619686174559820113e-01 9.351550502013448313e-03
-7.453223527392009995e-01 -6.747348495569500670e-01 9.287901193794190213e-03
-7.336959875010006238e-01 -6.873043574812993661e-01 9.221499680001861432e-03
-7.218556516091645392e-01 -6.996734533126829358e-01 9.152365636838112606e-03
-7.098047717822553171e-01 -7.118385057246255920e-01 9.080519550211912927e-03
-6.975468360090388842e-01 -7.237959410163460339e-01 9.005982709669320754e-03
-6.850853926132115523e-01 -7.355422441349166451e-01 8.928777202084859851e-03
-6.724240493014581599e-01 -7.470739596834494733e-01 8.848925905116593327e-03
-6.595664721950555975e-01 -7.583876929150019652e-01 8.766452480427214602e-03
-6.465163848450605766e-01 -7.694801107120627925e-01 8.681381366672312472e-03
-6.332775672314173709e-01 -7.803479425512142020e-01 8.593737772258943156e-03
-6.198538547459867543e-01 -7.909879814528582020e-01 8.503547667875567539e-03
-6.062491371598458523e-01 -8.013970849156082377e-01 8.410837778796609668e-03
-5.924673575749043186e-01 -8.115721758352012483e-01 8.315635576963086723e-03
-5.785125113600778635e-01 -8.215102434076262394e-01 8.217969272841955941e-03
-5.643886450722681580e-01 -8.312083440161704972e-01 8.117867807067019950e-03
-5.500998553622022946e-01 -8.406636021022309002e-01 8.015360841862873703e-03
-5.356502878655092781e-01 -8.498732110195088563e-01 7.910478752255671250e-03
-5.210441360790520893e-01 -8.588344338714575255e-01 7.803252617072018588e-03
-5.062856402229055641e-01 -8.675446043316096256e-01 7.693714209729941682e-03
-4.913790860880470346e-01 -8.760011274466241726e-01 7.581895988823614090e-03
-4.763288038700342342e-01 -8.842014804217613877e-01 7.467831088505036928e-03
-4.611391669889566280e-01 -8.921432133884994453e-01 7.351553308665987989e-03
-4.458145908957344972e-01 -8.998239501541281937e-01 7.233097104922018086e-03
-4.303595318651812218e-01 -9.072413889329666858e-01 7.112497578402840123e-03
-4.147784857759147514e-01 -9.143933030590419841e-01 6.989790465350960089e-03
-3.990759868774176322e-01 -9.212775416799439121e-01 6.865012126532112242e-03
-3.832566065445629500e-01 -9.278920304315840806e-01 6.738199536461130131e-03
-3.673249520196946172e-01 -9.342347720936865496e-01 6.609390272445185045e-03
-3.512856651427219146e-01 -9.403038472256816105e-01 6.478622503449243952e-03
-3.351434210692836313e-01 -9.460974147828441483e-01 6.345934978785352371e-03
-3.189029269774530384e-01 -9.516137127123636130e-01 6.211367016630751220e-03
-3.025689207630938293e-01 -9.568510585291674087e-01 6.074958492376898896e-03
-2.861461697242114743e-01 -9.618078498712396840e-01 5.936749826813357209e-03
-2.696394692346542610e-01 -9.664825650341827279e-01 5.796781974150633406e-03
-2.530536414072847573e-01 -9.708737634848436659e-01 5.655096409884109374e-03
-2.363935337471286813e-01 -9.749800863537191331e-01 5.511735118504420064e-03
-2.196640177945851091e-01 -9.788002569059732760e-01 5.366740581056070498e-03
-2.028699877592176903e-01 -9.823330809907937500e-01 5.220155762549807781e-03
-1.860163591442687003e-01 -9.855774474689132925e-01 5.072024099230972027e-03
-1.691080673622825659e-01 -9.885323286180583979e-01 4.922389485708228950e-03
-1.521500663422347965e-01 -9.911967805161130407e-01 4.771296261947066859e-03
-1.351473271283207822e-01 -9.935699434018133713e-01 4.618789200130419929e-03
-1.181048364709585824e-01 -9.956510420127354655e-01 4.464913491392202144e-03
-1.010275954101216705e-01 -9.974393859004180296e-01 4.309714732425697428e-03
-8.392061785156829101e-02 -9.989343697223856955e-01 4.153238911972711826e-03
-6.678892913614330185e-02 -1.000135473510914030e+00 3.995532397195937155e-03
-4.963756460258242353e-02 -1.001042262918335091e+00 3.836641919939156112e-03
-3.247156814425348342e-02 -1.001654389438700443e+00 3.676614562880049352e-03
-1.529599076002790929e-02 -1.001971590605640117e+00 3.515497745578054396e-03
1.884110900122724008e-03 -1.001993690166228745e+00 3.353339210423455889e-03
1.906367599465090892e-02 -1.001720598230710024e+00 3.190187008489754616e-03
3.623764095447207928e-02 -1.001152311397907502e+00 3.026089485295562452e-03
5.340094095130373808e-02 -1.000288912856173162e+00 2.861095266478585423e-03
7.054851136983680826e-02 -9.991305724597246973e-01 2.695253243386590281e-03
8.767528928326621951e-02 -9.976775467802296848e-01 2.528612558590318058e-03
1.047762149319503427e-01 -9.959301791334952414e-01 2.361222591320938889e-03
1.218462332045673474e-01 -9.938888995811464566e-01 2.193132942838463099e-03
1.388802951215773462e-01 -9.915542249071508385e-01 2.024393421733269600e-03
1.558733593203490420e-01 -9.889267585690946216e-01 1.855054029167228389e-03
1.728203935417001458e-01 -9.860071906240847062e-01 1.685164944057069561e-03
1.897163761173487895e-01 -9.827962976291760855e-01 1.514776508205078510e-03
2.065562974577708488e-01 -9.792949425162479349e-01 1.343939211382222214e-03
2.233351615401953094e-01 -9.755040744412080134e-01 1.172703676366379120e-03
2.400479873960857102e-01 -9.714247286074839671e-01 1.001120643942210193e-03
2.566898105978300260e-01 -9.670580260636967296e-01 8.292409578653594810e-04
2.732556847441182657e-01 -9.624051734754653920e-01 6.571155497961362430e-04
2.897406829434804321e-01 -9.574674628713056856e-01 4.847954242078646322e-04
3.061398992956968490e-01 -9.522462713625301500e-01 3.123316432725868922e-04
3.224484503704035387e-01 -9.467430608371689704e-01 1.397753117308097540e-04
3.386614766826439027e-01 -9.409593776278194488e-01 -3.282243825250273400e-05
3.547741441646840022e-01 -9.348968521534651854e-01 -2.054104622389947750e-04
3.707816456337891253e-01 -9.285571985351991353e-01 -3.779376186723333174e-04
3.866792022554129682e-01 -9.219422141858705233e-01 -5.503527840327685503e-04
4.024620650012590284e-01 -9.150537793736851500e-01 -7.226048679856380717e-04
4.181255161018930799e-01 -9.078938567597099052e-01 -8.946428285211041175e-04
4.336648704932218323e-01 -9.004644909093918459e-01 -1.066415687078434756e-03
4.490754772565584418e-01 -8.927678077780334398e-01 -1.237872543652619338e-03
4.643527210515878134e-01 -8.848060141703609771e-01 -1.408962591876642247e-03
4.794920235419012355e-01 -8.765813971741649446e-01 -1.579635134076718067e-03
4.944888448125466796e-01 -8.680963235681034007e-01 -1.749839596295319540e-03
5.093386847790384309e-01 -8.593532392037804835e-01 -1.919525543276836979e-03
5.240370845874902095e-01 -8.503546683620977209e-01 -2.088642693413197016e-03
5.385796280051849960e-01 -8.411032130840799814e-01 -2.257140933642828341e-03
5.529619428012859661e-01 -8.316015524761667388e-01 -2.424970334300799533e-03
5.671797021170005282e-01 -8.218524419901986899e-01 -2.592081163913571504e-03
5.812286258248610116e-01 -8.118587126781319219e-01 -2.758423903935713038e-03
5.951044818765597322e-01 -8.016232704216512683e-01 -2.923949263423523785e-03
6.088030876387938717e-01 -7.911490951368739255e-01 -3.088608193640520784e-03
6.223203112167660089e-01 -7.804392399541961733e-01 -3.252351902592186001e-03
6.356520727646759461e-01 -7.694968303735841841e-01 -3.415131869483542526e-03
6.487943457828913019e-01 -7.583250633953462216e-01 -3.576899859097456506e-03
6.617431584011355117e-01 -7.469272066267177435e-01 -3.737607936087297515e-03
6.744945946473450693e-01 -7.353065973643462261e-01 -3.897208479181424670e-03
6.870447957016549978e-01 -7.234666416529299537e-01 -4.055654195294588343e-03
6.993899611349783108e-01 -7.114108133202847739e-01 -4.212898133541433630e-03
7.115263501318297434e-01 -6.991426529889510633e-01 -4.368893699149589346e-03
7.234502826967577072e-01 -6.866657670647359213e-01 -4.523594667266173444e-03
7.351581408440732712e-01 -6.739838267022854046e-01 -4.676955196655742039e-03
7.466463697702497848e-01 -6.611005667481136827e-01 -4.828929843283581019e-03
7.579114790086520781e-01 -6.480197846612327783e-01 -4.979473573781949790e-03
7.689500435660823197e-01 -6.347453394117241743e-01 -5.128541778794629830e-03
7.797587050406378228e-01 -6.212811503576045613e-01 -5.276090286195194053e-03
7.903341727205459577e-01 -6.076311961001579220e-01 -5.422075374176664637e-03
8.006732246633858630e-01 -5.937995133182184526e-01 -5.566453784206797442e-03
8.107727087553726619e-01 -5.797901955815956132e-01 -5.709182733846696230e-03
8.206295437502156842e-01 -5.656073921440368801e-01 -5.850219929428362650e-03
8.302407202870788483e-01 -5.512553067161358733e-01 -5.989523578586793129e-03
8.396033018873230169e-01 -5.367381962184030186e-01 -6.127052402644441245e-03
8.487144259294826520e-01 -5.220603695150506374e-01 -6.262765648842508366e-03
8.575713046021893327e-01 -5.072261861286841977e-01 -6.396623102417326942e-03
8.661712258345183324e-01 -4.922400549364746580e-01 -6.528585098516464895e-03
8.745115542034535006e-01 -4.771064328480654204e-01 -6.658612533952452950e-03
8.825897318180365714e-01 -4.618298234656781909e-01 -6.786666878790055708e-03
8.904032791797888979e-01 -4.464147757269078531e-01 -6.912710187763152977e-03
8.979497960191094030e-01 -4.308658825304718665e-01 -7.036705111519164432e-03
9.052269621071794559e-01 -4.151877793455536203e-01 -7.158614907686046760e-03
9.122325380431171027e-01 -3.993851428049793872e-01 -7.278403451760269080e-03
9.189643660159334537e-01 -3.834626892828866263e-01 -7.396035247810922413e-03
9.254203705410254388e-01 -3.674251734571858385e-01 -7.511475438998089713e-03
9.315985591708374480e-01 -3.512773868573538794e-01 -7.624689817901810114e-03
9.374970231793455788e-01 -3.350241563981067872e-01 -7.735644836658158406e-03
9.431139382201163546e-01 -3.186703428992769260e-01 -7.844307616900560165e-03
9.484475649575515588e-01 -3.022208395925964908e-01 -7.950645959502004867e-03
9.534962496711084645e-01 -2.856805706156807512e-01 -8.054628354116700681e-03
9.582584248321347475e-01 -2.690544894939300158e-01 -8.156223988516954695e-03
9.627326096531027000e-01 -2.523475776107029778e-01 -8.255402757723641002e-03
9.669174106089566401e-01 -2.355648426663542461e-01 -8.352135272927068213e-03
9.708115219303015131e-01 -2.187113171267399681e-01 -8.446392870195246205e-03
9.744137260682383950e-01 -2.017920566615577227e-01 -8.538147618967937072e-03
9.777228941305642351e-01 -1.848121385732822697e-01 -8.627372330332771025e-03
9.807379862891657529e-01 -1.677766602170268628e-01 -8.714040565082221620e-03
9.834580521583561330e-01 -1.506907374121036203e-01 -8.798126641547839022e-03
9.858822311439960906e-01 -1.335595028456715294e-01 -8.879605643210407295e-03
9.880097527631963583e-01 -1.163881044691106453e-01 -8.958453426083342122e-03
9.898399369344251797e-01 -9.918170388776589852e-02 -9.034646625866836131e-03
9.913721942378849183e-01 -8.194547474446166324e-02 -9.108162664871471623e-03
9.926060261459823675e-01 -6.468460109758900067e-02 -9.178979758708228492e-03
9.935410252237846240e-01 -4.740427579412392900e-02 -9.247076922743900293e-03
9.941768752993156433e-01 -3.010969883838717290e-02 -9.312433978319096042e-03
9.945133516036026577e-01 -1.280607575696047010e-02 -9.375031558727707146e-03
9.945503208803644357e-01 4.501384039573489218e-03 -9.434851114955738680e-03
9.942877414652629975e-01 2.180746889739686861e-02 -9.491874921177621133e-03
9.937256633346464030e-01 3.910696656230554236e-02 -9.546086080008942681e-03
9.928642281237256562e-01 5.639466582382323540e-02 -9.597468527513346864e-03
9.917036691141414284e-01 7.366535816015415405e-02 -9.646007037962693598e-03
9.902443111908872941e-01 9.091383938329587744e-02 -9.691687228348828606e-03
9.884865707685768221e-01 1.081349112836331450e-01 -9.734495562645445119e-03
9.864309556870398676e-01 1.253233832735820008e-01 -9.774419355819246799e-03
9.840780650762700477e-01 1.424740740294540564e-01 -9.811446777588658102e-03
9.814285891907280623e-01 1.595818131311587396e-01 -9.845566855929520009e-03
9.784833092130569288e-01 1.766414426989141861e-01 -9.876769480326230699e-03
9.752430970272364386e-01 1.936478190265348009e-01 -9.905045404767770859e-03
9.717089149612492260e-01 2.105958142106162667e-01 -9.930386250487498179e-03
9.678818154993416023e-01 2.274803177749405436e-01 -9.952784508445907882e-03
9.637629409639422162e-01 2.442962382896712026e-01 -9.972233541555793751e-03
9.593535231673759878e-01 2.610385049845170280e-01 -9.988727586648881579e-03
9.546548830334458113e-01 2.777020693554861364e-01 -1.000226175618365576e-02
9.496684301890560009e-01 2.942819067644154574e-01 -1.001283203969358278e-02
9.443956625259780635e-01 3.107730180308517776e-01 -1.002043530497553209e-02
9.388381657329306629e-01 3.271704310156210438e-01 -1.002506929901791390e-02
9.329976127981584044e-01 3.434692021954284247e-01 -1.002673264866827882e-02
9.268757634826421121e-01 3.596644182280716029e-01 -1.002542486104023370e-02
9.204744637641976146e-01 3.757511975074757093e-01 -1.002114632365947063e-02
9.137956452525948237e-01 3.917246917081860791e-01 -1.001389830434895427e-02
9.068413245759938679e-01 4.075800873185372875e-01 -1.000368295085323454e-02
8.996136027388621503e-01 4.233126071620988973e-01 -9.990503290202023406e-03
8.921146644516418922e-01 4.389175119067638686e-01 -9.974363227813195371e-03
8.843467774324534902e-01 4.543901015608596827e-01 -9.955267546335589898e-03
8.763122916810279772e-01 4.697257169558907708e-01 -9.933221904231723243e-03
8.680136387252406216e-01 4.849197412151679543e-01 -9.908232834101157391e-03
8.594533308404389560e-01 4.999676012079872223e-01 -9.880307740744656217e-03
8.506339602419654700e-01 5.148647689886317602e-01 -9.849454898970067332e-03
8.415581982511076697e-01 5.296067632198258046e-01 -9.815683451140283511e-03
8.322287944348332189e-01 5.441891505800612316e-01 -9.779003404464111163e-03
8.226485757196835280e-01 5.586075471542221171e-01 -9.739425628031034635e-03
8.128204454800801448e-01 5.728576198071584358e-01 -9.696961849590336052e-03
8.027473826015213421e-01 5.869350875395265010e-01 -9.651624652076043476e-03
7.924324405189088205e-01 6.008357228255979399e-01 -9.603427469878203504e-03
7.818787462305097913e-01 6.145553529323778408e-01 -9.552384584862096822e-03
7.710894992878412069e-01 6.280898612197091113e-01 -9.498511122136175586e-03
7.600679707619127923e-01 6.414351884208405741e-01 -9.441823045570080924e-03
7.488175021862822911e-01 6.545873339029565363e-01 -9.382337153064378155e-03
7.373415044772310134e-01 6.675423569073597463e-01 -9.320071071572778171e-03
7.256434568316173506e-01 6.802963777687154323e-01 -9.255043251879063737e-03
7.137269056027334413e-01 6.928455791130668784e-01 -9.187272963129652220e-03
7.015954631546486020e-01 7.051862070341562427e-01 -9.116780287123645715e-03
6.892528066955458943e-01 7.173145722475969821e-01 -9.043586112362363497e-03
6.767026770903861177e-01 7.292270512226376455e-01 -8.967712127859383750e-03
6.639488776535209524e-01 7.409200872909734725e-01 -8.889180816713871877e-03
6.509952729215693346e-01 7.523901917324011812e-01 -8.808015449448100900e-03
6.378457874071985501e-01 7.636339448368000271e-01 -8.724240077112114730e-03
6.245044043341690942e-01 7.746479969422165324e-01 -8.637879524156793706e-03
6.109751643541897481e-01 7.854290694486645297e-01 -8.548959381077723269e-03
5.972621642461418690e-01 7.959739558072715937e-01 -8.457505996832419271e-03
5.833695555980423775e-01 8.062795224845692443e-01 -8.363546471032289042e-03
5.693015434724317814e-01 8.163427099014877175e-01 -8.267108645912716117e-03
5.550623850555275185e-01 8.261605333469046464e-01 -8.168221098082500270e-03
5.406563882908398400e-01 8.357300838653339836e-01 -8.066913130056273251e-03
5.260879104976432519e-01 8.450485291185975134e-01 -7.963214761571409811e-03
5.113613569748846066e-01 8.541131142211749738e-01 -7.857156720692398677e-03
4.964811795911359682e-01 8.629211625489601190e-01 -7.748770434705760414e-03
4.814518753609760560e-01 8.714700765212813893e-01 -7.638088020807110717e-03
4.662779850085395084e-01 8.797573383558542348e-01 -7.525142276584502986e-03
4.509640915185834653e-01 8.877805107965779374e-01 -7.409966670299424074e-03
4.355148186758148188e-01 8.955372378138690692e-01 -7.292595330969756616e-03
4.199348295928810315e-01 9.030252452774397698e-01 -7.173063038256474733e-03
4.042288252276374783e-01 9.102423416013153412e-01 -7.051405212157527830e-03
3.884015428903201950e-01 9.171864183609035326e-01 -6.927657902512482542e-03
3.724577547410206080e-01 9.238554508820483457e-01 -6.801857778319767706e-03
3.564022662782267425e-01 9.302474988018433200e-01 -6.674042116871276367e-03
3.402399148187846833e-01 9.363607066011773172e-01 -6.544248792705875672e-03
3.239755679700489499e-01 9.421933041088179639e-01 -6.412516266386739973e-03
3.076141220946203569e-01 9.477436069770047711e-01 -6.278883573104493410e-03
2.911605007683034652e-01 9.530100171284454635e-01 -6.143390311110075511e-03
2.746196532319153394e-01 9.579910231746157079e-01 -6.006076629981309256e-03
2.579965528373414640e-01 9.626852008053682352e-01 -5.866983218725272363e-03
2.412961954886140292e-01 9.670912131497300113e-01 -5.726151293721718459e-03
2.245235980783554242e-01 9.712078111079255338e-01 -5.583622586509309760e-03
2.076837969203634837e-01 9.750338336545381068e-01 -5.439439331420071848e-03
1.907818461787250397e-01 9.785682081128498355e-01 -5.293644253064279728e-03
1.738228162940857746e-01 9.818099504003400257e-01 -5.146280553670044312e-03
1.568117924077026548e-01 9.847581652453393231e-01 -4.997391900281986446e-03
1.397538727836587780e-01 9.874120463749054277e-01 -4.847022411821264032e-03
