1.765798924042435158e-01 9.813872455414960339e-01 -5.029329113191393676e-03
1.595475815681070830e-01 9.842118100440863104e-01 -5.177895638377463805e-03
1.424675944298315067e-01 9.867421040650260489e-01 -5.324927841337752203e-03
1.253450273916203450e-01 9.889772965588345954e-01 -5.470382153257288133e-03
1.081849922494039912e-01 9.909166451859310332e-01 -5.614215472884305155e-03
9.099261463305709230e-02 9.925594966274241537e-01 -5.756385179302013488e-03
7.377303243927567367e-02 9.939052868719201461e-01 -5.896849144558120696e-03
5.653139425764205916e-02 9.949535414741467187e-01 -6.035565746148274791e-03
3.927285779040196045e-02 9.957038757852118005e-01 -6.172493879349667985e-03
2.200258826648508748e-02 9.961559951543230707e-01 -6.307592969401274417e-03
4.725756850312713697e-03 9.963096951017983427e-01 -6.440822983527048559e-03
-1.255246095407102844e-02 9.961648614632271359e-01 -6.572144442798453536e-03
-2.982688690299027667e-02 9.957214705046226744e-01 -6.701518433832969607e-03
-4.709234161670048519e-02 9.949795890084540684e-01 -6.828906620324919942e-03
-6.434364618596856433e-02 9.939393743304237860e-01 -6.954271254405400976e-03
-8.157562378110316814e-02 9.926010744268900510e-01 -7.077575187827735148e-03
-9.878310126287741244e-02 9.909650278528394640e-01 -7.198781882975326119e-03
-1.159609107947679185e-01 9.890316637303212532e-01 -7.317855423688561511e-03
-1.331038914559457831e-01 9.868015016872726530e-01 -7.434760525907502769e-03
-1.502068908544388348e-01 9.842751517666779026e-01 -7.549462548127338496e-03
-1.672647667398901028e-01 9.814533143060102383e-01 -7.661927501663424143e-03
-1.842723886153349866e-01 9.783367797869210181e-01 -7.772122060722828039e-03
-2.012246393474096950e-01 9.749264286551549974e-01 -7.880013572279501513e-03
-2.181164167744133742e-01 9.712232311106778759e-01 -7.985570065750088528e-03
-2.349426353116339516e-01 9.672282468680208911e-01 -8.088760262467482171e-03
-2.516982275533530822e-01 9.629426248868566685e-01 -8.189553584949361975e-03
-2.683781458709444401e-01 9.583676030728274231e-01 -8.287920165958972962e-03
-2.849773640064732771e-01 9.535045079486749176e-01 -8.383830857355448890e-03
-3.014908786612142677e-01 9.483547542957179166e-01 -8.477257238731005645e-03
-3.179137110784949760e-01 9.429198447657420878e-01 -8.568171625832522384e-03
-3.342409086202782764e-01 9.372013694633852809e-01 -8.656547078765021094e-03
-3.504675463368997490e-01 9.312010054991050056e-01 -8.742357409974496271e-03
-3.665887285293678577e-01 9.249205165128332462e-01 -8.825577192007865585e-03
-3.825995903036480406e-01 9.183617521684367402e-01 -8.906181765047685786e-03
-3.984952991163429048e-01 9.115266476191073997e-01 -8.984147244219383918e-03
-4.142710563111899336e-01 9.044172229438344202e-01 -9.059450526668842360e-03
-4.299220986457939486e-01 8.970355825551028506e-01 -9.132069298408289001e-03
-4.454436998080248955e-01 8.893839145779941502e-01 -9.201982040928423021e-03
-4.608311719214979174e-01 8.814644902008651473e-01 -9.269168037574793476e-03
-4.760798670395723908e-01 8.732796629978031300e-01 -9.333607379686597108e-03
-4.911851786272993237e-01 8.648318682230590193e-01 -9.395280972496056551e-03
-5.061425430307546769e-01 8.561236220776804462e-01 -9.454170540786593913e-03
-5.209474409332019995e-01 8.471575209485726621e-01 -9.510258634308186437e-03
-5.355953987975251573e-01 8.379362406202348623e-01 -9.563528632948238919e-03
-5.500819902943849815e-01 8.284625354594264968e-01 -9.613964751656500080e-03
-5.644028377155536624e-01 8.187392375730284666e-01 -9.661552045122491147e-03
-5.785536133718877094e-01 8.087692559393862002e-01 -9.706276412204142140e-03
-5.925300409754072906e-01 7.985555755134193801e-01 -9.748124600106256726e-03
-6.063278970049512662e-01 7.881012563058081843e-01 -9.787084208307600050e-03
-6.199430120548882206e-01 7.774094324365699027e-01 -9.823143692235443772e-03
-6.333712721663697920e-01 7.664833111633525542e-01 -9.856292366686475459e-03
-6.466086201406158196e-01 7.553261718847864570e-01 -9.886520408993048833e-03
-6.596510568337325964e-01 7.439413651192404719e-01 -9.913818861933848536e-03
-6.724946424325698446e-01 7.323323114593497385e-01 -9.938179636388124599e-03
-6.851354977111298039e-01 7.205025005026802765e-01 -9.959595513732657016e-03
-6.975698052670542548e-01 7.084554897589189215e-01 -9.978060147980794686e-03
-7.097938107377126382e-01 6.961949035339811687e-01 -9.993568067662907811e-03
-7.218038239954419621e-01 6.837244317914357161e-01 -1.000611467744771249e-02
-7.335962203214728694e-01 6.710478289916677053e-01 -1.001569625950394712e-02
-7.451674415581092115e-01 6.581689129091971013e-01 -1.002230997460206233e-02
-7.565139972387214806e-01 6.450915634285923073e-01 -1.002595386295553753e-02
-7.676324656951303282e-01 6.318197213194169937e-01 -1.002662684480161437e-02
-7.785194951419706078e-01 6.183573869906616727e-01 -1.002432872072124385e-02
-7.891718047376200529e-01 6.047086192251321934e-01 -1.001906017169819536e-02
-7.995861856213111185e-01 5.908775338942470201e-01 -1.001082275891724063e-02
-8.097595019260316329e-01 5.768683026537397840e-01 -9.999618923301570664e-03
-8.196886917668448902e-01 5.626851516207422854e-01 -9.985451984789475016e-03
-8.293707682042669171e-01 5.483323600327473235e-01 -9.968326141350583591e-03
-8.388028201823468644e-01 5.338142588889542850e-01 -9.948246467741910307e-03
-8.479820134411099053e-01 5.191352295745055301e-01 -9.925218914004102846e-03
-8.569055914030347942e-01 5.042997024681304952e-01 -9.899250303698307885e-03
-8.655708760332474494e-01 4.893121555337273665e-01 -9.870348331884208626e-03
-8.739752686731241393e-01 4.741771128964021309e-01 -9.838521562839810594e-03
-8.821162508470083985e-01 4.588991434035121775e-01 -9.803779427523655679e-03
-8.899913850417624506e-01 4.434828591712535184e-01 -9.766132220780236392e-03
-8.975983154588790258e-01 4.279329141173374706e-01 -9.725591098289403102e-03
-9.049347687388977768e-01 4.122540024803182379e-01 -9.682168073260702737e-03
-9.119985546578810442e-01 3.964508573261203983e-01 -9.635876012873592633e-03
-9.187875667957113857e-01 3.805282490423400610e-01 -9.586728634464629362e-03
-9.252997831759959269e-01 3.644909838208830188e-01 -9.534740501462728862e-03
-9.315332668773634861e-01 3.483439021295125504e-01 -9.479927019073689648e-03
-9.374861666159628459e-01 3.320918771728865737e-01 -9.422304429715316551e-03
-9.431567172989790970e-01 3.157398133436582488e-01 -9.361889808204439112e-03
-9.485432405489950813e-01 2.992926446642305005e-01 -9.298701056697260964e-03
-9.536441451990461671e-01 2.827553332197461078e-01 -9.232756899384571975e-03
-9.584579277582172541e-01 2.661328675829015555e-01 -9.164076876943386130e-03
-9.629831728476598851e-01 2.494302612311805889e-01 -9.092681340746585489e-03
-9.672185536069027867e-01 2.326525509570923911e-01 -9.018591446832384742e-03
-9.711628320703581396e-01 2.158047952720172358e-01 -8.941829149635342408e-03
-9.748148595139259909e-01 1.988920728042502251e-01 -8.862417195480786977e-03
-9.781735767716225327e-01 1.819194806918409679e-01 -8.780379115844580071e-03
-9.812380145221643035e-01 1.648921329708291916e-01 -8.695739220380247977e-03
-9.840072935454551306e-01 1.478151589594677573e-01 -8.608522589715497317e-03
-9.864806249489389556e-01 1.306937016390389839e-01 -8.518755068020281498e-03
-9.886573103637893434e-01 1.135329160318557656e-01 -8.426463255348615872e-03
-9.905367421109229076e-01 9.633796757704585212e-02 -8.331674499756415789e-03
-9.921184033368364297e-01 7.911403050471813025e-02 -8.234416889197682110e-03
-9.934018681192802180e-01 6.186628620909805781e-02 -8.134719243201403785e-03
-9.943868015427896889e-01 4.459992162123481430e-02 -8.032611104331743163e-03
-9.950729597441182461e-01 2.732012758186425777e-02 -7.928122729433929178e-03
-9.954601899276164234e-01 1.003209721501916070e-02 -7.821285080668476108e-03
-9.955484303506224597e-01 -7.258975697024764272e-03 -7.712129816336464432e-03
-9.953377102789406905e-01 -2.454789833688981668e-02 -7.600689281498484995e-03
-9.948281499124941307e-01 -4.182948047273480491e-02 -7.486996498390088850e-03
-9.940199602812497259e-01 -5.909853607582030849e-02 -7.371085156636595498e-03
-9.929134431115312909e-01 -7.634988493442518287e-02 -7.252989603270142659e-03
-9.915089906628418159e-01 -9.357835426354181585e-02 -7.132744832551912717e-03
-9.898070855353323649e-01 -1.107787803097918522e-01 -7.010386475602549926e-03
-9.878083004480631146e-01 -1.279460099509920901e-01 -6.885950789843935105e-03
-9.855132979882176292e-01 -1.450749022898212004e-01 -6.759474648255305029e-03
-9.829228303314399007e-01 -1.621603302410334624e-01 -6.630995528446981258e-03
-9.800377389334763434e-01 -1.791971821116716546e-01 -6.500551501554973147e-03
-9.768589541933124787e-01 -1.961803631737449038e-01 -6.368181220959670367e-03
-9.733874950880132548e-01 -2.131047972288281633e-01 -6.233923910831989414e-03
-9.696244687794771666e-01 -2.299654281640613751e-01 -6.097819354510425338e-03
-9.655710701933282181e-01 -2.467572214990228219e-01 -5.959907882712400101e-03
-9.612285815701858693e-01 -2.634751659229598864e-01 -5.820230361583388252e-03
-9.565983719895514437e-01 -2.801142748218726219e-01 -5.678828180587371793e-03
-9.516818968665721190e-01 -2.966695877949414584e-01 -5.535743240242298364e-03
-9.464806974219425184e-01 -3.131361721598052150e-01 -5.391017939704025215e-03
-9.409964001252202337e-01 -3.295091244462097224e-01 -5.244695164202514172e-03
-9.352307161118414980e-01 -3.457835718775285616e-01 -5.096818272334064509e-03
-9.291854405741213352e-01 -3.619546738397068641e-01 -4.947431083213167657e-03
-9.228624521265502700e-01 -3.780176233371385641e-01 -4.796577863488006577e-03
-9.162637121456881362e-01 -3.939676484350395635e-01 -4.644303314223273936e-03
-9.093912640849776130e-01 -4.098000136878618416e-01 -4.490652557654253862e-03
-9.022472327648051182e-01 -4.255100215532977570e-01 -4.335671123816189215e-03
-8.948338236381383481e-01 -4.410930137914652605e-01 -4.179404937052684857e-03
-8.871533220320879654e-01 -4.565443728488245978e-01 -4.021900302407383984e-03
-8.792080923657373814e-01 -4.718595232264344297e-01 -3.863203891902770772e-03
-8.710005773445981259e-01 -4.870339328321313110e-01 -3.703362730710210628e-03
-8.625332971320601727e-01 -5.020631143162310739e-01 -3.542424183215435191e-03
-8.538088484981932735e-01 -5.169426263903832419e-01 -3.380435938983389517e-03
-8.448299039462914273e-01 -5.316680751291745777e-01 -3.217445998626840276e-03
-8.355992108175297473e-01 -5.462351152541392585e-01 -3.053502659582735257e-03
-8.261195903741261892e-01 -5.606394513998018692e-01 -2.888654501800601553e-03
-8.163939368614062664e-01 -5.748768393613979955e-01 -2.722950373347323566e-03
-8.064252165491594404e-01 -5.889430873239550612e-01 -2.556439375932332333e-03
-7.962164667527013018e-01 -6.028340570723758063e-01 -2.389170850357771533e-03
-7.857707948340433290e-01 -6.165456651822236456e-01 -2.221194361897728484e-03
-7.750913771835828969e-01 -6.300738841908936072e-01 -2.052559685610946295e-03
-7.641814581827403030e-01 -6.434147437488592081e-01 -1.883316791591459812e-03
-7.530443491479484885e-01 -6.565643317507203758e-01 -1.713515830161310878e-03
-7.416834272564375441e-01 -6.695187954457536561e-01 -1.543207117009985033e-03
-7.301021344542277802e-01 -6.822743425277082441e-01 -1.372441118284760311e-03
-7.183039763467720107e-01 -6.948272422035784990e-01 -1.201268435636473854e-03
-7.062925210726824776e-01 -7.071738262410980358e-01 -1.029739791225221194e-03
-6.940713981609688554e-01 -7.193104899947277975e-01 -8.579060126902147325e-04
-6.816442973722449672e-01 -7.312336934098866426e-01 -6.858180180885198709e-04
-6.690149675243287630e-01 -7.429399620052203890e-01 -5.135268008069093261e-04
-6.561872153026889753e-01 -7.544258878326908224e-01 -3.410834144513946991e-04
-6.431649040561868702e-01 -7.656881304152730605e-01 -1.685389577190040148e-04
-6.299519525785477470e-01 -7.767234176620885222e-01 4.055440743936268978e-06
-6.165523338760288130e-01 -7.875285467607719969e-01 1.766486374922605657e-04
-6.029700739217150884e-01 -7.981003850469107208e-01 3.491894894368971730e-04
-5.892092503969025286e-01 -8.084358708503928126e-01 5.216268689996961727e-04
-5.752739914200241111e-01 -8.185320143184989794e-01 6.939096792635717544e-04
-5.611684742635535406e-01 -8.283858982156137030e-01 8.659868691136930275e-04
-5.468969240593588577e-01 -8.379946786993991426e-01 1.037807448364968599e-03
-5.324636124929389425e-01 -8.473555860733236189e-01 1.209320502871565626e-03
-5.178728564869997664e-01 -8.564659255154215556e-01 1.380475209613896918e-03
-5.031290168748300262e-01 -8.653230777831728560e-01 1.551220851758515354e-03
-4.882364970639045398e-01 -8.739244998944173393e-01 1.721506833686678320e-03
-4.731997416901879139e-01 -8.822677257841992082e-01 1.891282695986859930e-03
-4.580232352635667525e-01 -8.903503669374751572e-01 2.060498130406988610e-03
-4.427115008048618794e-01 -8.981701129976081832e-01 2.229102994761894552e-03
-4.272690984748760412e-01 -9.057247323505815961e-01 2.397047327791461315e-03
-4.117006241958963697e-01 -9.130120726848899304e-01 2.564281363965293520e-03
-3.960107082661196154e-01 -9.200300615270465832e-01 2.730755548229258506e-03
-3.802040139674160435e-01 -9.267767067526833102e-01 2.896420550689742749e-03
-3.642852361668783567e-01 -9.332500970732066081e-01 3.061227281231191245e-03
-3.482590999125966258e-01 -9.394484024979867787e-01 3.225126904062507183e-03
-3.321303590240713977e-01 -9.453698747720742368e-01 3.388070852188217966e-03
-3.159037946777177308e-01 -9.510128477894271848e-01 3.550010841799868672e-03
-2.995842139878657773e-01 -9.563757379816634208e-01 3.710898886583576754e-03
-2.831764485836896772e-01 -9.614570446823367256e-01 3.870687311939440250e-03
-2.666853531824928680e-01 -9.662553504667555915e-01 4.029328769108494329e-03
-2.501158041597454362e-01 -9.707693214673749349e-01 4.186776249203233262e-03
-2.334726981163129378e-01 -9.749977076647821095e-01 4.342983097137301587e-03
-2.167609504432652379e-01 -9.789393431543178536e-01 4.497903025450427500e-03
-1.999854938846803987e-01 -9.825931463883823547e-01 4.651490128024422972e-03
-1.831512770988551198e-01 -9.859581203944641770e-01 4.803698893686098557e-03
-1.662632632183002335e-01 -9.890333529689615544e-01 4.954484219693269104e-03
-1.493264284089408922e-01 -9.918180168468517799e-01 5.103801425099618524e-03
-1.323457604288932610e-01 -9.943113698472790807e-01 5.251606263994646265e-03
-1.153262571872124970e-01 -9.965127549951371400e-01 5.397854938614715138e-03
-9.827292530300525686e-02 -9.984216006187253134e-01 5.542504112321214142e-03
-8.119077866526339116e-02 -1.000037420423566248e+00 5.685510922442204608e-03
-6.408483699382142018e-02 -1.001359813542472832e+00 5.826832992973498236e-03
-4.696012440178620045e-02 -1.002388464561967396e+00 5.966428447135613440e-03
-2.982166795981464405e-02 -1.003123143525147976e+00 6.104255919782777123e-03
-1.267449626261118144e-02 -1.003563705911110215e+00 6.240274569660269124e-03
4.476362002019424781e-03 -1.003710092591042047e+00 6.374444091506623403e-03
2.162587948118285114e-02 -1.003562329761096050e+00 6.506724727996892992e-03
3.876903158164259067e-02 -1.003120528852169846e+00 6.637077281523628969e-03
5.590079789094964252e-02 -1.002384886416712195e+00 6.765463125811997311e-03
7.301616359460498529e-02 -1.001355683992687817e+00 6.891844217365529490e-03
9.011012088894046479e-02 -1.000033287944830818e+00 7.016183106739281097e-03
1.071776703893597971e-01 -9.984181492833232863e-01 7.138442949636872661e-03
1.242138225336338192e-01 -9.965108034600399511e-01 7.258587517828264148e-03
1.412135989799181701e-01 -9.943118701425027739e-01 7.376581209884982768e-03
1.581720339991657953e-01 -9.918220529656902595e-01 7.492389061729544560e-03
1.750841758616415167e-01 -9.890421392618523599e-01 7.605976756996120705e-03
1.919450882172022976e-01 -9.859729997684874014e-01 7.717310637199177765e-03
2.087498514690595830e-01 -9.826155883146302505e-01 7.826357711707223469e-03
2.254935641407123381e-01 -9.789709414856189174e-01 7.933085667518661316e-03
2.421713442357460166e-01 -9.750401782664936956e-01 8.037462878836797164e-03
2.587783305902248698e-01 -9.708244996641977043e-01 8.139458416441282956e-03
2.753096842173636261e-01 -9.663251883087468075e-01 8.239042056853078042e-03
2.917605896442139191e-01 -9.615436080335306723e-01 8.336184291290332088e-03
3.081262562400773342e-01 -9.564812034349255976e-01 8.430856334412489481e-03
3.244019195363589403e-01 -9.511394994113853141e-01 8.523030132849973226e-03
3.405828425376091206e-01 -9.455201006821907228e-01 8.612678373517045766e-03
3.566643170234605753e-01 -9.396246912860305445e-01 8.699774491705218604e-03
3.726416648412156363e-01 -9.334550340595973994e-01 8.784292678954986819e-03
3.885102391888132778e-01 -9.270129700963756214e-01 8.866207890703421690e-03
4.042654258879117557e-01 -9.203004181858095434e-01 8.945495853705397529e-03
4.199026446468505647e-01 -9.133193742330278919e-01 9.022133073226313790e-03
4.354173503132195422e-01 -9.060719106593202454e-01 9.096096840004053857e-03
4.508050341158061358e-01 -8.985601757835437464e-01 9.167365236978248025e-03
4.660612248956695347e-01 -8.907863931846536909e-01 9.235917145784783289e-03
4.811814903260948073e-01 -8.827528610455489533e-01 9.301732253013603180e-03
4.961614381212067215e-01 -8.744619514784168768e-01 9.364791056228035163e-03
5.109967172329886731e-01 -8.659161098317798011e-01 9.425074869743761685e-03
5.256830190364943922e-01 -8.571178539794271911e-01 9.482565830165807716e-03
5.402160785030154511e-01 -8.480697735914328739e-01 9.537246901681844732e-03
5.545916753609746452e-01 -8.387745293874563357e-01 9.589101881110263792e-03
5.688056352443396912e-01 -8.292348523725135978e-01 9.638115402701546638e-03
5.828538308283172098e-01 -8.194535430554318323e-01 9.684272942691441247e-03
5.967321829521282650e-01 -8.094334706501704613e-01 9.727560823604685866e-03
6.104366617286443031e-01 -7.991775722602164622e-01 9.767966218307942358e-03
6.239632876406652207e-01 -7.886888520462587149e-01 9.805477153810736660e-03
6.373081326236481603e-01 -7.779703803773300175e-01 9.840082514813329115e-03
6.504673211346591044e-01 -7.670252929656343754e-01 9.871772047000407918e-03
6.634370312073617493e-01 -7.558567899852514094e-01 9.900536360079670653e-03
6.762134954928341601e-01 -7.444681351749258269e-01 9.926366930564367586e-03
6.887930022860067059e-01 -7.328626549251529010e-01 9.949256104298994860e-03
7.011718965375364210e-01 -7.210437373497579072e-01 9.969197098727384729e-03
7.133465808509170669e-01 -7.090148313421784643e-01 9.986184004902526681e-03
7.253135164646232758e-01 -6.967794456166660488e-01 1.000021178923751579e-02
7.370692242191136945e-01 -6.843411477346017513e-01 1.001127629499710611e-02
7.486102855084855179e-01 -6.717035631161523135e-01 1.001937424352944937e-02
7.599333432166053282e-01 -6.588703740374654005e-01 1.002450323523763204e-02
7.710351026375273920e-01 -6.458453186136186019e-01 1.002666175029071245e-02
7.819123323800053482e-01 -6.326321897675469819e-01 1.002584914907409842e-02
7.925618652559308641e-01 -6.192348341851440230e-01 1.002206567237906923e-02
8.029805991525011954e-01 -6.056571512567741067e-01 1.001531244133142123e-02
8.131654978879476747e-01 -5.919030920053941491e-01 1.000559145705926141e-02
8.231135920506443826e-01 -5.779766580015129884e-01 9.992905600100026806e-03
8.328219798214113734e-01 -5.638819002652124546e-01 9.977258629546913865e-03
8.422878277788508061e-01 -5.496229181554406207e-01 9.958655181934993397e-03
8.515083716875342379e-01 -5.352038582468033878e-01 9.937100769867281830e-03
8.604809172688645535e-01 -5.206289131940894377e-01 9.912601780381259664e-03
8.692028409544535483e-01 -5.059023205847346105e-01 9.885165473056243060e-03
8.776715906218309771e-01 -4.910283617794751754e-01 9.854799977862217439e-03
8.858846863123278625e-01 -4.760113607414014347e-01 9.821514292750747194e-03
8.938397209309629776e-01 -4.608556828536503058e-01 9.785318280988695300e-03
9.015343609281597503e-01 -4.455657337259765205e-01 9.746222668235524772e-03
9.089663469631439341e-01 -4.301459579904203245e-01 9.704239039365042396e-03
9.161334945488426307e-01 -4.146008380863291376e-01 9.659379835032563116e-03
9.230336946781337870e-01 -3.989348930349554401e-01 9.611658347988476930e-03
9.296649144312825186e-01 -3.831526772038778561e-01 9.561088719139300765e-03
9.360251975644008349e-01 -3.672587790614979530e-01 9.507685933357453920e-03
9.421126650787799983e-01 -3.512578199218382435e-01 9.451465815040881180e-03
9.479255157709337576e-01 -3.351544526799139501e-01 9.392445023423973832e-03
9.534620267631985779e-01 -3.189533605379079040e-01 9.330641047641063598e-03
9.587205540147412108e-01 -3.026592557224112023e-01 9.266072201544007375e-03
9.636995328128129534e-01 -2.862768781929924122e-01 9.198757618275422293e-03
9.683974782441123752e-01 -2.698109943423333545e-01 9.128717244599088981e-03
9.728129856460946412e-01 -2.532663956882180156e-01 9.055971834989325411e-03
9.769447310380896532e-01 -2.366478975576166710e-01 8.980542945480981046e-03
9.807914715320821264e-01 -2.199603377631412227e-01 8.902452927281897035e-03
9.843520457230042764e-01 -2.032085752721491390e-01 8.821724920149790969e-03
9.876253740584076679e-01 -1.863974888687484899e-01 8.738382845535425797e-03
9.906104591873674536e-01 -1.695319758090040874e-01 8.652451399494179296e-03
9.933063862884857764e-01 -1.526169504696039403e-01 8.563956045368073186e-03
9.957123233768561121e-01 -1.356573429902750427e-01 8.472923006240411226e-03
9.978275215898571027e-01 -1.186580979102435374e-01 8.379379257165349079e-03
9.996513154516412092e-01 -1.016241727990060267e-01 8.283352517174569565e-03
1.001183123116194951e+00 -8.456053688173002791e-02 8.184871241063563022e-03
1.002422446588837834e+00 -6.747216965955704637e-02 8.083964610959844255e-03
1.003368871926040962e+00 -5.036405952511625178e-02 7.980662527675647447e-03
1.004022069413444296e+00 -3.324120237355948637e-02 7.874995601847704571e-03
1.004381793721947247e+00 -1.610860020940169460e-02 7.766995144866600982e-03
1.004447884041768546e+00 1.028740250497414254e-03 7.656693159598592160e-03
1.004220264194353396e+00 1.816580897751950488e-02 7.544122330902425580e-03
1.003698942722021537e+00 3.529759403511611299e-02 7.429316015944112395e-03
1.002884012955253423e+00 5.241908298555041784e-02 7.312308234312510369e-03
1.001775653057504822e+00 6.952526429925032225e-02 7.193133657938538712e-03
1.000374126047460788e+00 8.661112876641888225e-02 7.071827600821182017e-03
9.986797797986208813e-01 1.036716709105928447e-01 6.948426008563166403e-03
9.966930470161354805e-01 1.207018904038052870e-01 6.822965447719493703e-03
9.944144451907976912e-01 1.376967934830052309e-01 6.695483094962013416e-03
9.918445765301115991e-01 1.546513943674136804e-01 6.566016726063129798e-03
9.889841278663539237e-01 1.715607166764435421e-01 6.434604704702065817e-03
9.858338705415562453e-01 1.884197948478560369e-01 6.301285971096863732e-03
9.823946602693343078e-01 2.052236755557913517e-01 6.166100030465529284e-03
9.786674369735032242e-01 2.219674191283076692e-01 6.029086941319836655e-03
9.746532246034094182e-01 2.386461009640903908e-01 5.890287303595070217e-03
9.703531309259321169e-01 2.552548129479404460e-01 5.749742246619437940e-03
9.657683472940929992e-01 2.717886648646974379e-01 5.607493416926539152e-03
9.609001483922364750e-01 2.882427858112155405e-01 5.463582965914577302e-03
9.557498919577348540e-01 3.046123256060119244e-01 5.318053537356045614e-03
9.503190184791832085e-01 3.208924561962290256e-01 5.170948254761392401e-03
9.446090508710575095e-01 3.370783730615050655e-01 5.022310708600648092e-03
9.386215941248077232e-01 3.531652966143904449e-01 4.872184943386613509e-03
9.323583349363689932e-01 3.691484735969117748e-01 4.720615444623481316e-03
9.258210413100860237e-01 3.850231784728883611e-01 4.567647125624890031e-03
9.190115621390303469e-01 4.007847148156249983e-01 4.413325314205069141e-03
9.119318267617291252e-01 4.164284166905616869e-01 4.257695739247288960e-03
9.045838444952970514e-01 4.319496500325027410e-01 4.100804517153376974e-03
8.969697041449957720e-01 4.473438140170128419e-01 3.942698138178414580e-03
8.890915734902382628e-01 4.626063424255697498e-01 3.783423452654723768e-03
8.809516987470636940e-01 4.777327050040865442e-01 3.623027657109037774e-03
8.725524040071239718e-01 4.927184088143699570e-01 3.461558280277209423e-03
8.638960906532173745e-01 5.075589995781241148e-01 3.299063169020396719e-03
8.549852367514220175e-01 5.222500630130778587e-01 3.135590474146980524e-03
8.458223964198906542e-01 5.367872261608137574e-01 2.971188636144498664e-03
8.364101991743602138e-01 5.511661587058985790e-01 2.805906370825615812e-03
8.267513492504634520e-01 5.653825742858792358e-01 2.639792654892637695e-03
8.168486249029115465e-01 5.794322317917358633e-01 2.472896711424632781e-03
8.067048776816380107e-01 5.933109366583692035e-01 2.305267995291542058e-03
7.963230316850110624e-01 6.070145421446893064e-01 2.136956178499696546e-03
7.857060827902009326e-01 6.205389506029027613e-01 1.968011135472861207e-03
7.748570978608350091e-01 6.338801147365490385e-01 1.798482928273426778e-03
7.637792139320473961e-01 6.470340388468839299e-01 1.628421791767913074e-03
7.524756373730594472e-01 6.599967800671734386e-01 1.457878118741269330e-03
7.409496430274341572e-01 6.727644495844689043e-01 1.286902444964464287e-03
7.292045733311407485e-01 6.853332138484530267e-01 1.115545434219578167e-03
7.172438374086000934e-01 6.976992957669133633e-01 9.438578632870906707e-04
7.050709101468647377e-01 7.098589758874335187e-01 7.718906068995988381e-04
6.926893312481106069e-01 7.218085935648711482e-01 5.996946226665102663e-04
6.801027042606322404e-01 7.335445481141954494e-01 4.273209359742643695e-04
6.673146955885183029e-01 7.450632999482740271e-01 2.548206248663394471e-04
6.543290334802263075e-01 7.563613717001728132e-01 8.224480490778700878e-05
6.411495069962536153e-01 7.674353493295617001e-01 -9.035538596143892736e-05
6.277799649561284223e-01 7.782818832128042263e-01 -2.629288025797844246e-04
6.142243148649603190e-01 7.888976892163085397e-01 -4.354243077194483490e-04
6.004865218197690258e-01 7.992795497527407367e-01 -6.077907872395176946e-04
5.865706073958608657e-01 8.094243148196698101e-01 -7.799771652321284927e-04
5.724806485134941170e-01 8.193289030202542955e-01 -9.519324191573861607e-04
5.582207762851045807e-01 8.289903025655543933e-01 -1.123605594962472261e-03
5.437951748433776933e-01 8.384055722580632253e-01 -1.294945822180367228e-03
5.292080801504308596e-01 8.475718424560721997e-01 -1.465902329003939374e-03
5.144637787884256408e-01 8.564863160184573720e-01 -1.636424457330664262e-03
4.995666067318939030e-01 8.651462692295086576e-01 -1.806461677773740651e-03
4.845209481020997799e-01 8.735490527034082131e-01 -1.975963604635066258e-03
4.693312339037660763e-01 8.816920922679714057e-01 -2.144880010835541716e-03
4.540019407444798039e-01 8.895728898272813323e-01 -2.313160842798514007e-03
4.385375895371388388e-01 8.971890242028297546e-01 -2.480756235281665004e-03
4.229427441857734893e-01 9.045381519528090664e-01 -2.647616526153189365e-03
4.072220102551062371e-01 9.116180081691828141e-01 -2.813692271107778170e-03
3.913800336242292954e-01 9.184264072521771682e-01 -2.978934258317976740e-03
3.754214991247548650e-01 9.249612436618490641e-01 -3.143293523016777585e-03
3.593511291638493144e-01 9.312204926463750754e-01 -3.306721362006878780e-03
3.431736823325253205e-01 9.372022109467275097e-01 -3.469169348092516428e-03
3.268939519996032494e-01 9.429045374774069899e-01 -3.630589344429515763e-03
3.105167648917627199e-01 9.483256939828954568e-01 -3.790933518789217551e-03
2.940469796600827523e-01 9.534639856695242832e-01 -3.950154357732263942e-03
2.774894854335250849e-01 9.583178018124326458e-01 -4.108204680687801980e-03
2.608492003597756015e-01 9.628856163373232802e-01 -4.265037653934124900e-03
2.441310701338975653e-01 9.671659883767123045e-01 -4.420606804476544076e-03
2.273400665152571221e-01 9.711575628003853433e-01 -4.574866033818279255e-03
2.104811858331609720e-01 9.748590707197875016e-01 -4.727769631620507354e-03
1.935594474816987876e-01 9.782693299660633057e-01 -4.879272289247262029e-03
1.765798924042444318e-01 9.813872455414960339e-01 -5.029329113191384135e-03
1.595475815681075826e-01 9.842118100440863104e-01 -5.177895638377462070e-03
1.424675944298326447e-01 9.867421040650258268e-01 -5.324927841337741795e-03
1.253450273916210111e-01 9.889772965588345954e-01 -5.470382153257285530e-03
1.081849922494044491e-01 9.909166451859310332e-01 -5.614215472884303421e-03
9.099261463305800823e-02 9.925594966274241537e-01 -5.756385179302004815e-03
7.377303243927614551e-02 9.939052868719199241e-01 -5.896849144558118094e-03
5.653139425764319714e-02 9.949535414741467187e-01 -6.035565746148266117e-03
3.927285779040264740e-02 9.957038757852118005e-01 -6.172493879349658444e-03
2.200258826648555238e-02 9.961559951543230707e-01 -6.307592969401272683e-03
4.725756850313627029e-03 9.963096951017983427e-01 -6.440822983527040753e-03
-1.255246095407056180e-02 9.961648614632271359e-01 -6.572144442798451801e-03
-2.982688690298914216e-02 9.957214705046226744e-01 -6.701518433832960933e-03
-4.709234161669979823e-02 9.949795890084540684e-01 -6.828906620324919075e-03
-6.434364618596809249e-02 9.939393743304237860e-01 -6.954271254405399241e-03
-8.157562378110223833e-02 9.926010744268900510e-01 -7.077575187827727342e-03
-9.878310126287670467e-02 9.909650278528396861e-01 -7.198781882975326119e-03
-1.159609107947668083e-01 9.890316637303214753e-01 -7.317855423688555440e-03
-1.331038914559450892e-01 9.868015016872728751e-01 -7.434760525907496698e-03
-1.502068908544383907e-01 9.842751517666779026e-01 -7.549462548127336761e-03
-1.672647667398892146e-01 9.814533143060102383e-01 -7.661927501663415470e-03
-1.842723886153334323e-01 9.783367797869212401e-01 -7.772122060722815896e-03
-2.012246393474076966e-01 9.749264286551554415e-01 -7.880013572279491105e-03
-2.181164167744126248e-01 9.712232311106778759e-01 -7.985570065750086793e-03
-2.349426353116326194e-01 9.672282468680213352e-01 -8.088760262467475232e-03
-2.516982275533513613e-01 9.629426248868571125e-01 -8.189553584949348097e-03
-2.683781458709437739e-01 9.583676030728272011e-01 -8.287920165958971228e-03
-2.849773640064722224e-01 9.535045079486751396e-01 -8.383830857355445421e-03
-3.014908786612127689e-01 9.483547542957185827e-01 -8.477257238730993502e-03
-3.179137110784945874e-01 9.429198447657423099e-01 -8.568171625832522384e-03
-3.342409086202773882e-01 9.372013694633857250e-01 -8.656547078765017625e-03
-3.504675463368983057e-01 9.312010054991055608e-01 -8.742357409974487598e-03
-3.665887285293659148e-01 9.249205165128340234e-01 -8.825577192007856911e-03
-3.825995903036473744e-01 9.183617521684369622e-01 -8.906181765047685786e-03
-3.984952991163419056e-01 9.115266476191078437e-01 -8.984147244219380449e-03
-4.142710563111880462e-01 9.044172229438351973e-01 -9.059450526668833686e-03
-4.299220986457933380e-01 8.970355825551031836e-01 -9.132069298408287267e-03
-4.454436998080238963e-01 8.893839145779945943e-01 -9.201982040928419551e-03
-4.608311719214964741e-01 8.814644902008657024e-01 -9.269168037574784802e-03
-4.760798670395720578e-01 8.732796629978033520e-01 -9.333607379686595373e-03
-4.911851786272983245e-01 8.648318682230596854e-01 -9.395280972496053082e-03
-5.061425430307532336e-01 8.561236220776813344e-01 -9.454170540786588708e-03
-5.209474409332004452e-01 8.471575209485737723e-01 -9.510258634308177764e-03
-5.355953987975247133e-01 8.379362406202351954e-01 -9.563528632948237185e-03
-5.500819902943839823e-01 8.284625354594270519e-01 -9.613964751656496610e-03
-5.644028377155519971e-01 8.187392375730295768e-01 -9.661552045122487678e-03
-5.785536133718871543e-01 8.087692559393866443e-01 -9.706276412204142140e-03
-5.925300409754065134e-01 7.985555755134200462e-01 -9.748124600106254992e-03
-6.063278970049500449e-01 7.881012563058091835e-01 -9.787084208307596581e-03
-6.199430120548879986e-01 7.774094324365701247e-01 -9.823143692235443772e-03
-6.333712721663690148e-01 7.664833111633533314e-01 -9.856292366686473724e-03
-6.466086201406145983e-01 7.553261718847874562e-01 -9.886520408993047099e-03
-6.596510568337310421e-01 7.439413651192419152e-01 -9.913818861933846802e-03
-6.724946424325692895e-01 7.323323114593502936e-01 -9.938179636388124599e-03
-6.851354977111291378e-01 7.205025005026810536e-01 -9.959595513732655281e-03
-6.975698052670528115e-01 7.084554897589203648e-01 -9.978060147980791217e-03
-7.097938107377123051e-01 6.961949035339816128e-01 -9.993568067662907811e-03
-7.218038239954411850e-01 6.837244317914366043e-01 -1.000611467744771249e-02
-7.335962203214718702e-01 6.710478289916688155e-01 -1.001569625950394712e-02
-7.451674415581089894e-01 6.581689129091973234e-01 -1.002230997460206233e-02
-7.565139972387208145e-01 6.450915634285931954e-01 -1.002595386295553753e-02
-7.676324656951297731e-01 6.318197213194178818e-01 -1.002662684480161437e-02
-7.785194951419693865e-01 6.183573869906633380e-01 -1.002432872072124559e-02
-7.891718047376196088e-01 6.047086192251327486e-01 -1.001906017169819536e-02
-7.995861856213102303e-01 5.908775338942480193e-01 -1.001082275891724063e-02
-8.097595019260304117e-01 5.768683026537413383e-01 -9.999618923301572398e-03
-8.196886917668444461e-01 5.626851516207427295e-01 -9.985451984789476751e-03
-8.293707682042664731e-01 5.483323600327483227e-01 -9.968326141350585326e-03
-8.388028201823460872e-01 5.338142588889557283e-01 -9.948246467741912041e-03
-8.479820134411095722e-01 5.191352295745057521e-01 -9.925218914004102846e-03
-8.569055914030342391e-01 5.042997024681313833e-01 -9.899250303698311354e-03
-8.655708760332467833e-01 4.893121555337287543e-01 -9.870348331884212095e-03
-8.739752686731231401e-01 4.741771128964037407e-01 -9.838521562839814064e-03
-8.821162508470082875e-01 4.588991434035127881e-01 -9.803779427523655679e-03
-8.899913850417620065e-01 4.434828591712544621e-01 -9.766132220780238127e-03
-8.975983154588782487e-01 4.279329141173393580e-01 -9.725591098289406572e-03
-9.049347687388975547e-01 4.122540024803188485e-01 -9.682168073260702737e-03
-9.119985546578806002e-01 3.964508573261213420e-01 -9.635876012873596103e-03
-9.187875667957110526e-01 3.805282490423415043e-01 -9.586728634464636301e-03
-9.252997831759959269e-01 3.644909838208832409e-01 -9.534740501462728862e-03
-9.315332668773630420e-01 3.483439021295136051e-01 -9.479927019073693117e-03
-9.374861666159625129e-01 3.320918771728880725e-01 -9.422304429715325225e-03
-9.431567172989783199e-01 3.157398133436601362e-01 -9.361889808204446051e-03
-9.485432405489948593e-01 2.992926446642311666e-01 -9.298701056697260964e-03
-9.536441451990458340e-01 2.827553332197472180e-01 -9.232756899384577179e-03
-9.584579277582166990e-01 2.661328675829034429e-01 -9.164076876943393068e-03
-9.629831728476596631e-01 2.494302612311812550e-01 -9.092681340746585489e-03
-9.672185536069025646e-01 2.326525509570934735e-01 -9.018591446832389946e-03
-9.711628320703578066e-01 2.158047952720187623e-01 -8.941829149635351082e-03
-9.748148595139259909e-01 1.988920728042504749e-01 -8.862417195480788712e-03
-9.781735767716223107e-01 1.819194806918420781e-01 -8.780379115844585275e-03
-9.812380145221640815e-01 1.648921329708307459e-01 -8.695739220380258386e-03
-9.840072935454546865e-01 1.478151589594697835e-01 -8.608522589715507725e-03
-9.864806249489389556e-01 1.306937016390397055e-01 -8.518755068020283233e-03
-9.886573103637891213e-01 1.135329160318568897e-01 -8.426463255348619341e-03
-9.905367421109226855e-01 9.633796757704787828e-02 -8.331674499756426197e-03
-9.921184033368366517e-01 7.911403050471882414e-02 -8.234416889197683845e-03
-9.934018681192802180e-01 6.186628620909920273e-02 -8.134719243201408989e-03
-9.943868015427896889e-01 4.459992162123639636e-02 -8.032611104331753571e-03
-9.950729597441182461e-01 2.732012758186450410e-02 -7.928122729433929178e-03
-9.954601899276164234e-01 1.003209721502030041e-02 -7.821285080668483047e-03
-9.955484303506224597e-01 -7.258975697023178734e-03 -7.712129816336477442e-03
-9.953377102789406905e-01 -2.454789833688779399e-02 -7.600689281498498005e-03
-9.948281499124941307e-01 -4.182948047273231384e-02 -7.486996498390101860e-03
-9.940199602812497259e-01 -5.909853607581917745e-02 -7.371085156636603304e-03
-9.929134431115315129e-01 -7.634988493442317059e-02 -7.252989603270156536e-03
-9.915089906628420380e-01 -9.357835426353934560e-02 -7.132744832551927462e-03
-9.898070855353325870e-01 -1.107787803097907142e-01 -7.010386475602557732e-03
-9.878083004480633367e-01 -1.279460099509905358e-01 -6.885950789843948983e-03
-9.855132979882179622e-01 -1.450749022898192020e-01 -6.759474648255319774e-03
-9.829228303314401227e-01 -1.621603302410323244e-01 -6.630995528446989064e-03
-9.800377389334767875e-01 -1.791971821116701002e-01 -6.500551501554988759e-03
-9.768589541933129228e-01 -1.961803631737429054e-01 -6.368181220959685113e-03
-9.733874950880138099e-01 -2.131047972288257764e-01 -6.233923910832005894e-03
-9.696244687794773887e-01 -2.299654281640602649e-01 -6.097819354510434012e-03
-9.655710701933288842e-01 -2.467572214990208790e-01 -5.959907882712416581e-03
-9.612285815701865355e-01 -2.634751659229574994e-01 -5.820230361583404732e-03
-9.565983719895518878e-01 -2.801142748218715672e-01 -5.678828180587382202e-03
-9.516818968665727851e-01 -2.966695877949395155e-01 -5.535743240242314844e-03
-9.464806974219429625e-01 -3.131361721598032721e-01 -5.391017939704042562e-03
-9.409964001252203447e-01 -3.295091244462086677e-01 -5.244695164202522845e-03
-9.352307161118418311e-01 -3.457835718775275069e-01 -5.096818272334074050e-03
-9.291854405741221123e-01 -3.619546738397049768e-01 -4.947431083213185005e-03
-9.228624521265514913e-01 -3.780176233371358441e-01 -4.796577863488032598e-03
-9.162637121456885803e-01 -3.939676484350385643e-01 -4.644303314223284344e-03
-9.093912640849785012e-01 -4.098000136878600097e-01 -4.490652557654272077e-03
-9.022472327648061174e-01 -4.255100215532959806e-01 -4.335671123816208297e-03
-8.948338236381389033e-01 -4.410930137914642057e-01 -4.179404937052695265e-03
-8.871533220320889646e-01 -4.565443728488228770e-01 -4.021900302407402199e-03
-8.792080923657382696e-01 -4.718595232264327088e-01 -3.863203891902788987e-03
-8.710005773445986810e-01 -4.870339328321303674e-01 -3.703362730710221037e-03
-8.625332971320607278e-01 -5.020631143162301857e-01 -3.542424183215446033e-03
-8.538088484981943838e-01 -5.169426263903814656e-01 -3.380435938983409033e-03
-8.448299039462919824e-01 -5.316680751291734675e-01 -3.217445998626851551e-03
-8.355992108175304134e-01 -5.462351152541384813e-01 -3.053502659582745665e-03
-8.261195903741272994e-01 -5.606394513998000928e-01 -2.888654501800621069e-03
-8.163939368614074876e-01 -5.748768393613963301e-01 -2.722950373347343082e-03
-8.064252165491602176e-01 -5.889430873239541731e-01 -2.556439375932343175e-03
-7.962164667527025230e-01 -6.028340570723741410e-01 -2.389170850357791483e-03
-7.857707948340445503e-01 -6.165456651822219802e-01 -2.221194361897748434e-03
-7.750913771835836741e-01 -6.300738841908927190e-01 -2.052559685610957571e-03
-7.641814581827410802e-01 -6.434147437488582089e-01 -1.883316791591470871e-03
-7.530443491479498208e-01 -6.565643317507188215e-01 -1.713515830161331044e-03
-7.416834272564382102e-01 -6.695187954457529900e-01 -1.543207117009996309e-03
-7.301021344542285574e-01 -6.822743425277074669e-01 -1.372441118284771586e-03
-7.183039763467733430e-01 -6.948272422035770557e-01 -1.201268435636494020e-03
-7.062925210726838099e-01 -7.071738262410967035e-01 -1.029739791225241360e-03
-6.940713981609696326e-01 -7.193104899947269093e-01 -8.579060126902260082e-04
-6.816442973722464105e-01 -7.312336934098850882e-01 -6.858180180885401454e-04
-6.690149675243304284e-01 -7.429399620052190567e-01 -5.135268008069296007e-04
-6.561872153026898635e-01 -7.544258878326901563e-01 -3.410834144514060290e-04
-6.431649040561876474e-01 -7.656881304152722834e-01 -1.685389577190153990e-04
-6.299519525785491902e-01 -7.767234176620873010e-01 4.055440743916002021e-06
-6.165523338760297012e-01 -7.875285467607712198e-01 1.766486374922491816e-04
-6.029700739217160876e-01 -7.981003850469100547e-01 3.491894894368858431e-04
-5.892092503969043049e-01 -8.084358708503914803e-01 5.216268689996757897e-04
-5.752739914200258875e-01 -8.185320143184977582e-01 6.939096792635514798e-04
-5.611684742635544287e-01 -8.283858982156131479e-01 8.659868691136816433e-04
-5.468969240593606340e-01 -8.379946786993980323e-01 1.037807448364948433e-03
-5.324636124929407188e-01 -8.473555860733225087e-01 1.209320502871545459e-03
-5.178728564870007656e-01 -8.564659255154208894e-01 1.380475209613885208e-03
-5.031290168748311364e-01 -8.653230777831721898e-01 1.551220851758503862e-03
-4.882364970639062607e-01 -8.739244998944163401e-01 1.721506833686658588e-03
-4.731997416901889131e-01 -8.822677257841987641e-01 1.891282695986848872e-03
-4.580232352635676962e-01 -8.903503669374746021e-01 2.060498130406977768e-03
-4.427115008048637113e-01 -8.981701129976071840e-01 2.229102994761875036e-03
-4.272690984748778731e-01 -9.057247323505807080e-01 2.397047327791441366e-03
-4.117006241958974244e-01 -9.130120726848894863e-01 2.564281363965282678e-03
-3.960107082661215028e-01 -9.200300615270455840e-01 2.730755548229238990e-03
-3.802040139674179309e-01 -9.267767067526822000e-01 2.896420550689723233e-03
-3.642852361668794114e-01 -9.332500970732061640e-01 3.061227281231180836e-03
-3.482590999125976250e-01 -9.394484024979863346e-01 3.225126904062496774e-03
-3.321303590240733405e-01 -9.453698747720734596e-01 3.388070852188199318e-03
-3.159037946777188410e-01 -9.510128477894267407e-01 3.550010841799858263e-03
-2.995842139878668320e-01 -9.563757379816633097e-01 3.710898886583566345e-03
-2.831764485836916201e-01 -9.614570446823360594e-01 3.870687311939422035e-03
-2.666853531824948109e-01 -9.662553504667549253e-01 4.029328769108476115e-03
-2.501158041597465465e-01 -9.707693214673747129e-01 4.186776249203222854e-03
-2.334726981163148807e-01 -9.749977076647814433e-01 4.342983097137282505e-03
-2.167609504432672085e-01 -9.789393431543175206e-01 4.497903025450409285e-03
-1.999854938846814811e-01 -9.825931463883821326e-01 4.651490128024413431e-03
-1.831512770988562577e-01 -9.859581203944639549e-01 4.803698893686088149e-03
-1.662632632183022041e-01 -9.890333529689613323e-01 4.954484219693252624e-03
-1.493264284089419747e-01 -9.918180168468517799e-01 5.103801425099608984e-03
-1.323457604288943434e-01 -9.943113698472790807e-01 5.251606263994637591e-03
-1.153262571872145092e-01 -9.965127549951370289e-01 5.397854938614697791e-03
-9.827292530300725526e-02 -9.984216006187250914e-01 5.542504112321197662e-03
-8.119077866526451526e-02 -1.000037420423566026e+00 5.685510922442194200e-03
-6.408483699382344634e-02 -1.001359813542472832e+00 5.826832992973482624e-03
-4.696012440178819886e-02 -1.002388464561967396e+00 5.966428447135596960e-03
-2.982166795981577856e-02 -1.003123143525147976e+00 6.104255919782767582e-03
-1.267449626261230727e-02 -1.003563705911110215e+00 6.240274569660261318e-03
4.476362002017410767e-03 -1.003710092591042047e+00 6.374444091506607790e-03
2.162587948118172357e-02 -1.003562329761096050e+00 6.506724727996884318e-03
3.876903158164146657e-02 -1.003120528852169846e+00 6.637077281523621163e-03
5.590079789094763024e-02 -1.002384886416712195e+00 6.765463125811982566e-03
7.301616359460295913e-02 -1.001355683992688039e+00 6.891844217365513010e-03
9.011012088893935457e-02 -1.000033287944830818e+00 7.016183106739273291e-03
1.071776703893577987e-01 -9.984181492833233973e-01 7.138442949636857916e-03
1.242138225336318347e-01 -9.965108034600401732e-01 7.258587517828251137e-03
1.412135989799170877e-01 -9.943118701425029959e-01 7.376581209884974094e-03
1.581720339991646573e-01 -9.918220529656902595e-01 7.492389061729536753e-03
1.750841758616395183e-01 -9.890421392618528040e-01 7.605976756996107695e-03
1.919450882172011874e-01 -9.859729997684876235e-01 7.717310637199170827e-03
2.087498514690584728e-01 -9.826155883146304726e-01 7.826357711707214795e-03
2.254935641407103675e-01 -9.789709414856193614e-01 7.933085667518647438e-03
2.421713442357440738e-01 -9.750401782664940287e-01 8.037462878836785021e-03
2.587783305902237596e-01 -9.708244996641979263e-01 8.139458416441277752e-03
2.753096842173616832e-01 -9.663251883087472516e-01 8.239042056853067633e-03
2.917605896442119762e-01 -9.615436080335313385e-01 8.336184291290319945e-03
3.081262562400763350e-01 -9.564812034349260417e-01 8.430856334412484276e-03
3.244019195363579411e-01 -9.511394994113858692e-01 8.523030132849968021e-03
3.405828425376071777e-01 -9.455201006821915000e-01 8.612678373517033623e-03
3.566643170234595761e-01 -9.396246912860309886e-01 8.699774491705213400e-03
3.726416648412145260e-01 -9.334550340595977325e-01 8.784292678954981615e-03
3.885102391888114459e-01 -9.270129700963763986e-01 8.866207890703411282e-03
4.042654258879099238e-01 -9.203004181858103205e-01 8.945495853705388856e-03
4.199026446468495655e-01 -9.133193742330283360e-01 9.022133073226308586e-03
4.354173503132177658e-01 -9.060719106593210226e-01 9.096096840004045184e-03
4.508050341158042484e-01 -8.985601757835446346e-01 9.167365236978239351e-03
4.660612248956685355e-01 -8.907863931846543570e-01 9.235917145784779819e-03
4.811814903260938636e-01 -8.827528610455495084e-01 9.301732253013599711e-03
4.961614381212050007e-01 -8.744619514784178760e-01 9.364791056228028224e-03
5.109967172329876739e-01 -8.659161098317803562e-01 9.425074869743759950e-03
5.256830190364935040e-01 -8.571178539794278572e-01 9.482565830165802512e-03
5.402160785030136747e-01 -8.480697735914340951e-01 9.537246901681837793e-03
5.545916753609729799e-01 -8.387745293874574459e-01 9.589101881110258588e-03
5.688056352443386920e-01 -8.292348523725143750e-01 9.638115402701541434e-03
5.828538308283156555e-01 -8.194535430554330535e-01 9.684272942691434308e-03
5.967321829521264887e-01 -8.094334706501715715e-01 9.727560823604678927e-03
6.104366617286434149e-01 -7.991775722602172394e-01 9.767966218307938889e-03
6.239632876406645545e-01 -7.886888520462593810e-01 9.805477153810734925e-03
6.373081326236467170e-01 -7.779703803773313497e-01 9.840082514813323911e-03
6.504673211346581052e-01 -7.670252929656351526e-01 9.871772047000406183e-03
6.634370312073608611e-01 -7.558567899852521865e-01 9.900536360079668918e-03
6.762134954928328279e-01 -7.444681351749271592e-01 9.926366930564364116e-03
6.887930022860045964e-01 -7.328626549251548994e-01 9.949256104298991391e-03
7.011718965375355328e-01 -7.210437373497587954e-01 9.969197098727382994e-03
7.133465808509157347e-01 -7.090148313421799076e-01 9.986184004902524947e-03
7.253135164646217214e-01 -6.967794456166674921e-01 1.000021178923751405e-02
7.370692242191129173e-01 -6.843411477346026395e-01 1.001127629499710438e-02
7.486102855084841856e-01 -6.717035631161539788e-01 1.001937424352944937e-02
7.599333432166039959e-01 -6.588703740374670659e-01 1.002450323523763030e-02
7.710351026375266148e-01 -6.458453186136193791e-01 1.002666175029071245e-02
7.819123323800045711e-01 -6.326321897675478700e-01 1.002584914907409842e-02
7.925618652559296429e-01 -6.192348341851457993e-01 1.002206567237907096e-02
8.029805991524993081e-01 -6.056571512567764382e-01 1.001531244133142297e-02
8.131654978879470086e-01 -5.919030920053950373e-01 1.000559145705926314e-02
8.231135920506432724e-01 -5.779766580015146538e-01 9.992905600100026806e-03
8.328219798214095970e-01 -5.638819002652147860e-01 9.977258629546917335e-03
8.422878277788501400e-01 -5.496229181554416199e-01 9.958655181934995132e-03
8.515083716875331277e-01 -5.352038582468051642e-01 9.937100769867285299e-03
8.604809172688635543e-01 -5.206289131940911030e-01 9.912601780381263133e-03
8.692028409544529932e-01 -5.059023205847357207e-01 9.885165473056244795e-03
8.776715906218299779e-01 -4.910283617794768962e-01 9.854799977862219174e-03
8.858846863123270854e-01 -4.760113607414032666e-01 9.821514292750752398e-03
8.938397209309616454e-01 -4.608556828536528593e-01 9.785318280988702239e-03
9.015343609281590842e-01 -4.455657337259775752e-01 9.746222668235526507e-03
9.089663469631430459e-01 -4.301459579904221009e-01 9.704239039365047600e-03
9.161334945488415205e-01 -4.146008380863317466e-01 9.659379835032570055e-03
9.230336946781333429e-01 -3.989348930349564948e-01 9.611658347988478665e-03
9.296649144312816304e-01 -3.831526772038797435e-01 9.561088719139305969e-03
9.360251975644000577e-01 -3.672587790614998404e-01 9.507685933357459124e-03
9.421126650787797763e-01 -3.512578199218392427e-01 9.451465815040884649e-03
9.479255157709332025e-01 -3.351544526799158374e-01 9.392445023423980771e-03
9.534620267631978008e-01 -3.189533605379097914e-01 9.330641047641070537e-03
9.587205540147404337e-01 -3.026592557224139779e-01 9.266072201544019518e-03
9.636995328128125093e-01 -2.862768781929935225e-01 9.198757618275425763e-03
9.683974782441119311e-01 -2.698109943423352974e-01 9.128717244599095920e-03
9.728129856460938640e-01 -2.532663956882207912e-01 9.055971834989337554e-03
9.769447310380895422e-01 -2.366478975576177812e-01 8.980542945480987985e-03
9.807914715320815713e-01 -2.199603377631431655e-01 8.902452927281905709e-03
9.843520457230038323e-01 -2.032085752721511096e-01 8.821724920149803112e-03
9.876253740584074459e-01 -1.863974888687495723e-01 8.738382845535431001e-03
9.906104591873672316e-01 -1.695319758090060303e-01 8.652451399494191439e-03
9.933063862884854434e-01 -1.526169504696059387e-01 8.563956045368083594e-03
9.957123233768558901e-01 -1.356573429902779016e-01 8.472923006240426838e-03
9.978275215898571027e-01 -1.186580979102446615e-01 8.379379257165356018e-03
9.996513154516412092e-01 -1.016241727990080390e-01 8.283352517174581708e-03
1.001183123116194729e+00 -8.456053688173291449e-02 8.184871241063578634e-03
1.002422446588837612e+00 -6.747216965955818435e-02 8.083964610959852928e-03
1.003368871926040962e+00 -5.036405952511827100e-02 7.980662527675661325e-03
1.004022069413444296e+00 -3.324120237356150559e-02 7.874995601847716714e-03
1.004381793721947247e+00 -1.610860020940282217e-02 7.766995144866609656e-03
1.004447884041768546e+00 1.028740250495401324e-03 7.656693159598604304e-03
1.004220264194353396e+00 1.816580897751748913e-02 7.544122330902438590e-03
1.003698942722021759e+00 3.529759403511321253e-02 7.429316015944133211e-03
1.002884012955253423e+00 5.241908298554929374e-02 7.312308234312518175e-03
1.001775653057504822e+00 6.952526429924830997e-02 7.193133657938552590e-03
1.000374126047461010e+00 8.661112876641599567e-02 7.071827600821201966e-03
9.986797797986211034e-01 1.036716709105917067e-01 6.948426008563175077e-03
9.966930470161355915e-01 1.207018904038032747e-01 6.822965447719508449e-03
9.944144451907981352e-01 1.376967934830032048e-01 6.695483094962029029e-03
9.918445765301118211e-01 1.546513943674125702e-01 6.566016726063139339e-03
9.889841278663541457e-01 1.715607166764415714e-01 6.434604704702081429e-03
9.858338705415566894e-01 1.884197948478540385e-01 6.301285971096880212e-03
9.823946602693349739e-01 2.052236755557885206e-01 6.166100030465551836e-03
9.786674369735034462e-01 2.219674191283065867e-01 6.029086941319846196e-03
9.746532246034099733e-01 2.386461009640883923e-01 5.890287303595086697e-03
9.703531309259326720e-01 2.552548129479376704e-01 5.749742246619461358e-03
9.657683472940934433e-01 2.717886648646963277e-01 5.607493416926548693e-03
9.609001483922369191e-01 2.882427858112135977e-01 5.463582965914594650e-03
9.557498919577355201e-01 3.046123256060100370e-01 5.318053537356062094e-03
9.503190184791838746e-01 3.208924561962279154e-01 5.170948254761401075e-03
9.446090508710583977e-01 3.370783730615031781e-01 5.022310708600666307e-03
9.386215941248082784e-01 3.531652966143885575e-01 4.872184943386630857e-03
9.323583349363699924e-01 3.691484735969091102e-01 4.720615444623506470e-03
9.258210413100863567e-01 3.850231784728873619e-01 4.567647125624899572e-03
9.190115621390311240e-01 4.007847148156231110e-01 4.413325314205087356e-03
9.119318267617302354e-01 4.164284166905590223e-01 4.257695739247314981e-03
9.045838444952976065e-01 4.319496500325017418e-01 4.100804517153387382e-03
8.969697041449965491e-01 4.473438140170110100e-01 3.942698138178433662e-03
8.890915734902392620e-01 4.626063424255680290e-01 3.783423452654743283e-03
8.809516987470642491e-01 4.777327050040854894e-01 3.623027657109048616e-03
8.725524040071248599e-01 4.927184088143682361e-01 3.461558280277228505e-03
8.638960906532183737e-01 5.075589995781223385e-01 3.299063169020416235e-03
8.549852367514235718e-01 5.222500630130754162e-01 3.135590474147008713e-03
8.458223964198913203e-01 5.367872261608126472e-01 2.971188636144509072e-03
8.364101991743613240e-01 5.511661587058969136e-01 2.805906370825634894e-03
8.267513492504651174e-01 5.653825742858767933e-01 2.639792654892665884e-03
8.168486249029122126e-01 5.794322317917348641e-01 2.472896711424643623e-03
8.067048776816392319e-01 5.933109366583674271e-01 2.305267995291561574e-03
7.963230316850122836e-01 6.070145421446876410e-01 2.136956178499716495e-03
7.857060827902017097e-01 6.205389506029019842e-01 1.968011135472872482e-03
7.748570978608363413e-01 6.338801147365473732e-01 1.798482928273446727e-03
7.637792139320487284e-01 6.470340388468824866e-01 1.628421791767933240e-03
7.524756373730613346e-01 6.599967800671713292e-01 1.457878118741297952e-03
7.409496430274349343e-01 6.727644495844682382e-01 1.286902444964475563e-03
7.292045733311421918e-01 6.853332138484515834e-01 1.115545434219598550e-03
7.172438374086020918e-01 6.976992957669114759e-01 9.438578632871197274e-04
7.050709101468656259e-01 7.098589758874327416e-01 7.718906068996102222e-04
6.926893312481120502e-01 7.218085935648698159e-01 5.996946226665304325e-04
6.801027042606337947e-01 7.335445481141940061e-01 4.273209359742846441e-04
6.673146955885191911e-01 7.450632999482733609e-01 2.548206248663507228e-04
6.543290334802278618e-01 7.563613717001714809e-01 8.224480490780728336e-05
6.411495069962551696e-01 7.674353493295603679e-01 -9.035538596141865278e-05
6.277799649561305317e-01 7.782818832128024500e-01 -2.629288025797552595e-04
6.142243148649612072e-01 7.888976892163079846e-01 -4.354243077194370191e-04
6.004865218197705801e-01 7.992795497527395154e-01 -6.077907872394974200e-04
5.865706073958631972e-01 8.094243148196680337e-01 -7.799771652320993277e-04
5.724806485134950051e-01 8.193289030202536294e-01 -9.519324191573749934e-04
5.582207762851063571e-01 8.289903025655531721e-01 -1.123605594962452095e-03
5.437951748433795807e-01 8.384055722580621151e-01 -1.294945822180347279e-03
5.292080801504318588e-01 8.475718424560716446e-01 -1.465902329003928315e-03
5.144637787884274172e-01 8.564863160184563728e-01 -1.636424457330644096e-03
4.995666067318956238e-01 8.651462692295076584e-01 -1.806461677773721136e-03
4.845209481021023334e-01 8.735490527034067698e-01 -1.975963604635037636e-03
4.693312339037671865e-01 8.816920922679709616e-01 -2.144880010835530874e-03
4.540019407444815802e-01 8.895728898272804441e-01 -2.313160842798494057e-03
4.385375895371414479e-01 8.971890242028285334e-01 -2.480756235281636815e-03
4.229427441857744885e-01 9.045381519528086223e-01 -2.647616526153178090e-03
4.072220102551079579e-01 9.116180081691819259e-01 -2.813692271107758654e-03
3.913800336242310718e-01 9.184264072521763911e-01 -2.978934258317957225e-03
3.754214991247559197e-01 9.249612436618486200e-01 -3.143293523016766310e-03
3.593511291638512017e-01 9.312204926463741872e-01 -3.306721362006859264e-03
3.431736823325272634e-01 9.372022109467266215e-01 -3.469169348092496913e-03
3.268939519996059695e-01 9.429045374774059907e-01 -3.630589344429488441e-03
3.105167648917637191e-01 9.483256939828950127e-01 -3.790933518789207576e-03
2.940469796600846952e-01 9.534639856695236171e-01 -3.950154357732245727e-03
2.774894854335278604e-01 9.583178018124318687e-01 -4.108204680687775959e-03
2.608492003597767117e-01 9.628856163373230581e-01 -4.265037653934114492e-03
2.441310701338995082e-01 9.671659883767116384e-01 -4.420606804476524994e-03
2.273400665152590927e-01 9.711575628003850102e-01 -4.574866033818261908e-03
2.104811858331620822e-01 9.748590707197872796e-01 -4.727769631620497813e-03
1.935594474817007860e-01 9.782693299660628616e-01 -4.879272289247244682e-03
1.765798924042464579e-01 9.813872455414957008e-01 -5.029329113191365053e-03
1.595475815681104415e-01 9.842118100440856443e-01 -5.177895638377436917e-03
1.424675944298337826e-01 9.867421040650256048e-01 -5.324927841337731386e-03
1.253450273916230095e-01 9.889772965588343734e-01 -5.470382153257269051e-03
1.081849922494073635e-01 9.909166451859305891e-01 -5.614215472884278267e-03
9.099261463305913233e-02 9.925594966274239317e-01 -5.756385179301996141e-03
7.377303243927818555e-02 9.939052868719199241e-01 -5.896849144558101614e-03
5.653139425764522330e-02 9.949535414741464967e-01 -6.035565746148249637e-03
3.927285779040377844e-02 9.957038757852118005e-01 -6.172493879349649770e-03
2.200258826648758201e-02 9.961559951543228486e-01 -6.307592969401256203e-03
4.725756850315657523e-03 9.963096951017983427e-01 -6.440822983527026008e-03
-1.255246095406763879e-02 9.961648614632271359e-01 -6.572144442798429249e-03
-2.982688690298800765e-02 9.957214705046228964e-01 -6.701518433832952260e-03
-4.709234161669777208e-02 9.949795890084540684e-01 -6.828906620324905197e-03
-6.434364618596517815e-02 9.939393743304237860e-01 -6.954271254405378425e-03
-8.157562378110111423e-02 9.926010744268902730e-01 -7.077575187827719536e-03
-9.878310126287470627e-02 9.909650278528399081e-01 -7.198781882975312241e-03
-1.159609107947647821e-01 9.890316637303216973e-01 -7.317855423688539827e-03
-1.331038914559439790e-01 9.868015016872729861e-01 -7.434760525907488024e-03
-1.502068908544363646e-01 9.842751517666783467e-01 -7.549462548127324618e-03
-1.672647667398871885e-01 9.814533143060106823e-01 -7.661927501663403327e-03
-1.842723886153314339e-01 9.783367797869215732e-01 -7.772122060722802886e-03
-2.012246393474074468e-01 9.749264286551554415e-01 -7.880013572279487635e-03
-2.181164167744106541e-01 9.712232311106783200e-01 -7.985570065750074650e-03
-2.349426353116306765e-01 9.672282468680217793e-01 -8.088760262467463089e-03
-2.516982275533510283e-01 9.629426248868571125e-01 -8.189553584949348097e-03
-2.683781458709418311e-01 9.583676030728277562e-01 -8.287920165958960819e-03
-2.849773640064702240e-01 9.535045079486756947e-01 -8.383830857355433278e-03
-3.014908786612125469e-01 9.483547542957185827e-01 -8.477257238730991767e-03
-3.179137110784927001e-01 9.429198447657428650e-01 -8.568171625832510241e-03
-3.342409086202755009e-01 9.372013694633862801e-01 -8.656547078765005482e-03
-3.504675463368964183e-01 9.312010054991062269e-01 -8.742357409974477189e-03
-3.665887285293656928e-01 9.249205165128340234e-01 -8.825577192007855176e-03
-3.825995903036455426e-01 9.183617521684375173e-01 -8.906181765047677112e-03
-3.984952991163400182e-01 9.115266476191086209e-01 -8.984147244219370040e-03
-4.142710563111878241e-01 9.044172229438353083e-01 -9.059450526668831952e-03
-4.299220986457914506e-01 8.970355825551040718e-01 -9.132069298408278593e-03
-4.454436998080221199e-01 8.893839145779955935e-01 -9.201982040928410878e-03
-4.608311719214962521e-01 8.814644902008658134e-01 -9.269168037574783067e-03
-4.760798670395703369e-01 8.732796629978042402e-01 -9.333607379686586700e-03
-4.911851786272964926e-01 8.648318682230606846e-01 -9.395280972496044408e-03
-5.061425430307514572e-01 8.561236220776823336e-01 -9.454170540786581770e-03
-5.209474409332001121e-01 8.471575209485738833e-01 -9.510258634308177764e-03
-5.355953987975229369e-01 8.379362406202363056e-01 -9.563528632948231981e-03
-5.500819902943822060e-01 8.284625354594282731e-01 -9.613964751656489671e-03
-5.644028377155517751e-01 8.187392375730297989e-01 -9.661552045122487678e-03
-5.785536133718854890e-01 8.087692559393878655e-01 -9.706276412204136936e-03
-5.925300409754047370e-01 7.985555755134212674e-01 -9.748124600106249787e-03
-6.063278970049498229e-01 7.881012563058092946e-01 -9.787084208307596581e-03
-6.199430120548863332e-01 7.774094324365713460e-01 -9.823143692235440302e-03
-6.333712721663673495e-01 7.664833111633545526e-01 -9.856292366686471990e-03
-6.466086201406131551e-01 7.553261718847887884e-01 -9.886520408993041895e-03
-6.596510568337310421e-01 7.439413651192420263e-01 -9.913818861933846802e-03
-6.724946424325678462e-01 7.323323114593517369e-01 -9.938179636388121130e-03
-6.851354977111276945e-01 7.205025005026823859e-01 -9.959595513732653546e-03
-6.975698052670525895e-01 7.084554897589203648e-01 -9.978060147980791217e-03
-7.097938107377108619e-01 6.961949035339829450e-01 -9.993568067662907811e-03
-7.218038239954397417e-01 6.837244317914380476e-01 -1.000611467744771076e-02
-7.335962203214716482e-01 6.710478289916689265e-01 -1.001569625950394712e-02
-7.451674415581076572e-01 6.581689129091988777e-01 -1.002230997460206059e-02
-7.565139972387194822e-01 6.450915634285946387e-01 -1.002595386295553753e-02
-7.676324656951283298e-01 6.318197213194194362e-01 -1.002662684480161437e-02
-7.785194951419691645e-01 6.183573869906634490e-01 -1.002432872072124559e-02
-7.891718047376183875e-01 6.047086192251343029e-01 -1.001906017169819536e-02
-7.995861856213091201e-01 5.908775338942495736e-01 -1.001082275891724237e-02
-8.097595019260303006e-01 5.768683026537414493e-01 -9.999618923301572398e-03
-8.196886917668433359e-01 5.626851516207443948e-01 -9.985451984789478486e-03
-8.293707682042653628e-01 5.483323600327499880e-01 -9.968326141350587061e-03
-8.388028201823459762e-01 5.338142588889560614e-01 -9.948246467741912041e-03
-8.479820134411086840e-01 5.191352295745073064e-01 -9.925218914004106316e-03
-8.569055914030331289e-01 5.042997024681330487e-01 -9.899250303698314823e-03
-8.655708760332457841e-01 4.893121555337305306e-01 -9.870348331884215565e-03
-8.739752686731230291e-01 4.741771128964040738e-01 -9.838521562839814064e-03
-8.821162508470071772e-01 4.588991434035146755e-01 -9.803779427523660883e-03
-8.899913850417610073e-01 4.434828591712562940e-01 -9.766132220780241596e-03
-8.975983154588781376e-01 4.279329141173395801e-01 -9.725591098289408307e-03
-9.049347687388966666e-01 4.122540024803206804e-01 -9.682168073260707941e-03
-9.119985546578798230e-01 3.964508573261232294e-01 -9.635876012873599572e-03
-9.187875667957108305e-01 3.805282490423417263e-01 -9.586728634464636301e-03
-9.252997831759951497e-01 3.644909838208851283e-01 -9.534740501462737536e-03
-9.315332668773624869e-01 3.483439021295155480e-01 -9.479927019073700056e-03
-9.374861666159616247e-01 3.320918771728899599e-01 -9.422304429715332164e-03
-9.431567172989783199e-01 3.157398133436603582e-01 -9.361889808204446051e-03
-9.485432405489943042e-01 2.992926446642331095e-01 -9.298701056697267903e-03
-9.536441451990451679e-01 2.827553332197491054e-01 -9.232756899384585852e-03
-9.584579277582166990e-01 2.661328675829036650e-01 -9.164076876943394803e-03
-9.629831728476591080e-01 2.494302612311831979e-01 -9.092681340746595897e-03
-9.672185536069018985e-01 2.326525509570954442e-01 -9.018591446832396885e-03
-9.711628320703575845e-01 2.158047952720190121e-01 -8.941829149635352816e-03
-9.748148595139255468e-01 1.988920728042524733e-01 -8.862417195480799120e-03
-9.781735767716220886e-01 1.819194806918440765e-01 -8.780379115844595683e-03
-9.812380145221636374e-01 1.648921329708327721e-01 -8.695739220380268794e-03
-9.840072935454546865e-01 1.478151589594700333e-01 -8.608522589715511195e-03
-9.864806249489385115e-01 1.306937016390417039e-01 -8.518755068020295376e-03
-9.886573103637888993e-01 1.135329160318589020e-01 -8.426463255348631484e-03
-9.905367421109226855e-01 9.633796757704812808e-02 -8.331674499756429667e-03
-9.921184033368364297e-01 7.911403050472085030e-02 -8.234416889197695988e-03
-9.934018681192799960e-01 6.186628620910121501e-02 -8.134719243201422867e-03
-9.943868015427896889e-01 4.459992162123663229e-02 -8.032611104331755306e-03
-9.950729597441182461e-01 2.732012758186653373e-02 -7.928122729433943056e-03
-9.954601899276162014e-01 1.003209721502233004e-02 -7.821285080668495190e-03
-9.955484303506224597e-01 -7.258975697021148241e-03 -7.712129816336489585e-03
-9.953377102789406905e-01 -2.454789833688754072e-02 -7.600689281498499740e-03
-9.948281499124941307e-01 -4.182948047273207792e-02 -7.486996498390104463e-03
-9.940199602812498370e-01 -5.909853607581715129e-02 -7.371085156636615447e-03
-9.929134431115315129e-01 -7.634988493442292079e-02 -7.252989603270158271e-03
-9.915089906628422600e-01 -9.357835426353912356e-02 -7.132744832551928330e-03
-9.898070855353328090e-01 -1.107787803097887019e-01 -7.010386475602572477e-03
-9.878083004480633367e-01 -1.279460099509902860e-01 -6.885950789843950717e-03
-9.855132979882179622e-01 -1.450749022898189522e-01 -6.759474648255321509e-03
-9.829228303314404558e-01 -1.621603302410303538e-01 -6.630995528447003809e-03
-9.800377389334768985e-01 -1.791971821116681018e-01 -6.500551501555004372e-03
-9.768589541933129228e-01 -1.961803631737426556e-01 -6.368181220959686847e-03
-9.733874950880138099e-01 -2.131047972288255266e-01 -6.233923910832006761e-03
-9.696244687794780548e-01 -2.299654281640582665e-01 -6.097819354510450492e-03
-9.655710701933288842e-01 -2.467572214990206292e-01 -5.959907882712419183e-03
-9.612285815701865355e-01 -2.634751659229572218e-01 -5.820230361583406467e-03
-9.565983719895525539e-01 -2.801142748218696243e-01 -5.678828180587399549e-03
-9.516818968665730072e-01 -2.966695877949393489e-01 -5.535743240242317446e-03
-9.464806974219431845e-01 -3.131361721598030501e-01 -5.391017939704044297e-03
-9.409964001252212329e-01 -3.295091244462067803e-01 -5.244695164202541060e-03
-9.352307161118427192e-01 -3.457835718775255640e-01 -5.096818272334091397e-03
-9.291854405741215572e-01 -3.619546738397064201e-01 -4.947431083213171994e-03
-9.228624521265509362e-01 -3.780176233371372874e-01 -4.796577863488019587e-03
-9.162637121456888023e-01 -3.939676484350382868e-01 -4.644303314223286079e-03
-9.093912640849786122e-01 -4.098000136878597877e-01 -4.490652557654274679e-03
-9.022472327648062285e-01 -4.255100215532957031e-01 -4.335671123816210032e-03
-8.948338236381399025e-01 -4.410930137914623739e-01 -4.179404937052713480e-03
-8.871533220320881874e-01 -4.565443728488241537e-01 -4.021900302407388321e-03
-8.792080923657374925e-01 -4.718595232264340411e-01 -3.863203891902775543e-03
-8.710005773445987920e-01 -4.870339328321302008e-01 -3.703362730710223639e-03
-8.625332971320608388e-01 -5.020631143162299637e-01 -3.542424183215447768e-03
-8.538088484981944948e-01 -5.169426263903812435e-01 -3.380435938983411201e-03
-8.448299039462930926e-01 -5.316680751291719131e-01 -3.217445998626870633e-03
-8.355992108175314126e-01 -5.462351152541368160e-01 -3.053502659582765181e-03
-8.261195903741264113e-01 -5.606394513998014251e-01 -2.888654501800606324e-03
-8.163939368614065994e-01 -5.748768393613974403e-01 -2.722950373347328770e-03
-8.064252165491603286e-01 -5.889430873239539510e-01 -2.556439375932345777e-03
-7.962164667527026340e-01 -6.028340570723739189e-01 -2.389170850357793217e-03
-7.857707948340446613e-01 -6.165456651822218692e-01 -2.221194361897750602e-03
-7.750913771835847843e-01 -6.300738841908911647e-01 -2.052559685610977087e-03
-7.641814581827424124e-01 -6.434147437488567656e-01 -1.883316791591490820e-03
-7.530443491479488216e-01 -6.565643317507200427e-01 -1.713515830161315865e-03
-7.416834272564384323e-01 -6.695187954457526569e-01 -1.543207117009998694e-03
-7.301021344542287794e-01 -6.822743425277072449e-01 -1.372441118284773972e-03
-7.183039763467735650e-01 -6.948272422035769447e-01 -1.201268435636496622e-03
-7.062925210726840319e-01 -7.071738262410965925e-01 -1.029739791225243745e-03
-6.940713981609710759e-01 -7.193104899947254660e-01 -8.579060126902461744e-04
-6.816442973722453003e-01 -7.312336934098860874e-01 -6.858180180885248582e-04
-6.690149675243292071e-01 -7.429399620052201669e-01 -5.135268008069142050e-04
-6.561872153026900856e-01 -7.544258878326899342e-01 -3.410834144514084685e-04
-6.431649040561878694e-01 -7.656881304152721723e-01 -1.685389577190178655e-04
-6.299519525785494123e-01 -7.767234176620871899e-01 4.055440743913546473e-06
-6.165523338760312555e-01 -7.875285467607699985e-01 1.766486374922289341e-04
-6.029700739217175309e-01 -7.981003850469088334e-01 3.491894894368655143e-04
-5.892092503969030837e-01 -8.084358708503924795e-01 5.216268689996912938e-04
-5.752739914200246663e-01 -8.185320143184987574e-01 6.939096792635668755e-04
-5.611684742635546508e-01 -8.283858982156130368e-01 8.659868691136791497e-04
-5.468969240593608561e-01 -8.379946786993979213e-01 1.037807448364946048e-03
-5.324636124929409409e-01 -8.473555860733223977e-01 1.209320502871543074e-03
-5.178728564870024309e-01 -8.564659255154198902e-01 1.380475209613865259e-03
-5.031290168748328018e-01 -8.653230777831711906e-01 1.551220851758483912e-03
-4.882364970639049284e-01 -8.739244998944170062e-01 1.721506833686673767e-03
-4.731997416901891351e-01 -8.822677257841985421e-01 1.891282695986846920e-03
-4.580232352635679738e-01 -8.903503669374744911e-01 2.060498130406975166e-03
-4.427115008048639888e-01 -8.981701129976070730e-01 2.229102994761872000e-03
-4.272690984748780951e-01 -9.057247323505805969e-01 2.397047327791438764e-03
-4.117006241958992563e-01 -9.130120726848885981e-01 2.564281363965262728e-03
-3.960107082661200595e-01 -9.200300615270463611e-01 2.730755548229253302e-03
-3.802040139674165431e-01 -9.267767067526828662e-01 2.896420550689738412e-03
-3.642852361668796335e-01 -9.332500970732059420e-01 3.061227281231178668e-03
-3.482590999125979581e-01 -9.394484024979863346e-01 3.225126904062494172e-03
-3.321303590240735071e-01 -9.453698747720734596e-01 3.388070852188197150e-03
-3.159037946777207839e-01 -9.510128477894261856e-01 3.550010841799839181e-03
-2.995842139878687194e-01 -9.563757379816626436e-01 3.710898886583547263e-03
-2.831764485836901213e-01 -9.614570446823365035e-01 3.870687311939436347e-03
-2.666853531824933121e-01 -9.662553504667553694e-01 4.029328769108489992e-03
-2.501158041597467685e-01 -9.707693214673747129e-01 4.186776249203220251e-03
-2.334726981163151305e-01 -9.749977076647814433e-01 4.342983097137280771e-03
-2.167609504432674583e-01 -9.789393431543175206e-01 4.497903025450406683e-03
-1.999854938846834518e-01 -9.825931463883816885e-01 4.651490128024395217e-03
-1.831512770988582284e-01 -9.859581203944635108e-01 4.803698893686070802e-03
-1.662632632183007331e-01 -9.890333529689615544e-01 4.954484219693265634e-03
-1.493264284089422245e-01 -9.918180168468517799e-01 5.103801425099606381e-03
-1.323457604288945655e-01 -9.943113698472788586e-01 5.251606263994634989e-03
-1.153262571872147590e-01 -9.965127549951370289e-01 5.397854938614696924e-03
-9.827292530300750506e-02 -9.984216006187250914e-01 5.542504112321195060e-03
-8.119077866526652754e-02 -1.000037420423566026e+00 5.685510922442177720e-03
-6.408483699382191978e-02 -1.001359813542472832e+00 5.826832992973494767e-03
-4.696012440178667924e-02 -1.002388464561967396e+00 5.966428447135609971e-03
-2.982166795981602142e-02 -1.003123143525147976e+00 6.104255919782766715e-03
-1.267449626261255360e-02 -1.003563705911110215e+00 6.240274569660258716e-03
4.476362002017166171e-03 -1.003710092591042047e+00 6.374444091506605188e-03
2.162587948117970782e-02 -1.003562329761096050e+00 6.506724727996867838e-03
3.876903158163946123e-02 -1.003120528852169846e+00 6.637077281523604683e-03
5.590079789094915680e-02 -1.002384886416712195e+00 6.765463125811993841e-03
7.301616359460448569e-02 -1.001355683992687817e+00 6.891844217365524286e-03
9.011012088893909089e-02 -1.000033287944830818e+00 7.016183106739270689e-03
1.071776703893575627e-01 -9.984181492833233973e-01 7.138442949636857049e-03
1.242138225336315988e-01 -9.965108034600401732e-01 7.258587517828249402e-03
1.412135989799185865e-01 -9.943118701425027739e-01 7.376581209884985370e-03
1.581720339991661839e-01 -9.918220529656900375e-01 7.492389061729546294e-03
1.750841758616409893e-01 -9.890421392618525820e-01 7.605976756996117236e-03
1.919450882172009654e-01 -9.859729997684876235e-01 7.717310637199168225e-03
2.087498514690582230e-01 -9.826155883146304726e-01 7.826357711707213061e-03
2.254935641407101454e-01 -9.789709414856193614e-01 7.933085667518647438e-03
2.421713442357438240e-01 -9.750401782664940287e-01 8.037462878836781552e-03
2.587783305902252029e-01 -9.708244996641977043e-01 8.139458416441284691e-03
2.753096842173630709e-01 -9.663251883087468075e-01 8.239042056853076307e-03
2.917605896442134195e-01 -9.615436080335308944e-01 8.336184291290330353e-03
3.081262562400760574e-01 -9.564812034349260417e-01 8.430856334412482542e-03
3.244019195363576635e-01 -9.511394994113858692e-01 8.523030132849966287e-03
3.405828425376070112e-01 -9.455201006821915000e-01 8.612678373517033623e-03
3.566643170234609084e-01 -9.396246912860303224e-01 8.699774491705222074e-03
3.726416648412159693e-01 -9.334550340595973994e-01 8.784292678954988554e-03
3.885102391888128337e-01 -9.270129700963757324e-01 8.866207890703419955e-03
4.042654258879112561e-01 -9.203004181858097654e-01 8.945495853705395795e-03
4.199026446468493434e-01 -9.133193742330284470e-01 9.022133073226306851e-03
4.354173503132174883e-01 -9.060719106593211336e-01 9.096096840004043449e-03
4.508050341158040264e-01 -8.985601757835447456e-01 9.167365236978239351e-03
4.660612248956699788e-01 -8.907863931846534689e-01 9.235917145784785023e-03
4.811814903260951959e-01 -8.827528610455487312e-01 9.301732253013604915e-03
4.961614381212062219e-01 -8.744619514784169878e-01 9.364791056228035163e-03
5.109967172329875629e-01 -8.659161098317804672e-01 9.425074869743758216e-03
5.256830190364932820e-01 -8.571178539794280793e-01 9.482565830165802512e-03
5.402160785030134527e-01 -8.480697735914342061e-01 9.537246901681836059e-03
5.545916753609727579e-01 -8.387745293874575570e-01 9.589101881110256853e-03
5.688056352443400243e-01 -8.292348523725133758e-01 9.638115402701546638e-03
5.828538308283168767e-01 -8.194535430554322764e-01 9.684272942691439512e-03
5.967321829521277099e-01 -8.094334706501707943e-01 9.727560823604684132e-03
6.104366617286431929e-01 -7.991775722602173504e-01 9.767966218307938889e-03
6.239632876406644435e-01 -7.886888520462596031e-01 9.805477153810734925e-03
6.373081326236464950e-01 -7.779703803773314608e-01 9.840082514813323911e-03
6.504673211346593265e-01 -7.670252929656340424e-01 9.871772047000409653e-03
6.634370312073619713e-01 -7.558567899852511873e-01 9.900536360079670653e-03
6.762134954928338271e-01 -7.444681351749261600e-01 9.926366930564365851e-03
6.887930022860057067e-01 -7.328626549251539002e-01 9.949256104298994860e-03
7.011718965375353108e-01 -7.210437373497589064e-01 9.969197098727382994e-03
7.133465808509155126e-01 -7.090148313421800186e-01 9.986184004902524947e-03
7.253135164646216104e-01 -6.967794456166677142e-01 1.000021178923751232e-02
7.370692242191140275e-01 -6.843411477346014182e-01 1.001127629499710611e-02
7.486102855084851848e-01 -6.717035631161527576e-01 1.001937424352944937e-02
7.599333432166051061e-01 -6.588703740374658446e-01 1.002450323523763204e-02
7.710351026375265038e-01 -6.458453186136196011e-01 1.002666175029071245e-02
7.819123323800044600e-01 -6.326321897675480921e-01 1.002584914907409842e-02
7.925618652559294208e-01 -6.192348341851459104e-01 1.002206567237907096e-02
8.029805991524991970e-01 -6.056571512567766602e-01 1.001531244133142297e-02
8.131654978879478968e-01 -5.919030920053938161e-01 1.000559145705926141e-02
8.231135920506440495e-01 -5.779766580015133215e-01 9.992905600100026806e-03
8.328219798214105962e-01 -5.638819002652135648e-01 9.977258629546915600e-03
8.422878277788500290e-01 -5.496229181554417309e-01 9.958655181934995132e-03
8.515083716875330166e-01 -5.352038582468052752e-01 9.937100769867285299e-03
8.604809172688634433e-01 -5.206289131940913251e-01 9.912601780381263133e-03
8.692028409544537704e-01 -5.059023205847343885e-01 9.885165473056243060e-03
8.776715906218307550e-01 -4.910283617794756750e-01 9.854799977862217439e-03
8.858846863123276405e-01 -4.760113607414019343e-01 9.821514292750747194e-03
8.938397209309624225e-01 -4.608556828536515271e-01 9.785318280988698769e-03
9.015343609281589732e-01 -4.455657337259777973e-01 9.746222668235528241e-03
9.089663469631429349e-01 -4.301459579904223229e-01 9.704239039365047600e-03
9.161334945488414094e-01 -4.146008380863319687e-01 9.659379835032571790e-03
9.230336946781340091e-01 -3.989348930349551070e-01 9.611658347988475196e-03
9.296649144312825186e-01 -3.831526772038783002e-01 9.561088719139302500e-03
9.360251975644006128e-01 -3.672587790614983971e-01 9.507685933357455654e-03
9.421126650787796653e-01 -3.512578199218395758e-01 9.451465815040884649e-03
9.479255157709329804e-01 -3.351544526799160595e-01 9.392445023423980771e-03
9.534620267631978008e-01 -3.189533605379100689e-01 9.330641047641072272e-03
9.587205540147412108e-01 -3.026592557224108693e-01 9.266072201544007375e-03
9.636995328128129534e-01 -2.862768781929920237e-01 9.198757618275420558e-03
9.683974782441123752e-01 -2.698109943423337986e-01 9.128717244599090716e-03
9.728129856460943081e-01 -2.532663956882194034e-01 9.055971834989334085e-03
9.769447310380895422e-01 -2.366478975576180310e-01 8.980542945480987985e-03
9.807914715320815713e-01 -2.199603377631434153e-01 8.902452927281907444e-03
9.843520457230038323e-01 -2.032085752721513594e-01 8.821724920149803112e-03
9.876253740584078900e-01 -1.863974888687480458e-01 8.738382845535424062e-03
9.906104591873674536e-01 -1.695319758090045870e-01 8.652451399494182765e-03
9.933063862884855544e-01 -1.526169504696044399e-01 8.563956045368076656e-03
9.957123233768561121e-01 -1.356573429902764027e-01 8.472923006240418164e-03
9.978275215898571027e-01 -1.186580979102448835e-01 8.379379257165357753e-03
9.996513154516409871e-01 -1.016241727990082749e-01 8.283352517174583443e-03
1.001183123116194729e+00 -8.456053688173315042e-02 8.184871241063580369e-03
1.002422446588837834e+00 -6.747216965955664392e-02 8.083964610959840785e-03
1.003368871926040962e+00 -5.036405952511674444e-02 7.980662527675650916e-03
1.004022069413444296e+00 -3.324120237355997903e-02 7.874995601847706306e-03
1.004381793721947247e+00 -1.610860020940306503e-02 7.766995144866610523e-03
1.004447884041768546e+00 1.028740250495157379e-03 7.656693159598606038e-03
1.004220264194353396e+00 1.816580897751724627e-02 7.544122330902440325e-03
1.003698942722021537e+00 3.529759403511651544e-02 7.429316015944111527e-03
1.002884012955253201e+00 5.241908298555081336e-02 7.312308234312506899e-03
1.001775653057504822e+00 6.952526429924983653e-02 7.193133657938541314e-03
1.000374126047460788e+00 8.661112876641750835e-02 7.071827600821190690e-03
9.986797797986211034e-01 1.036716709105914708e-01 6.948426008563176812e-03
9.966930470161355915e-01 1.207018904038030249e-01 6.822965447719511051e-03
9.944144451907981352e-01 1.376967934830030105e-01 6.695483094962030764e-03
9.918445765301115991e-01 1.546513943674140690e-01 6.566016726063126328e-03
9.889841278663539237e-01 1.715607166764430702e-01 6.434604704702070153e-03
9.858338705415562453e-01 1.884197948478555651e-01 6.301285971096867201e-03
9.823946602693345298e-01 2.052236755557899917e-01 6.166100030465539693e-03
9.786674369735034462e-01 2.219674191283063369e-01 6.029086941319847064e-03
9.746532246034099733e-01 2.386461009640881981e-01 5.890287303595089299e-03
9.703531309259328941e-01 2.552548129479373928e-01 5.749742246619463960e-03
9.657683472940928882e-01 2.717886648646978265e-01 5.607493416926535683e-03
9.609001483922364750e-01 2.882427858112150409e-01 5.463582965914580772e-03
9.557498919577348540e-01 3.046123256060114803e-01 5.318053537356049951e-03
9.503190184791838746e-01 3.208924561962276933e-01 5.170948254761403677e-03
9.446090508710583977e-01 3.370783730615030116e-01 5.022310708600668042e-03
9.386215941248085004e-01 3.531652966143882799e-01 4.872184943386633459e-03
9.323583349363687711e-01 3.691484735969121633e-01 4.720615444623477847e-03
9.258210413100858016e-01 3.850231784728887496e-01 4.567647125624885694e-03
9.190115621390304579e-01 4.007847148156245543e-01 4.413325314205072611e-03
9.119318267617295692e-01 4.164284166905604101e-01 4.257695739247301103e-03
9.045838444952976065e-01 4.319496500325015198e-01 4.100804517153389117e-03
8.969697041449968822e-01 4.473438140170107880e-01 3.942698138178436264e-03
8.890915734902393730e-01 4.626063424255678069e-01 3.783423452654744584e-03
8.809516987470634719e-01 4.777327050040869327e-01 3.623027657109033437e-03
8.725524040071241938e-01 4.927184088143695684e-01 3.461558280277213760e-03
8.638960906532174855e-01 5.075589995781236707e-01 3.299063169020401490e-03
8.549852367514227947e-01 5.222500630130767485e-01 3.135590474146993968e-03
8.458223964198914313e-01 5.367872261608124251e-01 2.971188636144511674e-03
8.364101991743614350e-01 5.511661587058966916e-01 2.805906370825637063e-03
8.267513492504652284e-01 5.653825742858766823e-01 2.639792654892668487e-03
8.168486249029112134e-01 5.794322317917361964e-01 2.472896711424628444e-03
8.067048776816383437e-01 5.933109366583686484e-01 2.305267995291546395e-03
7.963230316850113955e-01 6.070145421446888623e-01 2.136956178499701316e-03
7.857060827902018207e-01 6.205389506029016511e-01 1.968011135472875085e-03
7.748570978608363413e-01 6.338801147365472621e-01 1.798482928273449546e-03
7.637792139320489504e-01 6.470340388468822646e-01 1.628421791767935842e-03
7.524756373730592252e-01 6.599967800671737717e-01 1.457878118741264993e-03
7.409496430274339351e-01 6.727644495844693484e-01 1.286902444964460384e-03
7.292045733311410816e-01 6.853332138484526936e-01 1.115545434219583154e-03
7.172438374086010926e-01 6.976992957669124751e-01 9.438578632871043317e-04
7.050709101468657369e-01 7.098589758874326305e-01 7.718906068996127159e-04
6.926893312481122722e-01 7.218085935648695939e-01 5.996946226665329262e-04
6.801027042606340167e-01 7.335445481141938950e-01 4.273209359742870836e-04
6.673146955885180809e-01 7.450632999482743601e-01 2.548206248663353814e-04
6.543290334802267516e-01 7.563613717001724801e-01 8.224480490779192835e-05
6.411495069962539484e-01 7.674353493295613671e-01 -9.035538596143399424e-05
6.277799649561294215e-01 7.782818832128033382e-01 -2.629288025797706552e-04
6.142243148649614293e-01 7.888976892163078736e-01 -4.354243077194345796e-04
6.004865218197708021e-01 7.992795497527394044e-01 -6.077907872394950348e-04
5.865706073958634192e-01 8.094243148196678117e-01 -7.799771652320969424e-04
5.724806485134937839e-01 8.193289030202545176e-01 -9.519324191573901722e-04
5.582207762851050248e-01 8.289903025655541713e-01 -1.123605594962467273e-03
5.437951748433782484e-01 8.384055722580628922e-01 -1.294945822180362457e-03
5.292080801504320808e-01 8.475718424560715336e-01 -1.465902329003925929e-03
5.144637787884275282e-01 8.564863160184562618e-01 -1.636424457330641711e-03
4.995666067318959014e-01 8.651462692295075474e-01 -1.806461677773718751e-03
4.845209481020993914e-01 8.735490527034083241e-01 -1.975963604635070162e-03
4.693312339037657432e-01 8.816920922679716277e-01 -2.144880010835545619e-03
4.540019407444801369e-01 8.895728898272811103e-01 -2.313160842798509236e-03
4.385375895371400601e-01 8.971890242028291995e-01 -2.480756235281651560e-03
4.229427441857747105e-01 9.045381519528085112e-01 -2.647616526153175488e-03
4.072220102551082910e-01 9.116180081691819259e-01 -2.813692271107756920e-03
3.913800336242313493e-01 9.184264072521763911e-01 -2.978934258317955056e-03
3.754214991247545319e-01 9.249612436618492861e-01 -3.143293523016781488e-03
3.593511291638497585e-01 9.312204926463748533e-01 -3.306721362006873575e-03
3.431736823325258201e-01 9.372022109467272877e-01 -3.469169348092511658e-03
3.268939519996045262e-01 9.429045374774065458e-01 -3.630589344429502752e-03
3.105167648917639966e-01 9.483256939828950127e-01 -3.790933518789204974e-03
2.940469796600848618e-01 9.534639856695236171e-01 -3.950154357732243125e-03
2.774894854335280825e-01 9.583178018124316466e-01 -4.108204680687773357e-03
2.608492003597752129e-01 9.628856163373232802e-01 -4.265037653934128370e-03
2.441310701338980094e-01 9.671659883767120824e-01 -4.420606804476538872e-03
2.273400665152575939e-01 9.711575628003851213e-01 -4.574866033818275786e-03
2.104811858331623320e-01 9.748590707197872796e-01 -4.727769631620496078e-03
1.935594474817010358e-01 9.782693299660628616e-01 -4.879272289247242080e-03
1.765798924042466522e-01 9.813872455414954787e-01 -5.029329113191363318e-03
1.595475815681071663e-01 9.842118100440863104e-01 -5.177895638377464672e-03
1.424675944298322561e-01 9.867421040650258268e-01 -5.324927841337744397e-03
1.253450273916214830e-01 9.889772965588343734e-01 -5.470382153257282061e-03
1.081849922494058369e-01 9.909166451859308111e-01 -5.614215472884292145e-03
9.099261463305936826e-02 9.925594966274239317e-01 -5.756385179301993539e-03
7.377303243927843535e-02 9.939052868719199241e-01 -5.896849144558099880e-03
5.653139425764546616e-02 9.949535414741464967e-01 -6.035565746148247902e-03
3.927285779040224495e-02 9.957038757852118005e-01 -6.172493879349662781e-03
2.200258826648604504e-02 9.961559951543228486e-01 -6.307592969401269213e-03
4.725756850314118823e-03 9.963096951017983427e-01 -6.440822983527036416e-03
-1.255246095406917922e-02 9.961648614632271359e-01 -6.572144442798442260e-03
-2.982688690298775785e-02 9.957214705046228964e-01 -6.701518433832950525e-03
-4.709234161669752922e-02 9.949795890084540684e-01 -6.828906620324902595e-03
-6.434364618596492835e-02 9.939393743304237860e-01 -6.954271254405376690e-03
-8.157562378110265466e-02 9.926010744268900510e-01 -7.077575187827730811e-03
-9.878310126287621895e-02 9.909650278528396861e-01 -7.198781882975322649e-03
-1.159609107947663226e-01 9.890316637303214753e-01 -7.317855423688551103e-03
-1.331038914559437569e-01 9.868015016872729861e-01 -7.434760525907487157e-03
-1.502068908544361148e-01 9.842751517666783467e-01 -7.549462548127322883e-03
-1.672647667398869387e-01 9.814533143060106823e-01 -7.661927501663401592e-03
-1.842723886153346813e-01 9.783367797869210181e-01 -7.772122060722823703e-03
-2.012246393474089734e-01 9.749264286551549974e-01 -7.880013572279496309e-03
-2.181164167744121807e-01 9.712232311106780980e-01 -7.985570065750085059e-03
-2.349426353116321475e-01 9.672282468680213352e-01 -8.088760262467471762e-03
-2.516982275533508617e-01 9.629426248868571125e-01 -8.189553584949346363e-03
-2.683781458709415535e-01 9.583676030728277562e-01 -8.287920165958959084e-03
-2.849773640064700020e-01 9.535045079486756947e-01 -8.383830857355431543e-03
-3.014908786612139902e-01 9.483547542957181387e-01 -8.477257238731000441e-03
-3.179137110784941433e-01 9.429198447657425319e-01 -8.568171625832518915e-03
-3.342409086202769442e-01 9.372013694633857250e-01 -8.656547078765014155e-03
-3.504675463368978616e-01 9.312010054991055608e-01 -8.742357409974482393e-03
-3.665887285293654707e-01 9.249205165128342454e-01 -8.825577192007855176e-03
-3.825995903036453205e-01 9.183617521684377394e-01 -8.906181765047675378e-03
-3.984952991163397962e-01 9.115266476191087319e-01 -8.984147244219368306e-03
-4.142710563111892674e-01 9.044172229438346422e-01 -9.059450526668838891e-03
-4.299220986457928939e-01 8.970355825551034057e-01 -9.132069298408285532e-03
-4.454436998080233967e-01 8.893839145779948163e-01 -9.201982040928417816e-03
-4.608311719214960855e-01 8.814644902008659244e-01 -9.269168037574783067e-03
-4.760798670395701149e-01 8.732796629978044622e-01 -9.333607379686586700e-03
-4.911851786272962705e-01 8.648318682230607957e-01 -9.395280972496042673e-03
-5.061425430307543438e-01 8.561236220776806682e-01 -9.454170540786592178e-03
-5.209474409332015554e-01 8.471575209485729951e-01 -9.510258634308182968e-03
-5.355953987975241581e-01 8.379362406202355285e-01 -9.563528632948235450e-03
-5.500819902943836492e-01 8.284625354594274960e-01 -9.613964751656494875e-03
-5.644028377155516640e-01 8.187392375730299099e-01 -9.661552045122485943e-03
-5.785536133718853780e-01 8.087692559393879765e-01 -9.706276412204135201e-03
-5.925300409754046260e-01 7.985555755134213785e-01 -9.748124600106248053e-03
-6.063278970049510441e-01 7.881012563058084064e-01 -9.787084208307600050e-03
-6.199430120548875545e-01 7.774094324365704578e-01 -9.823143692235443772e-03
-6.333712721663685707e-01 7.664833111633535534e-01 -9.856292366686473724e-03
-6.466086201406142653e-01 7.553261718847877892e-01 -9.886520408993045364e-03
-6.596510568337307090e-01 7.439413651192421373e-01 -9.913818861933845067e-03
-6.724946424325676242e-01 7.323323114593519589e-01 -9.938179636388121130e-03
-6.851354977111273614e-01 7.205025005026826079e-01 -9.959595513732651811e-03
-6.975698052670535887e-01 7.084554897589193656e-01 -9.978060147980792952e-03
-7.097938107377119721e-01 6.961949035339819458e-01 -9.993568067662907811e-03
-7.218038239954408519e-01 6.837244317914369374e-01 -1.000611467744771249e-02
-7.335962203214715371e-01 6.710478289916691486e-01 -1.001569625950394712e-02
-7.451674415581075461e-01 6.581689129091990997e-01 -1.002230997460206059e-02
-7.565139972387192602e-01 6.450915634285948608e-01 -1.002595386295553753e-02
-7.676324656951304393e-01 6.318197213194168826e-01 -1.002662684480161437e-02
-7.785194951419701637e-01 6.183573869906623388e-01 -1.002432872072124385e-02
-7.891718047376192757e-01 6.047086192251330816e-01 -1.001906017169819536e-02
-7.995861856213100083e-01 5.908775338942483524e-01 -1.001082275891724063e-02
-8.097595019260303006e-01 5.768683026537416714e-01 -9.999618923301572398e-03
-8.196886917668432249e-01 5.626851516207445059e-01 -9.985451984789478486e-03
-8.293707682042651408e-01 5.483323600327502101e-01 -9.968326141350587061e-03
-8.388028201823467533e-01 5.338142588889546181e-01 -9.948246467741910307e-03
-8.479820134411093502e-01 5.191352295745059742e-01 -9.925218914004104581e-03
-8.569055914030337950e-01 5.042997024681318274e-01 -9.899250303698311354e-03
-8.655708760332465612e-01 4.893121555337290873e-01 -9.870348331884213830e-03
-8.739752686731229181e-01 4.741771128964042403e-01 -9.838521562839814064e-03
-8.821162508470070662e-01 4.588991434035148975e-01 -9.803779427523660883e-03
-8.899913850417608963e-01 4.434828591712565160e-01 -9.766132220780243331e-03
-8.975983154588786928e-01 4.279329141173381368e-01 -9.725591098289403102e-03
-9.049347687388974437e-01 4.122540024803193481e-01 -9.682168073260704472e-03
-9.119985546578803781e-01 3.964508573261218416e-01 -9.635876012873596103e-03
-9.187875667957106085e-01 3.805282490423419484e-01 -9.586728634464636301e-03
-9.252997831759951497e-01 3.644909838208853503e-01 -9.534740501462737536e-03
-9.315332668773622649e-01 3.483439021295157700e-01 -9.479927019073700056e-03
-9.374861666159628459e-01 3.320918771728868513e-01 -9.422304429715320020e-03
-9.431567172989788750e-01 3.157398133436589149e-01 -9.361889808204442581e-03
-9.485432405489947483e-01 2.992926446642316662e-01 -9.298701056697262698e-03
-9.536441451990456120e-01 2.827553332197476621e-01 -9.232756899384580648e-03
-9.584579277582166990e-01 2.661328675829039425e-01 -9.164076876943396538e-03
-9.629831728476591080e-01 2.494302612311833922e-01 -9.092681340746597632e-03
-9.672185536069018985e-01 2.326525509570956662e-01 -9.018591446832398620e-03
-9.711628320703580286e-01 2.158047952720175133e-01 -8.941829149635344143e-03
-9.748148595139257688e-01 1.988920728042509745e-01 -8.862417195480790447e-03
-9.781735767716223107e-01 1.819194806918425777e-01 -8.780379115844588744e-03
-9.812380145221638594e-01 1.648921329708312455e-01 -8.695739220380260120e-03
-9.840072935454546865e-01 1.478151589594702553e-01 -8.608522589715511195e-03
-9.864806249489385115e-01 1.306937016390419537e-01 -8.518755068020295376e-03
-9.886573103637888993e-01 1.135329160318591657e-01 -8.426463255348633219e-03
-9.905367421109229076e-01 9.633796757704660152e-02 -8.331674499756419258e-03
-9.921184033368364297e-01 7.911403050471930987e-02 -8.234416889197685580e-03
-9.934018681192799960e-01 6.186628620909968845e-02 -8.134719243201412459e-03
-9.943868015427896889e-01 4.459992162123687515e-02 -8.032611104331757040e-03
-9.950729597441182461e-01 2.732012758186677659e-02 -7.928122729433944790e-03
-9.954601899276162014e-01 1.003209721502257637e-02 -7.821285080668496925e-03
-9.955484303506224597e-01 -7.258975697024471103e-03 -7.712129816336469636e-03
-9.953377102789406905e-01 -2.454789833688908809e-02 -7.600689281498490199e-03
-9.948281499124941307e-01 -4.182948047273361836e-02 -7.486996498390093187e-03
-9.940199602812497259e-01 -5.909853607581869173e-02 -7.371085156636605906e-03
-9.929134431115315129e-01 -7.634988493442267099e-02 -7.252989603270160006e-03
-9.915089906628422600e-01 -9.357835426353885988e-02 -7.132744832551930064e-03
-9.898070855353328090e-01 -1.107787803097884521e-01 -7.010386475602573345e-03
-9.878083004480631146e-01 -1.279460099509918125e-01 -6.885950789843939442e-03
-9.855132979882178512e-01 -1.450749022898204788e-01 -6.759474648255310233e-03
-9.829228303314402337e-01 -1.621603302410318803e-01 -6.630995528446992533e-03
-9.800377389334767875e-01 -1.791971821116696006e-01 -6.500551501554991361e-03
-9.768589541933129228e-01 -1.961803631737424336e-01 -6.368181220959689449e-03
-9.733874950880138099e-01 -2.131047972288252490e-01 -6.233923910832009363e-03
-9.696244687794780548e-01 -2.299654281640580167e-01 -6.097819354510453094e-03
-9.655710701933284401e-01 -2.467572214990221002e-01 -5.959907882712406173e-03
-9.612285815701860914e-01 -2.634751659229587206e-01 -5.820230361583394324e-03
-9.565983719895521098e-01 -2.801142748218710121e-01 -5.678828180587385671e-03
-9.516818968665730072e-01 -2.966695877949390714e-01 -5.535743240242320048e-03
-9.464806974219431845e-01 -3.131361721598027725e-01 -5.391017939704046899e-03
-9.409964001252212329e-01 -3.295091244462065028e-01 -5.244695164202543662e-03
-9.352307161118412759e-01 -3.457835718775287281e-01 -5.096818272334062774e-03
-9.291854405741215572e-01 -3.619546738397061980e-01 -4.947431083213173729e-03
-9.228624521265511582e-01 -3.780176233371370653e-01 -4.796577863488021322e-03
-9.162637121456888023e-01 -3.939676484350380647e-01 -4.644303314223288681e-03
-9.093912640849786122e-01 -4.098000136878595656e-01 -4.490652557654277281e-03
-9.022472327648063395e-01 -4.255100215532955366e-01 -4.335671123816212634e-03
-8.948338236381400135e-01 -4.410930137914622073e-01 -4.179404937052715215e-03
-8.871533220320882984e-01 -4.565443728488239317e-01 -4.021900302407390923e-03
-8.792080923657376035e-01 -4.718595232264338191e-01 -3.863203891902777711e-03
-8.710005773445989030e-01 -4.870339328321299788e-01 -3.703362730710225807e-03
-8.625332971320609499e-01 -5.020631143162297416e-01 -3.542424183215450370e-03
-8.538088484981946058e-01 -5.169426263903809105e-01 -3.380435938983413369e-03
-8.448299039462932036e-01 -5.316680751291716911e-01 -3.217445998626872368e-03
-8.355992108175316346e-01 -5.462351152541365940e-01 -3.053502659582767349e-03
-8.261195903741265223e-01 -5.606394513998012030e-01 -2.888654501800608926e-03
-8.163939368614067105e-01 -5.748768393613972183e-01 -2.722950373347330505e-03
-8.064252165491604396e-01 -5.889430873239537290e-01 -2.556439375932347512e-03
-7.962164667527027451e-01 -6.028340570723738079e-01 -2.389170850357796253e-03
-7.857707948340448834e-01 -6.165456651822215361e-01 -2.221194361897753204e-03
-7.750913771835850063e-01 -6.300738841908909427e-01 -2.052559685610979255e-03
-7.641814581827401920e-01 -6.434147437488592081e-01 -1.883316791591458294e-03
-7.530443491479490437e-01 -6.565643317507198207e-01 -1.713515830161318034e-03
-7.416834272564385433e-01 -6.695187954457524349e-01 -1.543207117010001080e-03
-7.301021344542288904e-01 -6.822743425277070228e-01 -1.372441118284776357e-03
-7.183039763467737870e-01 -6.948272422035766116e-01 -1.201268435636499007e-03
-7.062925210726841430e-01 -7.071738262410962594e-01 -1.029739791225246347e-03
-6.940713981609712979e-01 -7.193104899947253550e-01 -8.579060126902486681e-04
-6.816442973722455223e-01 -7.312336934098859764e-01 -6.858180180885272434e-04
-6.690149675243293181e-01 -7.429399620052199449e-01 -5.135268008069166987e-04
-6.561872153026901966e-01 -7.544258878326897122e-01 -3.410834144514109621e-04
-6.431649040561880915e-01 -7.656881304152720613e-01 -1.685389577190203050e-04
-6.299519525785496343e-01 -7.767234176620869679e-01 4.055440743911089230e-06
-6.165523338760314775e-01 -7.875285467607697765e-01 1.766486374922264947e-04
-6.029700739217178640e-01 -7.981003850469087224e-01 3.491894894368630748e-04
-5.892092503969031947e-01 -8.084358708503923685e-01 5.216268689996888001e-04
-5.752739914200247773e-01 -8.185320143184986463e-01 6.939096792635643818e-04
-5.611684742635548728e-01 -8.283858982156129258e-01 8.659868691136768729e-04
-5.468969240593610781e-01 -8.379946786993978103e-01 1.037807448364943446e-03
-5.324636124929411629e-01 -8.473555860733222866e-01 1.209320502871540689e-03
-5.178728564870026529e-01 -8.564659255154196682e-01 1.380475209613862657e-03
-5.031290168748299152e-01 -8.653230777831729670e-01 1.551220851758516655e-03
-4.882364970639051505e-01 -8.739244998944168952e-01 1.721506833686671165e-03
-4.731997416901893572e-01 -8.822677257841984311e-01 1.891282695986844101e-03
-4.580232352635681958e-01 -8.903503669374744911e-01 2.060498130406972998e-03
-4.427115008048642109e-01 -8.981701129976069620e-01 2.229102994761869832e-03
-4.272690984748783172e-01 -9.057247323505804859e-01 2.397047327791436595e-03
-4.117006241958994783e-01 -9.130120726848884871e-01 2.564281363965260126e-03
-3.960107082661202815e-01 -9.200300615270461391e-01 2.730755548229251567e-03
-3.802040139674167096e-01 -9.267767067526828662e-01 2.896420550689735810e-03
-3.642852361668798555e-01 -9.332500970732059420e-01 3.061227281231175632e-03
-3.482590999125981246e-01 -9.394484024979861125e-01 3.225126904062491570e-03
-3.321303590240737291e-01 -9.453698747720732376e-01 3.388070852188194548e-03
-3.159037946777209505e-01 -9.510128477894261856e-01 3.550010841799836579e-03
-2.995842139878689969e-01 -9.563757379816626436e-01 3.710898886583544661e-03
-2.831764485836903988e-01 -9.614570446823362815e-01 3.870687311939433745e-03
-2.666853531824935897e-01 -9.662553504667551474e-01 4.029328769108488258e-03
-2.501158041597470461e-01 -9.707693214673744908e-01 4.186776249203219384e-03
-2.334726981163153803e-01 -9.749977076647814433e-01 4.342983097137279036e-03
-2.167609504432676804e-01 -9.789393431543172985e-01 4.497903025450404081e-03
-1.999854938846836738e-01 -9.825931463883816885e-01 4.651490128024392615e-03
-1.831512770988550087e-01 -9.859581203944641770e-01 4.803698893686099425e-03
-1.662632632183009551e-01 -9.890333529689615544e-01 4.954484219693263032e-03
-1.493264284089424743e-01 -9.918180168468517799e-01 5.103801425099603779e-03
-1.323457604288948153e-01 -9.943113698472788586e-01 5.251606263994632387e-03
-1.153262571872149950e-01 -9.965127549951370289e-01 5.397854938614694321e-03
-9.827292530300774098e-02 -9.984216006187250914e-01 5.542504112321192458e-03
-8.119077866526677734e-02 -1.000037420423565804e+00 5.685510922442176852e-03
-6.408483699382215570e-02 -1.001359813542472832e+00 5.826832992973492165e-03
-4.696012440178692210e-02 -1.002388464561967396e+00 5.966428447135607369e-03
-2.982166795981626428e-02 -1.003123143525147976e+00 6.104255919782764113e-03
-1.267449626261279473e-02 -1.003563705911110215e+00 6.240274569660256114e-03
4.476362002016923310e-03 -1.003710092591042047e+00 6.374444091506603453e-03
2.162587948117946496e-02 -1.003562329761096050e+00 6.506724727996866103e-03
3.876903158163921143e-02 -1.003120528852169846e+00 6.637077281523603815e-03
5.590079789094892088e-02 -1.002384886416712195e+00 6.765463125811991239e-03
7.301616359460424976e-02 -1.001355683992687817e+00 6.891844217365523419e-03
9.011012088893886884e-02 -1.000033287944830818e+00 7.016183106739268087e-03
1.071776703893573129e-01 -9.984181492833233973e-01 7.138442949636855314e-03
1.242138225336313490e-01 -9.965108034600401732e-01 7.258587517828247668e-03
1.412135989799148394e-01 -9.943118701425032180e-01 7.376581209884960216e-03
1.581720339991659341e-01 -9.918220529656900375e-01 7.492389061729544560e-03
1.750841758616407673e-01 -9.890421392618525820e-01 7.605976756996115501e-03
1.919450882172007156e-01 -9.859729997684876235e-01 7.717310637199168225e-03
2.087498514690580009e-01 -9.826155883146306946e-01 7.826357711707211326e-03
2.254935641407098956e-01 -9.789709414856195835e-01 7.933085667518645703e-03
2.421713442357435464e-01 -9.750401782664940287e-01 8.037462878836779817e-03
2.587783305902216502e-01 -9.708244996641984814e-01 8.139458416441263874e-03
2.753096842173629044e-01 -9.663251883087468075e-01 8.239042056853072837e-03
2.917605896442131974e-01 -9.615436080335308944e-01 8.336184291290326884e-03
3.081262562400758354e-01 -9.564812034349260417e-01 8.430856334412480807e-03
3.244019195363574415e-01 -9.511394994113858692e-01 8.523030132849966287e-03
3.405828425376067337e-01 -9.455201006821917220e-01 8.612678373517031888e-03
3.566643170234573557e-01 -9.396246912860317657e-01 8.699774491705202992e-03
3.726416648412124721e-01 -9.334550340595988427e-01 8.784292678954971206e-03
3.885102391888126117e-01 -9.270129700963757324e-01 8.866207890703418221e-03
4.042654258879110896e-01 -9.203004181858097654e-01 8.945495853705395795e-03
4.199026446468491214e-01 -9.133193742330285581e-01 9.022133073226305117e-03
4.354173503132173217e-01 -9.060719106593213557e-01 9.096096840004043449e-03
4.508050341158038044e-01 -8.985601757835448566e-01 9.167365236978239351e-03
4.660612248956665926e-01 -8.907863931846552452e-01 9.235917145784771146e-03
4.811814903260950294e-01 -8.827528610455488423e-01 9.301732253013604915e-03
4.961614381212061109e-01 -8.744619514784170988e-01 9.364791056228033428e-03
5.109967172329873408e-01 -8.659161098317804672e-01 9.425074869743756481e-03
5.256830190364930600e-01 -8.571178539794280793e-01 9.482565830165800777e-03
5.402160785030133416e-01 -8.480697735914343172e-01 9.537246901681836059e-03
5.545916753609724248e-01 -8.387745293874576680e-01 9.589101881110255118e-03
5.688056352443368047e-01 -8.292348523725157072e-01 9.638115402701534495e-03
5.828538308283165437e-01 -8.194535430554323874e-01 9.684272942691437777e-03
5.967321829521275989e-01 -8.094334706501710164e-01 9.727560823604682397e-03
6.104366617286430818e-01 -7.991775722602174614e-01 9.767966218307938889e-03
6.239632876406641104e-01 -7.886888520462597141e-01 9.805477153810733190e-03
6.373081326236462729e-01 -7.779703803773316828e-01 9.840082514813323911e-03
6.504673211346565509e-01 -7.670252929656364849e-01 9.871772047000402714e-03
6.634370312073590847e-01 -7.558567899852536298e-01 9.900536360079665449e-03
6.762134954928336050e-01 -7.444681351749261600e-01 9.926366930564365851e-03
6.887930022860054846e-01 -7.328626549251540112e-01 9.949256104298993125e-03
7.011718965375351997e-01 -7.210437373497591285e-01 9.969197098727382994e-03
7.133465808509152906e-01 -7.090148313421802406e-01 9.986184004902524947e-03
7.253135164646214994e-01 -6.967794456166678252e-01 1.000021178923751232e-02
7.370692242191113630e-01 -6.843411477346041938e-01 1.001127629499710264e-02
7.486102855084850738e-01 -6.717035631161529796e-01 1.001937424352944937e-02
7.599333432166049951e-01 -6.588703740374659557e-01 1.002450323523763204e-02
7.710351026375263928e-01 -6.458453186136198232e-01 1.002666175029071245e-02
7.819123323800043490e-01 -6.326321897675482031e-01 1.002584914907409842e-02
7.925618652559293098e-01 -6.192348341851461324e-01 1.002206567237907096e-02
8.029805991524989750e-01 -6.056571512567768822e-01 1.001531244133142470e-02
8.131654978879457873e-01 -5.919030920053968137e-01 1.000559145705926314e-02
8.231135920506438275e-01 -5.779766580015135435e-01 9.992905600100026806e-03
8.328219798214103742e-01 -5.638819002652138979e-01 9.977258629546917335e-03
8.422878277788499179e-01 -5.496229181554419529e-01 9.958655181934995132e-03
8.515083716875329056e-01 -5.352038582468054972e-01 9.937100769867285299e-03
8.604809172688633323e-01 -5.206289131940915471e-01 9.912601780381263133e-03
8.692028409544517720e-01 -5.059023205847374971e-01 9.885165473056248264e-03
8.776715906218288676e-01 -4.910283617794788391e-01 9.854799977862224378e-03
8.858846863123275295e-01 -4.760113607414021009e-01 9.821514292750747194e-03
8.938397209309623115e-01 -4.608556828536518046e-01 9.785318280988698769e-03
9.015343609281588622e-01 -4.455657337259780193e-01 9.746222668235528241e-03
9.089663469631428239e-01 -4.301459579904225450e-01 9.704239039365047600e-03
9.161334945488412984e-01 -4.146008380863322462e-01 9.659379835032571790e-03
9.230336946781325658e-01 -3.989348930349585487e-01 9.611658347988483869e-03
9.296649144312822965e-01 -3.831526772038785222e-01 9.561088719139302500e-03
9.360251975644005018e-01 -3.672587790614985637e-01 9.507685933357455654e-03
9.421126650787796653e-01 -3.512578199218397423e-01 9.451465815040886384e-03
9.479255157709329804e-01 -3.351544526799162815e-01 9.392445023423982506e-03
9.534620267631978008e-01 -3.189533605379102910e-01 9.330641047641072272e-03
9.587205540147402116e-01 -3.026592557224144775e-01 9.266072201544021253e-03
9.636995328128119542e-01 -2.862768781929956874e-01 9.198757618275434436e-03
9.683974782441121532e-01 -2.698109943423341317e-01 9.128717244599092451e-03
9.728129856460943081e-01 -2.532663956882195699e-01 9.055971834989334085e-03
9.769447310380895422e-01 -2.366478975576182531e-01 8.980542945480989719e-03
9.807914715320815713e-01 -2.199603377631436651e-01 8.902452927281907444e-03
9.843520457230036103e-01 -2.032085752721515814e-01 8.821724920149804847e-03
9.876253740584072238e-01 -1.863974888687517928e-01 8.738382845535443144e-03
9.906104591873668985e-01 -1.695319758090083062e-01 8.652451399494201847e-03
9.933063862884855544e-01 -1.526169504696046897e-01 8.563956045368078390e-03
9.957123233768558901e-01 -1.356573429902766248e-01 8.472923006240419899e-03
9.978275215898571027e-01 -1.186580979102451472e-01 8.379379257165359488e-03
9.996513154516409871e-01 -1.016241727990085109e-01 8.283352517174585178e-03
1.001183123116194729e+00 -8.456053688173340022e-02 8.184871241063582104e-03
1.002422446588837390e+00 -6.747216965956043255e-02 8.083964610959863337e-03
1.003368871926040962e+00 -5.036405952511698730e-02 7.980662527675652651e-03
1.004022069413444296e+00 -3.324120237356022189e-02 7.874995601847708040e-03
1.004381793721947247e+00 -1.610860020940331136e-02 7.766995144866610523e-03
1.004447884041768546e+00 1.028740250494913650e-03 7.656693159598607773e-03
1.004220264194353396e+00 1.816580897751699994e-02 7.544122330902442060e-03
1.003698942722021759e+00 3.529759403511273375e-02 7.429316015944136681e-03
1.002884012955253423e+00 5.241908298554703860e-02 7.312308234312532920e-03
1.001775653057504822e+00 6.952526429924958673e-02 7.193133657938544784e-03
1.000374126047460788e+00 8.661112876641727243e-02 7.071827600821193292e-03
9.986797797986211034e-01 1.036716709105912210e-01 6.948426008563177679e-03
9.966930470161355915e-01 1.207018904038027890e-01 6.822965447719512785e-03
9.944144451907981352e-01 1.376967934830027607e-01 6.695483094962032498e-03
9.918445765301121542e-01 1.546513943674103220e-01 6.566016726063155819e-03
9.889841278663547008e-01 1.715607166764393232e-01 6.434604704702099644e-03
9.858338705415562453e-01 1.884197948478553153e-01 6.301285971096869803e-03
9.823946602693345298e-01 2.052236755557897696e-01 6.166100030465541428e-03
9.786674369735036683e-01 2.219674191283060871e-01 6.029086941319848798e-03
9.746532246034101954e-01 2.386461009640879205e-01 5.890287303595090167e-03
9.703531309259328941e-01 2.552548129479372263e-01 5.749742246619466562e-03
9.657683472940938874e-01 2.717886648646941627e-01 5.607493416926567775e-03
9.609001483922364750e-01 2.882427858112148744e-01 5.463582965914583374e-03
9.557498919577350760e-01 3.046123256060112583e-01 5.318053537356050818e-03
9.503190184791838746e-01 3.208924561962275268e-01 5.170948254761405412e-03
9.446090508710583977e-01 3.370783730615027896e-01 5.022310708600670644e-03
9.386215941248085004e-01 3.531652966143881134e-01 4.872184943386635193e-03
9.323583349363702144e-01 3.691484735969086661e-01 4.720615444623510806e-03
9.258210413100872449e-01 3.850231784728853079e-01 4.567647125624920389e-03
9.190115621390304579e-01 4.007847148156243322e-01 4.413325314205075213e-03
9.119318267617296803e-01 4.164284166905601881e-01 4.257695739247303705e-03
9.045838444952977175e-01 4.319496500325012978e-01 4.100804517153392587e-03
8.969697041449969932e-01 4.473438140170106769e-01 3.942698138178437998e-03
8.890915734902394840e-01 4.626063424255675849e-01 3.783423452654747186e-03
8.809516987470653593e-01 4.777327050040835466e-01 3.623027657109069433e-03
8.725524040071259702e-01 4.927184088143661822e-01 3.461558280277249322e-03
8.638960906532175965e-01 5.075589995781234487e-01 3.299063169020404092e-03
8.549852367514229057e-01 5.222500630130765265e-01 3.135590474146996137e-03
8.458223964198915423e-01 5.367872261608123141e-01 2.971188636144513409e-03
8.364101991743616571e-01 5.511661587058964695e-01 2.805906370825639665e-03
8.267513492504654504e-01 5.653825742858764603e-01 2.639792654892671089e-03
8.168486249029134338e-01 5.794322317917330878e-01 2.472896711424665741e-03
8.067048776816384548e-01 5.933109366583684263e-01 2.305267995291548997e-03
7.963230316850113955e-01 6.070145421446887513e-01 2.136956178499703485e-03
7.857060827902019318e-01 6.205389506029014290e-01 1.968011135472877253e-03
7.748570978608365634e-01 6.338801147365471511e-01 1.798482928273451497e-03
7.637792139320490614e-01 6.470340388468820425e-01 1.628421791767938010e-03
7.524756373730616676e-01 6.599967800671709961e-01 1.457878118741302940e-03
7.409496430274363776e-01 6.727644495844663508e-01 1.286902444964498331e-03
7.292045733311411926e-01 6.853332138484525826e-01 1.115545434219585540e-03
7.172438374086012036e-01 6.976992957669122530e-01 9.438578632871069338e-04
7.050709101468659590e-01 7.098589758874324085e-01 7.718906068996151011e-04
6.926893312481124942e-01 7.218085935648694829e-01 5.996946226665354198e-04
6.801027042606341277e-01 7.335445481141935620e-01 4.273209359742895772e-04
6.673146955885209675e-01 7.450632999482718066e-01 2.548206248663734369e-04
6.543290334802297492e-01 7.563613717001700376e-01 8.224480490782999740e-05
6.411495069962541704e-01 7.674353493295612560e-01 -9.035538596143154124e-05
6.277799649561296436e-01 7.782818832128032271e-01 -2.629288025797681615e-04
6.142243148649616513e-01 7.888976892163077625e-01 -4.354243077194321402e-04
6.004865218197710242e-01 7.992795497527391824e-01 -6.077907872394925411e-04
5.865706073958636413e-01 8.094243148196677007e-01 -7.799771652320944488e-04
5.724806485134967815e-01 8.193289030202522971e-01 -9.519324191573523336e-04
5.582207762851053579e-01 8.289903025655540603e-01 -1.123605594962464888e-03
5.437951748433784704e-01 8.384055722580626702e-01 -1.294945822180359855e-03
5.292080801504324139e-01 8.475718424560714226e-01 -1.465902329003923327e-03
5.144637787884277502e-01 8.564863160184561508e-01 -1.636424457330639542e-03
4.995666067318961234e-01 8.651462692295074364e-01 -1.806461677773715932e-03
4.845209481021027220e-01 8.735490527034065478e-01 -1.975963604635032431e-03
4.693312339037691294e-01 8.816920922679699624e-01 -2.144880010835508322e-03
4.540019407444804145e-01 8.895728898272809992e-01 -2.313160842798506634e-03
4.385375895371402821e-01 8.971890242028291995e-01 -2.480756235281649392e-03
4.229427441857749326e-01 9.045381519528084002e-01 -2.647616526153173319e-03
4.072220102551085130e-01 9.116180081691818149e-01 -2.813692271107753884e-03
3.913800336242315714e-01 9.184264072521761690e-01 -2.978934258317952454e-03
3.754214991247579736e-01 9.249612436618478428e-01 -3.143293523016745493e-03
3.593511291638533667e-01 9.312204926463734100e-01 -3.306721362006838014e-03
3.431736823325260421e-01 9.372022109467270656e-01 -3.469169348092509056e-03
3.268939519996047482e-01 9.429045374774064348e-01 -3.630589344429501451e-03
3.105167648917641632e-01 9.483256939828950127e-01 -3.790933518789202806e-03
2.940469796600851393e-01 9.534639856695233950e-01 -3.950154357732241391e-03
2.774894854335283600e-01 9.583178018124316466e-01 -4.108204680687769887e-03
2.608492003597789322e-01 9.628856163373222810e-01 -4.265037653934094543e-03
2.441310701338982592e-01 9.671659883767120824e-01 -4.420606804476537137e-03
2.273400665152578437e-01 9.711575628003851213e-01 -4.574866033818273184e-03
2.104811858331625540e-01 9.748590707197872796e-01 -4.727769631620493476e-03
1.935594474817012300e-01 9.782693299660628616e-01 -4.879272289247239477e-03
1.765798924042469298e-01 9.813872455414954787e-01 -5.029329113191361583e-03
1.595475815681109411e-01 9.842118100440856443e-01 -5.177895638377432580e-03
1.424675944298360308e-01 9.867421040650252717e-01 -5.324927841337713172e-03
1.253450273916217605e-01 9.889772965588343734e-01 -5.470382153257279459e-03
1.081849922494060728e-01 9.909166451859308111e-01 -5.614215472884289543e-03
9.099261463305961806e-02 9.925594966274239317e-01 -5.756385179301990937e-03
7.377303243927865739e-02 9.939052868719199241e-01 -5.896849144558098145e-03
5.653139425764570902e-02 9.949535414741464967e-01 -6.035565746148245300e-03
3.927285779040605440e-02 9.957038757852118005e-01 -6.172493879349632423e-03
2.200258826648985797e-02 9.961559951543228486e-01 -6.307592969401238855e-03
4.725756850314363419e-03 9.963096951017983427e-01 -6.440822983527035549e-03
-1.255246095406892942e-02 9.961648614632271359e-01 -6.572144442798439658e-03
-2.982688690298751152e-02 9.957214705046228964e-01 -6.701518433832949657e-03
-4.709234161669728636e-02 9.949795890084540684e-01 -6.828906620324899993e-03
-6.434364618596469243e-02 9.939393743304237860e-01 -6.954271254405374088e-03
-8.157562378109885215e-02 9.926010744268904951e-01 -7.077575187827702188e-03
-9.878310126287598303e-02 9.909650278528396861e-01 -7.198781882975320047e-03
-1.159609107947660589e-01 9.890316637303214753e-01 -7.317855423688549368e-03
-1.331038914559435071e-01 9.868015016872729861e-01 -7.434760525907485422e-03
-1.502068908544358927e-01 9.842751517666784578e-01 -7.549462548127321149e-03
-1.672647667398867166e-01 9.814533143060106823e-01 -7.661927501663401592e-03
-1.842723886153309343e-01 9.783367797869217952e-01 -7.772122060722799416e-03
-2.012246393474052264e-01 9.749264286551557745e-01 -7.880013572279475492e-03
-2.181164167744119309e-01 9.712232311106780980e-01 -7.985570065750081589e-03
-2.349426353116318977e-01 9.672282468680213352e-01 -8.088760262467470027e-03
-2.516982275533506397e-01 9.629426248868573346e-01 -8.189553584949346363e-03
-2.683781458709413315e-01 9.583676030728277562e-01 -8.287920165958959084e-03
-2.849773640064697244e-01 9.535045079486759168e-01 -8.383830857355429808e-03
-3.014908786612103819e-01 9.483547542957193599e-01 -8.477257238730981359e-03
-3.179137110784939213e-01 9.429198447657425319e-01 -8.568171625832518915e-03
-3.342409086202767221e-01 9.372013694633859471e-01 -8.656547078765012421e-03
-3.504675463368976396e-01 9.312010054991057828e-01 -8.742357409974482393e-03
-3.665887285293652487e-01 9.249205165128344674e-01 -8.825577192007853441e-03
-3.825995903036450985e-01 9.183617521684379614e-01 -8.906181765047675378e-03
-3.984952991163395741e-01 9.115266476191088429e-01 -8.984147244219368306e-03
-4.142710563111858257e-01 9.044172229438363075e-01 -9.059450526668823278e-03
-4.299220986457926719e-01 8.970355825551035167e-01 -9.132069298408285532e-03
-4.454436998080232857e-01 8.893839145779949273e-01 -9.201982040928416082e-03
-4.608311719214958635e-01 8.814644902008662575e-01 -9.269168037574781333e-03
-4.760798670395698928e-01 8.732796629978045733e-01 -9.333607379686584965e-03
-4.911851786272961040e-01 8.648318682230609067e-01 -9.395280972496042673e-03
-5.061425430307511242e-01 8.561236220776826666e-01 -9.454170540786580035e-03
-5.209474409331981137e-01 8.471575209485751046e-01 -9.510258634308172560e-03
-5.355953987975239361e-01 8.379362406202357505e-01 -9.563528632948233715e-03
-5.500819902943834272e-01 8.284625354594276070e-01 -9.613964751656494875e-03
-5.644028377155513310e-01 8.187392375730300209e-01 -9.661552045122484209e-03
-5.785536133718851559e-01 8.087692559393881986e-01 -9.706276412204133466e-03
-5.925300409754044040e-01 7.985555755134216005e-01 -9.748124600106248053e-03
-6.063278970049479355e-01 7.881012563058106268e-01 -9.787084208307591376e-03
-6.199430120548874434e-01 7.774094324365705688e-01 -9.823143692235443772e-03
-6.333712721663684597e-01 7.664833111633537754e-01 -9.856292366686473724e-03
-6.466086201406141543e-01 7.553261718847879003e-01 -9.886520408993045364e-03
-6.596510568337305980e-01 7.439413651192424703e-01 -9.913818861933845067e-03
-6.724946424325674021e-01 7.323323114593520700e-01 -9.938179636388121130e-03
-6.851354977111271394e-01 7.205025005026827190e-01 -9.959595513732651811e-03
-6.975698052670509242e-01 7.084554897589220301e-01 -9.978060147980789482e-03
-7.097938107377116390e-01 6.961949035339821679e-01 -9.993568067662907811e-03
-7.218038239954407409e-01 6.837244317914371594e-01 -1.000611467744771249e-02
-7.335962203214714261e-01 6.710478289916693706e-01 -1.001569625950394712e-02
-7.451674415581074351e-01 6.581689129091993218e-01 -1.002230997460206059e-02
-7.565139972387191492e-01 6.450915634285950828e-01 -1.002595386295553753e-02
-7.676324656951278858e-01 6.318197213194198802e-01 -1.002662684480161437e-02
-7.785194951419678322e-01 6.183573869906652254e-01 -1.002432872072124559e-02
-7.891718047376191647e-01 6.047086192251333037e-01 -1.001906017169819536e-02
-7.995861856213098973e-01 5.908775338942484634e-01 -1.001082275891724063e-02
-8.097595019260299676e-01 5.768683026537418934e-01 -9.999618923301572398e-03
-8.196886917668430028e-01 5.626851516207448389e-01 -9.985451984789478486e-03
-8.293707682042650298e-01 5.483323600327504321e-01 -9.968326141350588795e-03
-8.388028201823447549e-01 5.338142588889579487e-01 -9.948246467741915511e-03
-8.479820134411092392e-01 5.191352295745061962e-01 -9.925218914004104581e-03
-8.569055914030336840e-01 5.042997024681320495e-01 -9.899250303698311354e-03
-8.655708760332463392e-01 4.893121555337293649e-01 -9.870348331884213830e-03
-8.739752686731228071e-01 4.741771128964044624e-01 -9.838521562839815798e-03
-8.821162508470070662e-01 4.588991434035150641e-01 -9.803779427523660883e-03
-8.899913850417607852e-01 4.434828591712567381e-01 -9.766132220780243331e-03
-8.975983154588771384e-01 4.279329141173416340e-01 -9.725591098289415246e-03
-9.049347687388973327e-01 4.122540024803195147e-01 -9.682168073260704472e-03
-9.119985546578802671e-01 3.964508573261220081e-01 -9.635876012873597837e-03
-9.187875667957106085e-01 3.805282490423421704e-01 -9.586728634464638035e-03
-9.252997831759951497e-01 3.644909838208855724e-01 -9.534740501462737536e-03
-9.315332668773622649e-01 3.483439021295159921e-01 -9.479927019073701791e-03
-9.374861666159616247e-01 3.320918771728904595e-01 -9.422304429715333898e-03
-9.431567172989776537e-01 3.157398133436624676e-01 -9.361889808204456459e-03
-9.485432405489947483e-01 2.992926446642318883e-01 -9.298701056697262698e-03
-9.536441451990456120e-01 2.827553332197478841e-01 -9.232756899384580648e-03
-9.584579277582164769e-01 2.661328675829041646e-01 -9.164076876943396538e-03
-9.629831728476591080e-01 2.494302612311836975e-01 -9.092681340746597632e-03
-9.672185536069018985e-01 2.326525509570959160e-01 -9.018591446832400355e-03
-9.711628320703571404e-01 2.158047952720212326e-01 -8.941829149635363225e-03
-9.748148595139257688e-01 1.988920728042511965e-01 -8.862417195480792181e-03
-9.781735767716223107e-01 1.819194806918428275e-01 -8.780379115844590479e-03
-9.812380145221638594e-01 1.648921329708314953e-01 -8.695739220380261855e-03
-9.840072935454546865e-01 1.478151589594705051e-01 -8.608522589715511195e-03
-9.864806249489385115e-01 1.306937016390421757e-01 -8.518755068020297111e-03
-9.886573103637888993e-01 1.135329160318594016e-01 -8.426463255348634954e-03
-9.905367421109224635e-01 9.633796757705039016e-02 -8.331674499756441810e-03
-9.921184033368364297e-01 7.911403050471954579e-02 -8.234416889197687314e-03
-9.934018681192799960e-01 6.186628620909991744e-02 -8.134719243201414193e-03
-9.943868015427896889e-01 4.459992162123712495e-02 -8.032611104331758775e-03
-9.950729597441182461e-01 2.732012758186701945e-02 -7.928122729433944790e-03
-9.954601899276162014e-01 1.003209721502282097e-02 -7.821285080668498660e-03
-9.955484303506224597e-01 -7.258975697020655579e-03 -7.712129816336494789e-03
-9.953377102789406905e-01 -2.454789833688526823e-02 -7.600689281498515353e-03
-9.948281499124941307e-01 -4.182948047273336856e-02 -7.486996498390094922e-03
-9.940199602812497259e-01 -5.909853607581844886e-02 -7.371085156636607641e-03
-9.929134431115315129e-01 -7.634988493442243507e-02 -7.252989603270161741e-03
-9.915089906628422600e-01 -9.357835426353862396e-02 -7.132744832551930932e-03
-9.898070855353328090e-01 -1.107787803097882162e-01 -7.010386475602575947e-03
-9.878083004480637808e-01 -1.279460099509880378e-01 -6.885950789843967197e-03
-9.855132979882178512e-01 -1.450749022898202290e-01 -6.759474648255312836e-03
-9.829228303314402337e-01 -1.621603302410316305e-01 -6.630995528446995135e-03
-9.800377389334767875e-01 -1.791971821116693508e-01 -6.500551501554993963e-03
-9.768589541933129228e-01 -1.961803631737421560e-01 -6.368181220959691184e-03
-9.733874950880140320e-01 -2.131047972288250270e-01 -6.233923910832011098e-03
-9.696244687794782768e-01 -2.299654281640577946e-01 -6.097819354510454828e-03
-9.655710701933294393e-01 -2.467572214990183810e-01 -5.959907882712437398e-03
-9.612285815701860914e-01 -2.634751659229584986e-01 -5.820230361583396926e-03
-9.565983719895521098e-01 -2.801142748218708456e-01 -5.678828180587388273e-03
-9.516818968665730072e-01 -2.966695877949388493e-01 -5.535743240242322651e-03
-9.464806974219431845e-01 -3.131361721598026060e-01 -5.391017939704049501e-03
-9.409964001252214549e-01 -3.295091244462062807e-01 -5.244695164202544529e-03
-9.352307161118428303e-01 -3.457835718775251199e-01 -5.096818272334095734e-03
-9.291854405741230005e-01 -3.619546738397026453e-01 -4.947431083213207556e-03
-9.228624521265511582e-01 -3.780176233371368433e-01 -4.796577863488023057e-03
-9.162637121456890243e-01 -3.939676484350378427e-01 -4.644303314223290416e-03
-9.093912640849787232e-01 -4.098000136878592881e-01 -4.490652557654279883e-03
-9.022472327648063395e-01 -4.255100215532953145e-01 -4.335671123816214369e-03
-8.948338236381401245e-01 -4.410930137914619298e-01 -4.179404937052717817e-03
-8.871533220320900748e-01 -4.565443728488205455e-01 -4.021900302407425618e-03
-8.792080923657377145e-01 -4.718595232264335970e-01 -3.863203891902780313e-03
-8.710005773445990140e-01 -4.870339328321297012e-01 -3.703362730710227542e-03
-8.625332971320611719e-01 -5.020631143162296306e-01 -3.542424183215452972e-03
-8.538088484981947168e-01 -5.169426263903807994e-01 -3.380435938983415538e-03
-8.448299039462933147e-01 -5.316680751291714691e-01 -3.217445998626874970e-03
-8.355992108175317457e-01 -5.462351152541363719e-01 -3.053502659582769951e-03
-8.261195903741286317e-01 -5.606394513997980944e-01 -2.888654501800645355e-03
-8.163939368614068215e-01 -5.748768393613971073e-01 -2.722950373347333107e-03
-8.064252165491604396e-01 -5.889430873239535069e-01 -2.556439375932350114e-03
-7.962164667527029671e-01 -6.028340570723735858e-01 -2.389170850357797988e-03
-7.857707948340449944e-01 -6.165456651822213141e-01 -2.221194361897755806e-03
-7.750913771835852284e-01 -6.300738841908908316e-01 -2.052559685610981857e-03
-7.641814581827426345e-01 -6.434147437488563215e-01 -1.883316791591495591e-03
-7.530443491479517082e-01 -6.565643317507168231e-01 -1.713515830161355764e-03
-7.416834272564387653e-01 -6.695187954457523238e-01 -1.543207117010003465e-03
-7.301021344542291125e-01 -6.822743425277069118e-01 -1.372441118284778959e-03
-7.183039763467738981e-01 -6.948272422035765006e-01 -1.201268435636501392e-03
-7.062925210726843650e-01 -7.071738262410960374e-01 -1.029739791225248733e-03
-6.940713981609715200e-01 -7.193104899947251329e-01 -8.579060126902510533e-04
-6.816442973722481868e-01 -7.312336934098833119e-01 -6.858180180885651905e-04
-6.690149675243296512e-01 -7.429399620052197228e-01 -5.135268008069190839e-04
-6.561872153026904186e-01 -7.544258878326896012e-01 -3.410834144514134016e-04
-6.431649040561883135e-01 -7.656881304152718393e-01 -1.685389577190227715e-04
-6.299519525785499674e-01 -7.767234176620868569e-01 4.055440743908634528e-06
-6.165523338760316996e-01 -7.875285467607696654e-01 1.766486374922240281e-04
-6.029700739217180860e-01 -7.981003850469085004e-01 3.491894894368606354e-04
-5.892092503969061923e-01 -8.084358708503900370e-01 5.216268689996507446e-04
-5.752739914200249993e-01 -8.185320143184984243e-01 6.939096792635619966e-04
-5.611684742635550949e-01 -8.283858982156125927e-01 8.659868691136742708e-04
-5.468969240593611891e-01 -8.379946786993975882e-01 1.037807448364941060e-03
-5.324636124929413850e-01 -8.473555860733221756e-01 1.209320502871538087e-03
-5.178728564870029860e-01 -8.564659255154195572e-01 1.380475209613860272e-03
-5.031290168748332459e-01 -8.653230777831708576e-01 1.551220851758479142e-03
-4.882364970639084256e-01 -8.739244998944151188e-01 1.721506833686633651e-03
-4.731997416901895237e-01 -8.822677257841983200e-01 1.891282695986841716e-03
-4.580232352635684179e-01 -8.903503669374743801e-01 2.060498130406970396e-03
-4.427115008048643774e-01 -8.981701129976067399e-01 2.229102994761867663e-03
-4.272690984748785392e-01 -9.057247323505803749e-01 2.397047327791434427e-03
-4.117006241958997004e-01 -9.130120726848883761e-01 2.564281363965257958e-03
-3.960107082661237787e-01 -9.200300615270445848e-01 2.730755548229214270e-03
-3.802040139674169872e-01 -9.267767067526826441e-01 2.896420550689733208e-03
-3.642852361668800776e-01 -9.332500970732057199e-01 3.061227281231173897e-03
-3.482590999125984021e-01 -9.394484024979861125e-01 3.225126904062489402e-03
-3.321303590240740622e-01 -9.453698747720732376e-01 3.388070852188192813e-03
-3.159037946777211725e-01 -9.510128477894259635e-01 3.550010841799834411e-03
-2.995842139878692190e-01 -9.563757379816624216e-01 3.710898886583542493e-03
-2.831764485836940071e-01 -9.614570446823352823e-01 3.870687311939397749e-03
-2.666853531824938117e-01 -9.662553504667551474e-01 4.029328769108485656e-03
-2.501158041597472681e-01 -9.707693214673744908e-01 4.186776249203216782e-03
-2.334726981163156023e-01 -9.749977076647814433e-01 4.342983097137276434e-03
-2.167609504432679302e-01 -9.789393431543172985e-01 4.497903025450402346e-03
-1.999854938846838959e-01 -9.825931463883816885e-01 4.651490128024390880e-03
-1.831512770988587002e-01 -9.859581203944633998e-01 4.803698893686065598e-03
-1.662632632183047021e-01 -9.890333529689608882e-01 4.954484219693230072e-03
-1.493264284089427241e-01 -9.918180168468517799e-01 5.103801425099602912e-03
-1.323457604288950928e-01 -9.943113698472788586e-01 5.251606263994630652e-03
-1.153262571872152448e-01 -9.965127549951370289e-01 5.397854938614691719e-03
-9.827292530300799078e-02 -9.984216006187250914e-01 5.542504112321189856e-03
-8.119077866526702714e-02 -1.000037420423565804e+00 5.685510922442174250e-03
-6.408483699382593046e-02 -1.001359813542472610e+00 5.826832992973461807e-03
-4.696012440178717190e-02 -1.002388464561967396e+00 5.966428447135605634e-03
-2.982166795981650714e-02 -1.003123143525147976e+00 6.104255919782762378e-03
-1.267449626261304453e-02 -1.003563705911110215e+00 6.240274569660254379e-03
4.476362002016677846e-03 -1.003710092591042047e+00 6.374444091506600851e-03
2.162587948117922210e-02 -1.003562329761096050e+00 6.506724727996865236e-03
3.876903158163896856e-02 -1.003120528852169846e+00 6.637077281523602081e-03
5.590079789094513918e-02 -1.002384886416712417e+00 6.765463125811963484e-03
7.301616359460399996e-02 -1.001355683992688039e+00 6.891844217365520817e-03
9.011012088893860517e-02 -1.000033287944830818e+00 7.016183106739267220e-03
1.071776703893570770e-01 -9.984181492833233973e-01 7.138442949636854447e-03
1.242138225336311269e-01 -9.965108034600401732e-01 7.258587517828246800e-03
1.412135989799145896e-01 -9.943118701425032180e-01 7.376581209884958482e-03
1.581720339991622148e-01 -9.918220529656909257e-01 7.492389061729519406e-03
1.750841758616370480e-01 -9.890421392618532481e-01 7.605976756996090347e-03
1.919450882172004658e-01 -9.859729997684878455e-01 7.717310637199166490e-03
2.087498514690577789e-01 -9.826155883146306946e-01 7.826357711707209591e-03
2.254935641407096458e-01 -9.789709414856195835e-01 7.933085667518643969e-03
2.421713442357432966e-01 -9.750401782664942507e-01 8.037462878836779817e-03
2.587783305902213171e-01 -9.708244996641987035e-01 8.139458416441262140e-03
2.753096842173592407e-01 -9.663251883087480287e-01 8.239042056853052021e-03
2.917605896442129199e-01 -9.615436080335308944e-01 8.336184291290326884e-03
3.081262562400756133e-01 -9.564812034349261527e-01 8.430856334412479072e-03
3.244019195363572750e-01 -9.511394994113860912e-01 8.523030132849966287e-03
3.405828425376065671e-01 -9.455201006821917220e-01 8.612678373517030153e-03
3.566643170234571336e-01 -9.396246912860317657e-01 8.699774491705201257e-03
3.726416648412121946e-01 -9.334550340595988427e-01 8.784292678954969472e-03
3.885102391888091145e-01 -9.270129700963773978e-01 8.866207890703400873e-03
4.042654258879108120e-01 -9.203004181858099875e-01 8.945495853705394060e-03
4.199026446468488993e-01 -9.133193742330286691e-01 9.022133073226305117e-03
4.354173503132170997e-01 -9.060719106593214667e-01 9.096096840004043449e-03
4.508050341158036378e-01 -8.985601757835449677e-01 9.167365236978237616e-03
4.660612248956663706e-01 -8.907863931846553562e-01 9.235917145784769411e-03
4.811814903260917542e-01 -8.827528610455506186e-01 9.301732253013589302e-03
4.961614381212028357e-01 -8.744619514784190972e-01 9.364791056228019550e-03
5.109967172329871188e-01 -8.659161098317805783e-01 9.425074869743756481e-03
5.256830190364928379e-01 -8.571178539794281903e-01 9.482565830165799042e-03
5.402160785030131196e-01 -8.480697735914344282e-01 9.537246901681834324e-03
5.545916753609722027e-01 -8.387745293874578900e-01 9.589101881110255118e-03
5.688056352443365826e-01 -8.292348523725158183e-01 9.638115402701534495e-03
5.828538308283134350e-01 -8.194535430554343858e-01 9.684272942691429104e-03
5.967321829521273768e-01 -8.094334706501711274e-01 9.727560823604682397e-03
6.104366617286429708e-01 -7.991775722602175724e-01 9.767966218307937154e-03
6.239632876406638884e-01 -7.886888520462599361e-01 9.805477153810733190e-03
6.373081326236460509e-01 -7.779703803773317938e-01 9.840082514813323911e-03
6.504673211346563289e-01 -7.670252929656367069e-01 9.871772047000400979e-03
6.634370312073589737e-01 -7.558567899852538519e-01 9.900536360079665449e-03
6.762134954928308295e-01 -7.444681351749287135e-01 9.926366930564360647e-03
6.887930022860052626e-01 -7.328626549251542333e-01 9.949256104298993125e-03
7.011718965375350887e-01 -7.210437373497592395e-01 9.969197098727382994e-03
7.133465808509151795e-01 -7.090148313421804627e-01 9.986184004902524947e-03
7.253135164646213884e-01 -6.967794456166680472e-01 1.000021178923751232e-02
7.370692242191112520e-01 -6.843411477346044158e-01 1.001127629499710264e-02
7.486102855084825203e-01 -6.717035631161557552e-01 1.001937424352944937e-02
7.599333432166024416e-01 -6.588703740374688422e-01 1.002450323523763030e-02
7.710351026375261707e-01 -6.458453186136199342e-01 1.002666175029071245e-02
7.819123323800041270e-01 -6.326321897675483141e-01 1.002584914907409842e-02
7.925618652559291988e-01 -6.192348341851462434e-01 1.002206567237907096e-02
8.029805991524988640e-01 -6.056571512567769933e-01 1.001531244133142470e-02
8.131654978879456763e-01 -5.919030920053971467e-01 1.000559145705926314e-02
8.231135920506418291e-01 -5.779766580015165411e-01 9.992905600100030275e-03
8.328219798214102632e-01 -5.638819002652141199e-01 9.977258629546917335e-03
8.422878277788498069e-01 -5.496229181554421750e-01 9.958655181934995132e-03
8.515083716875327946e-01 -5.352038582468057193e-01 9.937100769867285299e-03
8.604809172688632213e-01 -5.206289131940917692e-01 9.912601780381264868e-03
8.692028409544516609e-01 -5.059023205847378302e-01 9.885165473056248264e-03
8.776715906218287566e-01 -4.910283617794790612e-01 9.854799977862224378e-03
8.858846863123258641e-01 -4.760113607414053760e-01 9.821514292750755867e-03
8.938397209309622005e-01 -4.608556828536520267e-01 9.785318280988698769e-03
9.015343609281587511e-01 -4.455657337259782413e-01 9.746222668235529976e-03
9.089663469631427128e-01 -4.301459579904227670e-01 9.704239039365047600e-03
9.161334945488411874e-01 -4.146008380863324128e-01 9.659379835032571790e-03
9.230336946781323437e-01 -3.989348930349588263e-01 9.611658347988485604e-03
9.296649144312808533e-01 -3.831526772038820194e-01 9.561088719139314643e-03
9.360251975643992806e-01 -3.672587790615021164e-01 9.507685933357467797e-03
9.421126650787794432e-01 -3.512578199218399644e-01 9.451465815040886384e-03
9.479255157709329804e-01 -3.351544526799165591e-01 9.392445023423982506e-03
9.534620267631975787e-01 -3.189533605379105130e-01 9.330641047641074007e-03
9.587205540147399896e-01 -3.026592557224146440e-01 9.266072201544022988e-03
9.636995328128119542e-01 -2.862768781929959094e-01 9.198757618275436171e-03
9.683974782441111540e-01 -2.698109943423377399e-01 9.128717244599108063e-03
9.728129856460943081e-01 -2.532663956882198475e-01 9.055971834989334085e-03
9.769447310380893201e-01 -2.366478975576185029e-01 8.980542945480989719e-03
9.807914715320815713e-01 -2.199603377631438872e-01 8.902452927281909179e-03
9.843520457230036103e-01 -2.032085752721518590e-01 8.821724920149804847e-03
9.876253740584070018e-01 -1.863974888687520426e-01 8.738382845535444879e-03
9.906104591873668985e-01 -1.695319758090085283e-01 8.652451399494201847e-03
9.933063862884852213e-01 -1.526169504696084367e-01 8.563956045368099207e-03
9.957123233768558901e-01 -1.356573429902768746e-01 8.472923006240423369e-03
9.978275215898568806e-01 -1.186580979102453692e-01 8.379379257165361222e-03
9.996513154516409871e-01 -1.016241727990087607e-01 8.283352517174585178e-03
1.001183123116194729e+00 -8.456053688173363614e-02 8.184871241063583838e-03
1.002422446588837390e+00 -6.747216965956066848e-02 8.083964610959866806e-03
1.003368871926040962e+00 -5.036405952512076900e-02 7.980662527675676937e-03
1.004022069413444296e+00 -3.324120237356400359e-02 7.874995601847730592e-03
1.004381793721947247e+00 -1.610860020940355422e-02 7.766995144866613993e-03
1.004447884041768546e+00 1.028740250494671439e-03 7.656693159598609508e-03
1.004220264194353396e+00 1.816580897751676055e-02 7.544122330902443795e-03
1.003698942722021759e+00 3.529759403511249088e-02 7.429316015944136681e-03
1.002884012955253423e+00 5.241908298554678880e-02 7.312308234312535522e-03
1.001775653057505044e+00 6.952526429924581197e-02 7.193133657938569937e-03
1.000374126047461010e+00 8.661112876641702263e-02 7.071827600821195027e-03
9.986797797986211034e-01 1.036716709105909850e-01 6.948426008563180281e-03
9.966930470161355915e-01 1.207018904038025392e-01 6.822965447719513653e-03
9.944144451907981352e-01 1.376967934830025109e-01 6.695483094962034233e-03
9.918445765301121542e-01 1.546513943674100999e-01 6.566016726063157553e-03
9.889841278663547008e-01 1.715607166764391012e-01 6.434604704702102246e-03
9.858338705415570224e-01 1.884197948478515960e-01 6.301285971096898426e-03
9.823946602693347518e-01 2.052236755557895476e-01 6.166100030465543162e-03
9.786674369735036683e-01 2.219674191283058096e-01 6.029086941319850533e-03
9.746532246034101954e-01 2.386461009640877262e-01 5.890287303595092769e-03
9.703531309259328941e-01 2.552548129479369488e-01 5.749742246619467430e-03
9.657683472940941094e-01 2.717886648646939407e-01 5.607493416926569510e-03
9.609001483922376963e-01 2.882427858112112107e-01 5.463582965914615466e-03
9.557498919577362972e-01 3.046123256060076501e-01 5.318053537356083778e-03
9.503190184791839856e-01 3.208924561962272493e-01 5.170948254761407147e-03
9.446090508710586198e-01 3.370783730615025120e-01 5.022310708600673246e-03
9.386215941248087224e-01 3.531652966143878358e-01 4.872184943386637795e-03
9.323583349363704365e-01 3.691484735969084441e-01 4.720615444623513408e-03
9.258210413100873559e-01 3.850231784728850859e-01 4.567647125624922123e-03
9.190115621390323453e-01 4.007847148156208350e-01 4.413325314205109907e-03
9.119318267617299023e-01 4.164284166905599660e-01 4.257695739247305440e-03
9.045838444952978286e-01 4.319496500325010757e-01 4.100804517153394321e-03
8.969697041449969932e-01 4.473438140170103994e-01 3.942698138178440601e-03
8.890915734902395950e-01 4.626063424255673073e-01 3.783423452654749355e-03
8.809516987470654703e-01 4.777327050040833800e-01 3.623027657109072035e-03
8.725524040071261922e-01 4.927184088143659602e-01 3.461558280277251924e-03
8.638960906532197059e-01 5.075589995781203401e-01 3.299063169020439654e-03
8.549852367514230167e-01 5.222500630130764154e-01 3.135590474146998739e-03
8.458223964198916534e-01 5.367872261608119810e-01 2.971188636144516445e-03
8.364101991743636555e-01 5.511661587058933609e-01 2.805906370825676094e-03
8.267513492504655614e-01 5.653825742858762382e-01 2.639792654892673257e-03
8.168486249029156543e-01 5.794322317917299792e-01 2.472896711424702170e-03
8.067048776816407862e-01 5.933109366583654287e-01 2.305267995291586294e-03
7.963230316850160584e-01 6.070145421446828671e-01 2.136956178499775476e-03
7.857060827902042632e-01 6.205389506028985425e-01 1.968011135472914550e-03
7.748570978608367854e-01 6.338801147365469291e-01 1.798482928273453883e-03
7.637792139320515039e-01 6.470340388468791559e-01 1.628421791767975524e-03
7.524756373730617787e-01 6.599967800671707741e-01 1.457878118741305542e-03
7.409496430274390422e-01 6.727644495844635752e-01 1.286902444964536062e-03
7.292045733311436351e-01 6.853332138484499181e-01 1.115545434219623487e-03
7.172438374086013146e-01 6.976992957669120310e-01 9.438578632871091022e-04
7.050709101468686235e-01 7.098589758874297440e-01 7.718906068996530482e-04
6.926893312481124942e-01 7.218085935648692608e-01 5.996946226665378051e-04
6.801027042606369033e-01 7.335445481141910085e-01 4.273209359743275785e-04
6.673146955885210785e-01 7.450632999482716956e-01 2.548206248663759305e-04
6.543290334802325248e-01 7.563613717001675951e-01 8.224480490786808000e-05
6.411495069962569460e-01 7.674353493295587025e-01 -9.035538596139347219e-05
6.277799649561298656e-01 7.782818832128031161e-01 -2.629288025797657763e-04
6.142243148649647599e-01 7.888976892163054311e-01 -4.354243077193940847e-04
6.004865218197711352e-01 7.992795497527390713e-01 -6.077907872394901559e-04
5.865706073958667499e-01 8.094243148196654802e-01 -7.799771652320565017e-04
5.724806485134970035e-01 8.193289030202521861e-01 -9.519324191573497315e-04
5.582207762851113531e-01 8.289903025655497304e-01 -1.123605594962391596e-03
5.437951748433816901e-01 8.384055722580607828e-01 -1.294945822180322125e-03
5.292080801504325249e-01 8.475718424560712005e-01 -1.465902329003920942e-03
5.144637787884311919e-01 8.564863160184541524e-01 -1.636424457330602029e-03
4.995666067318962345e-01 8.651462692295072143e-01 -1.806461677773713980e-03
4.845209481021061082e-01 8.735490527034047714e-01 -1.975963604634995135e-03
4.693312339037694070e-01 8.816920922679698513e-01 -2.144880010835506154e-03
4.540019407444869648e-01 8.895728898272775576e-01 -2.313160842798435077e-03
4.385375895371437238e-01 8.971890242028274232e-01 -2.480756235281612095e-03
4.229427441857751546e-01 9.045381519528082892e-01 -2.647616526153171151e-03
4.072220102551119547e-01 9.116180081691802606e-01 -2.813692271107717888e-03
3.913800336242318489e-01 9.184264072521761690e-01 -2.978934258317950719e-03
3.754214991247615818e-01 9.249612436618463995e-01 -3.143293523016709064e-03
3.593511291638535332e-01 9.312204926463731880e-01 -3.306721362006835412e-03
3.431736823325329810e-01 9.372022109467246231e-01 -3.469169348092439667e-03
3.268939519996083565e-01 9.429045374774052135e-01 -3.630589344429465456e-03
3.105167648917644407e-01 9.483256939828947907e-01 -3.790933518789200204e-03
2.940469796600887475e-01 9.534639856695223958e-01 -3.950154357732205829e-03
2.774894854335285821e-01 9.583178018124316466e-01 -4.108204680687768152e-03
2.608492003597825404e-01 9.628856163373215038e-01 -4.265037653934058981e-03
2.441310701339019507e-01 9.671659883767108612e-01 -4.420606804476503310e-03
2.273400665152650602e-01 9.711575628003835670e-01 -4.574866033818208132e-03
2.104811858331663288e-01 9.748590707197865024e-01 -4.727769631620459649e-03
1.935594474817014798e-01 9.782693299660626396e-01 -4.879272289247236875e-03
1.765798924042506768e-01 9.813872455414948126e-01 -5.029329113191328623e-03
1.595475815681111631e-01 9.842118100440856443e-01 -5.177895638377430845e-03
1.424675944298398056e-01 9.867421040650248276e-01 -5.324927841337680212e-03
1.253450273916255353e-01 9.889772965588340403e-01 -5.470382153257247367e-03
1.081849922494063088e-01 9.909166451859308111e-01 -5.614215472884286941e-03
9.099261463306342057e-02 9.925594966274237096e-01 -5.756385179301959712e-03
7.377303243927892107e-02 9.939052868719199241e-01 -5.896849144558096410e-03
5.653139425764951848e-02 9.949535414741462747e-01 -6.035565746148214075e-03
3.927285779040629726e-02 9.957038757852118005e-01 -6.172493879349629821e-03
2.200258826649366742e-02 9.961559951543228486e-01 -6.307592969401210233e-03
4.725756850318179811e-03 9.963096951017985647e-01 -6.440822983527005191e-03
-1.255246095406868483e-02 9.961648614632271359e-01 -6.572144442798437056e-03
-2.982688690298369860e-02 9.957214705046228964e-01 -6.701518433832920167e-03
-4.709234161669702962e-02 9.949795890084540684e-01 -6.828906620324898258e-03
-6.434364618596087604e-02 9.939393743304241191e-01 -6.954271254405347200e-03
-8.157562378109860235e-02 9.926010744268904951e-01 -7.077575187827701321e-03
-9.878310126286864168e-02 9.909650278528405742e-01 -7.198781882975268873e-03
-1.159609107947622703e-01 9.890316637303219194e-01 -7.317855423688523347e-03
-1.331038914559432573e-01 9.868015016872729861e-01 -7.434760525907483687e-03
-1.502068908544321180e-01 9.842751517666789018e-01 -7.549462548127295128e-03
-1.672647667398864668e-01 9.814533143060109044e-01 -7.661927501663398123e-03
-1.842723886153272150e-01 9.783367797869224614e-01 -7.772122060722774263e-03
-2.012246393474049766e-01 9.749264286551557745e-01 -7.880013572279472023e-03
-2.181164167744047422e-01 9.712232311106797633e-01 -7.985570065750038221e-03
-2.349426353116282340e-01 9.672282468680223344e-01 -8.088760262467447476e-03
-2.516982275533503621e-01 9.629426248868573346e-01 -8.189553584949344628e-03
-2.683781458709376122e-01 9.583676030728289774e-01 -8.287920165958936533e-03
-2.849773640064695024e-01 9.535045079486759168e-01 -8.383830857355428073e-03
-3.014908786612067182e-01 9.483547542957203591e-01 -8.477257238730960542e-03
-3.179137110784902576e-01 9.429198447657437532e-01 -8.568171625832498098e-03
-3.342409086202697277e-01 9.372013694633883896e-01 -8.656547078764975992e-03
-3.504675463368940314e-01 9.312010054991072261e-01 -8.742357409974463311e-03
-3.665887285293650266e-01 9.249205165128344674e-01 -8.825577192007851707e-03
-3.825995903036414902e-01 9.183617521684394047e-01 -8.906181765047656296e-03
-3.984952991163393521e-01 9.115266476191089540e-01 -8.984147244219366571e-03
-4.142710563111888233e-01 9.044172229438348642e-01 -9.059450526668837156e-03
-4.299220986457892302e-01 8.970355825551052931e-01 -9.132069298408268185e-03
-4.454436998080230081e-01 8.893839145779950384e-01 -9.201982040928414347e-03
-4.608311719214924773e-01 8.814644902008679228e-01 -9.269168037574767455e-03
-4.760798670395697263e-01 8.732796629978046843e-01 -9.333607379686584965e-03
-4.911851786272928289e-01 8.648318682230627941e-01 -9.395280972496030530e-03
-5.061425430307510132e-01 8.561236220776826666e-01 -9.454170540786578300e-03
-5.209474409332010003e-01 8.471575209485732172e-01 -9.510258634308181233e-03
-5.355953987975209385e-01 8.379362406202377489e-01 -9.563528632948223307e-03
-5.500819902943832052e-01 8.284625354594276070e-01 -9.613964751656493141e-03
-5.644028377155482223e-01 8.187392375730322414e-01 -9.661552045122473800e-03
-5.785536133718849339e-01 8.087692559393883096e-01 -9.706276412204133466e-03
-5.925300409754015174e-01 7.985555755134238209e-01 -9.748124600106241114e-03
-6.063278970049477135e-01 7.881012563058108489e-01 -9.787084208307589642e-03
-6.199430120548872214e-01 7.774094324365707909e-01 -9.823143692235443772e-03
-6.333712721663655731e-01 7.664833111633562179e-01 -9.856292366686466785e-03
-6.466086201406139322e-01 7.553261718847880113e-01 -9.886520408993045364e-03
-6.596510568337277114e-01 7.439413651192451349e-01 -9.913818861933839863e-03
-6.724946424325672911e-01 7.323323114593521810e-01 -9.938179636388119395e-03
-6.851354977111295819e-01 7.205025005026804985e-01 -9.959595513732655281e-03
-6.975698052670508131e-01 7.084554897589222522e-01 -9.978060147980787747e-03
-7.097938107377114170e-01 6.961949035339823899e-01 -9.993568067662907811e-03
-7.218038239954380764e-01 6.837244317914399350e-01 -1.000611467744770902e-02
-7.335962203214713151e-01 6.710478289916694816e-01 -1.001569625950394712e-02
-7.451674415581049926e-01 6.581689129092020973e-01 -1.002230997460205886e-02
-7.565139972387190381e-01 6.450915634285953049e-01 -1.002595386295553753e-02
-7.676324656951301062e-01 6.318197213194173267e-01 -1.002662684480161437e-02
-7.785194951419676102e-01 6.183573869906654474e-01 -1.002432872072124559e-02
-7.891718047376190537e-01 6.047086192251336367e-01 -1.001906017169819536e-02
-7.995861856213075658e-01 5.908775338942517941e-01 -1.001082275891724410e-02
-8.097595019260298566e-01 5.768683026537422265e-01 -9.999618923301572398e-03
-8.196886917668407824e-01 5.626851516207479476e-01 -9.985451984789483690e-03
-8.293707682042648077e-01 5.483323600327506542e-01 -9.968326141350588795e-03
-8.388028201823465313e-01 5.338142588889550622e-01 -9.948246467741912041e-03
-8.479820134411073518e-01 5.191352295745096379e-01 -9.925218914004109785e-03
-8.569055914030335730e-01 5.042997024681322715e-01 -9.899250303698311354e-03
-8.655708760332444518e-01 4.893121555337326400e-01 -9.870348331884220769e-03
-8.739752686731226961e-01 4.741771128964046844e-01 -9.838521562839815798e-03
-8.821162508470052899e-01 4.588991434035184502e-01 -9.803779427523669557e-03
-8.899913850417607852e-01 4.434828591712569601e-01 -9.766132220780245066e-03
-8.975983154588784707e-01 4.279329141173385809e-01 -9.725591098289404837e-03
-9.049347687388957784e-01 4.122540024803230674e-01 -9.682168073260714880e-03
-9.119985546578801561e-01 3.964508573261223412e-01 -9.635876012873597837e-03
-9.187875667957091652e-01 3.805282490423457231e-01 -9.586728634464650178e-03
-9.252997831759949277e-01 3.644909838208857944e-01 -9.534740501462739271e-03
-9.315332668773608216e-01 3.483439021295195448e-01 -9.479927019073713934e-03
-9.374861666159614026e-01 3.320918771728906815e-01 -9.422304429715333898e-03
-9.431567172989787640e-01 3.157398133436594145e-01 -9.361889808204442581e-03
-9.485432405489935270e-01 2.992926446642355520e-01 -9.298701056697278311e-03
-9.536441451990456120e-01 2.827553332197481617e-01 -9.232756899384582383e-03
-9.584579277582154777e-01 2.661328675829078283e-01 -9.164076876943412150e-03
-9.629831728476591080e-01 2.494302612311838918e-01 -9.092681340746599367e-03
-9.672185536069008993e-01 2.326525509570996353e-01 -9.018591446832417702e-03
-9.711628320703571404e-01 2.158047952720214824e-01 -8.941829149635363225e-03
-9.748148595139257688e-01 1.988920728042514185e-01 -8.862417195480792181e-03
-9.781735767716215335e-01 1.819194806918465745e-01 -8.780379115844607826e-03
-9.812380145221638594e-01 1.648921329708317174e-01 -8.695739220380261855e-03
-9.840072935454541314e-01 1.478151589594742799e-01 -8.608522589715532011e-03
-9.864806249489385115e-01 1.306937016390424255e-01 -8.518755068020297111e-03
-9.886573103637893434e-01 1.135329160318560848e-01 -8.426463255348615872e-03
-9.905367421109224635e-01 9.633796757705063996e-02 -8.331674499756441810e-03
-9.921184033368364297e-01 7.911403050471979559e-02 -8.234416889197689049e-03
-9.934018681192797739e-01 6.186628620910372689e-02 -8.134719243201436745e-03
-9.943868015427896889e-01 4.459992162123737475e-02 -8.032611104331760510e-03
-9.950729597441180241e-01 2.732012758187083584e-02 -7.928122729433969076e-03
-9.954601899276162014e-01 1.003209721502307077e-02 -7.821285080668500395e-03
-9.955484303506224597e-01 -7.258975697023978442e-03 -7.712129816336472238e-03
-9.953377102789409125e-01 -2.454789833688502537e-02 -7.600689281498515353e-03
-9.948281499124941307e-01 -4.182948047273311876e-02 -7.486996498390098391e-03
-9.940199602812500590e-01 -5.909853607581463941e-02 -7.371085156636633662e-03
-9.929134431115315129e-01 -7.634988493442218527e-02 -7.252989603270165210e-03
-9.915089906628425931e-01 -9.357835426353480757e-02 -7.132744832551958687e-03
-9.898070855353328090e-01 -1.107787803097879664e-01 -7.010386475602577681e-03
-9.878083004480631146e-01 -1.279460099509913129e-01 -6.885950789843943778e-03
-9.855132979882184063e-01 -1.450749022898164819e-01 -6.759474648255340591e-03
-9.829228303314402337e-01 -1.621603302410313530e-01 -6.630995528446996003e-03
-9.800377389334773426e-01 -1.791971821116656594e-01 -6.500551501555022586e-03
-9.768589541933131448e-01 -1.961803631737419062e-01 -6.368181220959693786e-03
-9.733874950880150312e-01 -2.131047972288213355e-01 -6.233923910832040588e-03
-9.696244687794782768e-01 -2.299654281640575448e-01 -6.097819354510456563e-03
-9.655710701933286622e-01 -2.467572214990216561e-01 -5.959907882712410510e-03
-9.612285815701873126e-01 -2.634751659229548348e-01 -5.820230361583426416e-03
-9.565983719895521098e-01 -2.801142748218706235e-01 -5.678828180587390008e-03
-9.516818968665742284e-01 -2.966695877949351856e-01 -5.535743240242353876e-03
-9.464806974219432956e-01 -3.131361721598023284e-01 -5.391017939704050368e-03
-9.409964001252226762e-01 -3.295091244462027280e-01 -5.244695164202577489e-03
-9.352307161118428303e-01 -3.457835718775248424e-01 -5.096818272334098336e-03
-9.291854405741217793e-01 -3.619546738397057539e-01 -4.947431083213178933e-03
-9.228624521265526015e-01 -3.780176233371332906e-01 -4.796577863488056016e-03
-9.162637121456891354e-01 -3.939676484350376207e-01 -4.644303314223293018e-03
-9.093912640849801665e-01 -4.098000136878559019e-01 -4.490652557654312843e-03
-9.022472327648063395e-01 -4.255100215532950370e-01 -4.335671123816216971e-03
-8.948338236381416788e-01 -4.410930137914585436e-01 -4.179404937052752511e-03
-8.871533220320901858e-01 -4.565443728488203790e-01 -4.021900302407427352e-03
-8.792080923657378255e-01 -4.718595232264334305e-01 -3.863203891902782048e-03
-8.710005773446009014e-01 -4.870339328321264261e-01 -3.703362730710263537e-03
-8.625332971320612829e-01 -5.020631143162294086e-01 -3.542424183215455141e-03
-8.538088484981966042e-01 -5.169426263903775798e-01 -3.380435938983451533e-03
-8.448299039462935367e-01 -5.316680751291711360e-01 -3.217445998626877572e-03
-8.355992108175299693e-01 -5.462351152541391475e-01 -3.053502659582737859e-03
-8.261195903741287427e-01 -5.606394513997977613e-01 -2.888654501800647957e-03
-8.163939368614069325e-01 -5.748768393613968852e-01 -2.722950373347335709e-03
-8.064252165491627711e-01 -5.889430873239503983e-01 -2.556439375932387410e-03
-7.962164667527030781e-01 -6.028340570723734748e-01 -2.389170850357801024e-03
-7.857707948340473258e-01 -6.165456651822184275e-01 -2.221194361897792669e-03
-7.750913771835853394e-01 -6.300738841908907206e-01 -2.052559685610984026e-03
-7.641814581827405251e-01 -6.434147437488588750e-01 -1.883316791591463065e-03
-7.530443491479518192e-01 -6.565643317507166010e-01 -1.713515830161358366e-03
-7.416834272564388764e-01 -6.695187954457522128e-01 -1.543207117010006067e-03
-7.301021344542316660e-01 -6.822743425277041363e-01 -1.372441118284816472e-03
-7.183039763467741201e-01 -6.948272422035762785e-01 -1.201268435636503778e-03
-7.062925210726870295e-01 -7.071738262410933729e-01 -1.029739791225286463e-03
-6.940713981609715200e-01 -7.193104899947250219e-01 -8.579060126902535470e-04
-6.816442973722457443e-01 -7.312336934098856434e-01 -6.858180180885322308e-04
-6.690149675243324268e-01 -7.429399620052171693e-01 -5.135268008069571394e-04
-6.561872153026905297e-01 -7.544258878326894902e-01 -3.410834144514158410e-04
-6.431649040561912001e-01 -7.656881304152693968e-01 -1.685389577190608270e-04
-6.299519525785499674e-01 -7.767234176620867458e-01 4.055440743906178133e-06
-6.165523338760345862e-01 -7.875285467607673340e-01 1.766486374921859455e-04
-6.029700739217181971e-01 -7.981003850469083893e-01 3.491894894368581959e-04
-5.892092503969035278e-01 -8.084358708503921465e-01 5.216268689996839212e-04
-5.752739914200279969e-01 -8.185320143184963149e-01 6.939096792635239411e-04
-5.611684742635552059e-01 -8.283858982156124817e-01 8.659868691136719939e-04
-5.468969240593644088e-01 -8.379946786993954788e-01 1.037807448364903330e-03
-5.324636124929414960e-01 -8.473555860733218426e-01 1.209320502871535702e-03
-5.178728564870060946e-01 -8.564659255154176698e-01 1.380475209613822758e-03
-5.031290168748334679e-01 -8.653230777831707465e-01 1.551220851758476540e-03
-4.882364970639055390e-01 -8.739244998944166731e-01 1.721506833686666394e-03
-4.731997416901927989e-01 -8.822677257841965437e-01 1.891282695986804636e-03
-4.580232352635685844e-01 -8.903503669374742691e-01 2.060498130406968227e-03
-4.427115008048678191e-01 -8.981701129976051856e-01 2.229102994761830367e-03
-4.272690984748787613e-01 -9.057247323505802639e-01 2.397047327791431825e-03
-4.117006241958967028e-01 -9.130120726848898194e-01 2.564281363965290484e-03
-3.960107082661240008e-01 -9.200300615270445848e-01 2.730755548229212536e-03
-3.802040139674172092e-01 -9.267767067526826441e-01 2.896420550689731040e-03
-3.642852361668835748e-01 -9.332500970732042767e-01 3.061227281231137468e-03
-3.482590999125986242e-01 -9.394484024979860015e-01 3.225126904062487233e-03
-3.321303590240775594e-01 -9.453698747720717943e-01 3.388070852188156384e-03
-3.159037946777213945e-01 -9.510128477894257415e-01 3.550010841799831809e-03
-2.995842139878660548e-01 -9.563757379816633097e-01 3.710898886583573284e-03
-2.831764485836942291e-01 -9.614570446823352823e-01 3.870687311939396448e-03
-2.666853531824940338e-01 -9.662553504667551474e-01 4.029328769108483053e-03
-2.501158041597509318e-01 -9.707693214673734916e-01 4.186776249203181220e-03
-2.334726981163158521e-01 -9.749977076647812213e-01 4.342983097137273832e-03
-2.167609504432716216e-01 -9.789393431543166324e-01 4.497903025450368519e-03
-1.999854938846841734e-01 -9.825931463883816885e-01 4.651490128024388278e-03
-1.831512770988554528e-01 -9.859581203944639549e-01 4.803698893686095088e-03
-1.662632632183049519e-01 -9.890333529689608882e-01 4.954484219693227470e-03
-1.493264284089429461e-01 -9.918180168468517799e-01 5.103801425099601177e-03
-1.323457604288988398e-01 -9.943113698472783035e-01 5.251606263994598560e-03
-1.153262571872154807e-01 -9.965127549951370289e-01 5.397854938614689985e-03
-9.827292530301175166e-02 -9.984216006187247583e-01 5.542504112321159498e-03
-8.119077866526726306e-02 -1.000037420423565804e+00 5.685510922442171648e-03
-6.408483699382264143e-02 -1.001359813542472832e+00 5.826832992973488695e-03
-4.696012440179094666e-02 -1.002388464561967396e+00 5.966428447135574409e-03
-2.982166795981675000e-02 -1.003123143525147976e+00 6.104255919782760643e-03
-1.267449626261682276e-02 -1.003563705911110437e+00 6.240274569660224022e-03
4.476362002016433250e-03 -1.003710092591042047e+00 6.374444091506599984e-03
2.162587948117543693e-02 -1.003562329761096272e+00 6.506724727996835746e-03
3.876903158163871876e-02 -1.003120528852169846e+00 6.637077281523599478e-03
5.590079789094842128e-02 -1.002384886416712195e+00 6.765463125811987770e-03
7.301616359460022521e-02 -1.001355683992688261e+00 6.891844217365493061e-03
9.011012088893836924e-02 -1.000033287944830818e+00 7.016183106739265485e-03
1.071776703893533300e-01 -9.984181492833238414e-01 7.138442949636827559e-03
1.242138225336308632e-01 -9.965108034600403952e-01 7.258587517828245066e-03
1.412135989799108426e-01 -9.943118701425039951e-01 7.376581209884931593e-03
1.581720339991619650e-01 -9.918220529656909257e-01 7.492389061729517671e-03
1.750841758616402954e-01 -9.890421392618525820e-01 7.605976756996112031e-03
1.919450882171967743e-01 -9.859729997684885117e-01 7.717310637199142204e-03
2.087498514690575013e-01 -9.826155883146308057e-01 7.826357711707207856e-03
2.254935641407059821e-01 -9.789709414856203606e-01 7.933085667518619682e-03
2.421713442357430468e-01 -9.750401782664942507e-01 8.037462878836778082e-03
2.587783305902244813e-01 -9.708244996641977043e-01 8.139458416441281222e-03
2.753096842173589631e-01 -9.663251883087480287e-01 8.239042056853050286e-03
2.917605896442126978e-01 -9.615436080335311164e-01 8.336184291290325149e-03
3.081262562400720606e-01 -9.564812034349272629e-01 8.430856334412459990e-03
3.244019195363569419e-01 -9.511394994113860912e-01 8.523030132849964552e-03
3.405828425376029034e-01 -9.455201006821929433e-01 8.612678373517011071e-03
3.566643170234569671e-01 -9.396246912860317657e-01 8.699774491705201257e-03
3.726416648412152477e-01 -9.334550340595976214e-01 8.784292678954985084e-03
3.885102391888089479e-01 -9.270129700963773978e-01 8.866207890703399139e-03
4.042654258879106455e-01 -9.203004181858100985e-01 8.945495853705392325e-03
4.199026446468453466e-01 -9.133193742330302234e-01 9.022133073226287769e-03
4.354173503132168221e-01 -9.060719106593214667e-01 9.096096840004041714e-03
4.508050341158002516e-01 -8.985601757835465220e-01 9.167365236978222004e-03
4.660612248956660930e-01 -8.907863931846555783e-01 9.235917145784769411e-03
4.811814903260945853e-01 -8.827528610455490643e-01 9.301732253013601445e-03
4.961614381212026692e-01 -8.744619514784192083e-01 9.364791056228019550e-03
5.109967172329868967e-01 -8.659161098317809113e-01 9.425074869743756481e-03
5.256830190364896183e-01 -8.571178539794301887e-01 9.482565830165788634e-03
5.402160785030128975e-01 -8.480697735914345392e-01 9.537246901681834324e-03
5.545916753609693162e-01 -8.387745293874598884e-01 9.589101881110244710e-03
5.688056352443364716e-01 -8.292348523725159293e-01 9.638115402701534495e-03
5.828538308283162106e-01 -8.194535430554326094e-01 9.684272942691437777e-03
5.967321829521243792e-01 -8.094334706501733478e-01 9.727560823604673723e-03
6.104366617286426377e-01 -7.991775722602176835e-01 9.767966218307937154e-03
6.239632876406608908e-01 -7.886888520462622676e-01 9.805477153810722782e-03
6.373081326236459399e-01 -7.779703803773319049e-01 9.840082514813322176e-03
6.504673211346534423e-01 -7.670252929656391494e-01 9.871772047000395775e-03
6.634370312073588627e-01 -7.558567899852539629e-01 9.900536360079663714e-03
6.762134954928332720e-01 -7.444681351749266041e-01 9.926366930564365851e-03
6.887930022860025980e-01 -7.328626549251567868e-01 9.949256104298987921e-03
7.011718965375348667e-01 -7.210437373497594615e-01 9.969197098727382994e-03
7.133465808509125150e-01 -7.090148313421831272e-01 9.986184004902523212e-03
7.253135164646211663e-01 -6.967794456166681583e-01 1.000021178923751232e-02
7.370692242191085874e-01 -6.843411477346071914e-01 1.001127629499710264e-02
7.486102855084821872e-01 -6.717035631161558662e-01 1.001937424352944937e-02
7.599333432166045510e-01 -6.588703740374662887e-01 1.002450323523763204e-02
7.710351026375238392e-01 -6.458453186136228208e-01 1.002666175029071245e-02
7.819123323800040160e-01 -6.326321897675485362e-01 1.002584914907409842e-02
7.925618652559267563e-01 -6.192348341851493521e-01 1.002206567237907096e-02
8.029805991524987530e-01 -6.056571512567772153e-01 1.001531244133142470e-02
8.131654978879474527e-01 -5.919030920053944822e-01 1.000559145705926141e-02
8.231135920506414960e-01 -5.779766580015167632e-01 9.992905600100030275e-03
8.328219798214101521e-01 -5.638819002652142309e-01 9.977258629546917335e-03
8.422878277788476975e-01 -5.496229181554453946e-01 9.958655181934998601e-03
8.515083716875325726e-01 -5.352038582468059413e-01 9.937100769867287034e-03
8.604809172688612229e-01 -5.206289131940949888e-01 9.912601780381271807e-03
8.692028409544515499e-01 -5.059023205847380522e-01 9.885165473056248264e-03
8.776715906218303109e-01 -4.910283617794762856e-01 9.854799977862217439e-03
8.858846863123257531e-01 -4.760113607414057091e-01 9.821514292750757602e-03
8.938397209309620894e-01 -4.608556828536521377e-01 9.785318280988700504e-03
9.015343609281571968e-01 -4.455657337259815720e-01 9.746222668235538650e-03
9.089663469631427128e-01 -4.301459579904229891e-01 9.704239039365047600e-03
9.161334945488395221e-01 -4.146008380863359100e-01 9.659379835032583933e-03
9.230336946781323437e-01 -3.989348930349589928e-01 9.611658347988487339e-03
9.296649144312820745e-01 -3.831526772038790218e-01 9.561088719139304234e-03
9.360251975643990585e-01 -3.672587790615023384e-01 9.507685933357467797e-03
9.421126650787794432e-01 -3.512578199218402419e-01 9.451465815040888119e-03
9.479255157709315371e-01 -3.351544526799200563e-01 9.392445023423996384e-03
9.534620267631975787e-01 -3.189533605379107351e-01 9.330641047641075742e-03
9.587205540147389904e-01 -3.026592557224182523e-01 9.266072201544036865e-03
9.636995328128117322e-01 -2.862768781929961315e-01 9.198757618275437906e-03
9.683974782441121532e-01 -2.698109943423345203e-01 9.128717244599094185e-03
9.728129856460931979e-01 -2.532663956882234557e-01 9.055971834989351432e-03
9.769447310380893201e-01 -2.366478975576187527e-01 8.980542945480991454e-03
9.807914715320807941e-01 -2.199603377631475787e-01 8.902452927281926526e-03
9.843520457230036103e-01 -2.032085752721520810e-01 8.821724920149804847e-03
9.876253740584062246e-01 -1.863974888687557341e-01 8.738382845535463961e-03
9.906104591873668985e-01 -1.695319758090087503e-01 8.652451399494203582e-03
9.933063862884855544e-01 -1.526169504696051338e-01 8.563956045368080125e-03
9.957123233768554460e-01 -1.356573429902806216e-01 8.472923006240442451e-03
9.978275215898568806e-01 -1.186580979102456190e-01 8.379379257165362957e-03
9.996513154516405431e-01 -1.016241727990125215e-01 8.283352517174605995e-03
1.001183123116194729e+00 -8.456053688173388594e-02 8.184871241063585573e-03
1.002422446588837168e+00 -6.747216965956442936e-02 8.083964610959889358e-03
1.003368871926040962e+00 -5.036405952512101186e-02 7.980662527675678672e-03
1.004022069413444296e+00 -3.324120237356071456e-02 7.874995601847711510e-03
1.004381793721947025e+00 -1.610860020940733592e-02 7.766995144866636544e-03
1.004447884041768546e+00 1.028740250494427494e-03 7.656693159598611242e-03
1.004220264194353396e+00 1.816580897751298232e-02 7.544122330902468948e-03
1.003698942722021759e+00 3.529759403511224108e-02 7.429316015944140150e-03
1.002884012955253423e+00 5.241908298555007784e-02 7.312308234312513838e-03
1.001775653057505044e+00 6.952526429924557605e-02 7.193133657938571672e-03
1.000374126047461010e+00 8.661112876641678671e-02 7.071827600821195894e-03
9.986797797986215475e-01 1.036716709105872242e-01 6.948426008563208037e-03
9.966930470161358135e-01 1.207018904038023033e-01 6.822965447719516255e-03
9.944144451907984683e-01 1.376967934829987916e-01 6.695483094962062856e-03
9.918445765301121542e-01 1.546513943674098501e-01 6.566016726063159288e-03
9.889841278663541457e-01 1.715607166764423208e-01 6.434604704702075358e-03
9.858338705415570224e-01 1.884197948478513462e-01 6.301285971096901029e-03
9.823946602693347518e-01 2.052236755557892700e-01 6.166100030465545764e-03
9.786674369735044454e-01 2.219674191283021736e-01 6.029086941319880891e-03
9.746532246034101954e-01 2.386461009640874764e-01 5.890287303595095371e-03
9.703531309259338933e-01 2.552548129479333405e-01 5.749742246619499522e-03
9.657683472940941094e-01 2.717886648646937187e-01 5.607493416926570377e-03
9.609001483922366971e-01 2.882427858112143193e-01 5.463582965914587711e-03
9.557498919577362972e-01 3.046123256060074280e-01 5.318053537356085513e-03
9.503190184791839856e-01 3.208924561962270272e-01 5.170948254761409749e-03
9.446090508710598410e-01 3.370783730614990148e-01 5.022310708600706206e-03
9.386215941248087224e-01 3.531652966143876138e-01 4.872184943386638663e-03
9.323583349363718797e-01 3.691484735969048914e-01 4.720615444623546368e-03
9.258210413100873559e-01 3.850231784728848639e-01 4.567647125624923858e-03
9.190115621390309020e-01 4.007847148156238326e-01 4.413325314205080417e-03
9.119318267617313456e-01 4.164284166905565243e-01 4.257695739247340135e-03
9.045838444952979396e-01 4.319496500325008537e-01 4.100804517153396056e-03
8.969697041449986585e-01 4.473438140170070132e-01 3.942698138178475295e-03
8.890915734902397061e-01 4.626063424255670853e-01 3.783423452654751957e-03
8.809516987470673577e-01 4.777327050040799938e-01 3.623027657109107597e-03
8.725524040071263032e-01 4.927184088143657936e-01 3.461558280277254093e-03
8.638960906532180406e-01 5.075589995781230046e-01 3.299063169020408429e-03
8.549852367514250151e-01 5.222500630130730848e-01 3.135590474147034300e-03
8.458223964198917644e-01 5.367872261608118700e-01 2.971188636144518613e-03
8.364101991743637665e-01 5.511661587058931389e-01 2.805906370825678262e-03
8.267513492504656725e-01 5.653825742858759051e-01 2.639792654892675425e-03
8.168486249029157653e-01 5.794322317917297571e-01 2.472896711424705206e-03
8.067048776816408973e-01 5.933109366583653177e-01 2.305267995291588028e-03
7.963230316850118395e-01 6.070145421446884182e-01 2.136956178499708255e-03
7.857060827902043743e-01 6.205389506028983204e-01 1.968011135472917152e-03
7.748570978608370075e-01 6.338801147365467070e-01 1.798482928273456702e-03
7.637792139320517260e-01 6.470340388468790449e-01 1.628421791767977909e-03
7.524756373730621117e-01 6.599967800671705520e-01 1.457878118741307710e-03
7.409496430274342682e-01 6.727644495844686823e-01 1.286902444964467540e-03
7.292045733311438571e-01 6.853332138484495850e-01 1.115545434219625872e-03
7.172438374086015367e-01 6.976992957669119200e-01 9.438578632871117043e-04
7.050709101468688456e-01 7.098589758874296329e-01 7.718906068996555419e-04
6.926893312481127163e-01 7.218085935648691498e-01 5.996946226665402987e-04
6.801027042606371253e-01 7.335445481141908974e-01 4.273209359743300722e-04
6.673146955885213005e-01 7.450632999482714736e-01 2.548206248663784242e-04
6.543290334802274177e-01 7.563613717001721470e-01 8.224480490779928737e-05
6.411495069962572790e-01 7.674353493295585915e-01 -9.035538596139101918e-05
6.277799649561300876e-01 7.782818832128028941e-01 -2.629288025797632826e-04
6.142243148649648710e-01 7.888976892163050980e-01 -4.354243077193916452e-04
6.004865218197714682e-01 7.992795497527389603e-01 -6.077907872394876622e-04
5.865706073958668609e-01 8.094243148196652582e-01 -7.799771652320541164e-04
5.724806485134973366e-01 8.193289030202519641e-01 -9.519324191573473462e-04
5.582207762851056909e-01 8.289903025655536162e-01 -1.123605594962459901e-03
5.437951748433819121e-01 8.384055722580606718e-01 -1.294945822180319957e-03
5.292080801504326359e-01 8.475718424560712005e-01 -1.465902329003918557e-03
5.144637787884313029e-01 8.564863160184541524e-01 -1.636424457330599427e-03
4.995666067318965120e-01 8.651462692295072143e-01 -1.806461677773711161e-03
4.845209481021063302e-01 8.735490527034046604e-01 -1.975963604634992966e-03
4.693312339037696290e-01 8.816920922679696293e-01 -2.144880010835503552e-03
4.540019407444808031e-01 8.895728898272807772e-01 -2.313160842798501864e-03
4.385375895371439459e-01 8.971890242028273121e-01 -2.480756235281609927e-03
4.229427441857753767e-01 9.045381519528081782e-01 -2.647616526153168549e-03
4.072220102551121768e-01 9.116180081691802606e-01 -2.813692271107714853e-03
3.913800336242320155e-01 9.184264072521761690e-01 -2.978934258317948117e-03
3.754214991247617483e-01 9.249612436618463995e-01 -3.143293523016706895e-03
3.593511291638538108e-01 9.312204926463731880e-01 -3.306721362006832809e-03
3.431736823325264862e-01 9.372022109467270656e-01 -3.469169348092504285e-03
3.268939519996085785e-01 9.429045374774052135e-01 -3.630589344429462854e-03
3.105167648917647183e-01 9.483256939828947907e-01 -3.790933518789198035e-03
2.940469796600890251e-01 9.534639856695223958e-01 -3.950154357732204094e-03
2.774894854335288041e-01 9.583178018124316466e-01 -4.108204680687766418e-03
2.608492003597828734e-01 9.628856163373212818e-01 -4.265037653934057246e-03
2.441310701339022005e-01 9.671659883767108612e-01 -4.420606804476500708e-03
2.273400665152583155e-01 9.711575628003851213e-01 -4.574866033818268847e-03
2.104811858331665508e-01 9.748590707197865024e-01 -4.727769631620457047e-03
1.935594474817017574e-01 9.782693299660626396e-01 -4.879272289247235141e-03
1.765798924042509543e-01 9.813872455414948126e-01 -5.029329113191326021e-03
1.595475815681114129e-01 9.842118100440856443e-01 -5.177895638377428243e-03
