-1.687363050053859032e-02 2.861567570443246649e-03 -3.174120618458737760e-07
-1.692014775643891494e-02 2.572390338394176315e-03 -3.288425463834199418e-06
-1.696173901897416250e-02 2.282462481698387634e-03 -6.258464471405565157e-06
-1.699839231162150743e-02 1.991866886402827129e-03 -9.226648952417178557e-06
-1.703009701726172428e-02 1.700686621614433619e-03 -1.219209938154004184e-05
-1.705684388018257475e-02 1.409004924423924504e-03 -1.515393702707198302e-05
-1.707862500892643950e-02 1.116905176979522034e-03 -1.811128423462685257e-05
-1.709543387847338447e-02 8.244708861709448919e-04 -2.106326467752084487e-05
-1.710726533231005791e-02 5.317856621624016296e-04 -2.400900362062787589e-05
-1.711411558414295195e-02 2.389331973690145077e-04 -2.694762817775767623e-05
-1.711598221936185341e-02 -5.400275480211737679e-05 -2.987826757109307037e-05
-1.711286419620950544e-02 -3.469384011639036142e-04 -3.280005338891961892e-05
-1.710476184666726018e-02 -6.397899300198376001e-04 -3.571211984304608359e-05
-1.709167687706163521e-02 -9.324735324466503156e-04 -3.861360402533023909e-05
-1.707361236837929772e-02 -1.224905423617907120e-03 -4.150364616339617175e-05
-1.705057277629938584e-02 -1.517001864132532700e-03 -4.438138987537201157e-05
-1.702256393093623532e-02 -1.808679181383433766e-03 -4.724598242371052419e-05
-1.698959303629247325e-02 -2.099853790931659192e-03 -5.009657496779931307e-05
-1.695166866942555625e-02 -2.390442217900978512e-03 -5.293232281554842249e-05
-1.690880077931599876e-02 -2.680361118387996917e-03 -5.575238567368132286e-05
-1.686100068545061392e-02 -2.969527300884719934e-03 -5.855592789670621874e-05
-1.680828107610564739e-02 -3.257857747704043499e-03 -6.134211873454550748e-05
-1.675065600633610097e-02 -3.545269636424662734e-03 -6.411013257873547351e-05
-1.668814089566989997e-02 -3.831680361325846915e-03 -6.685914920703864273e-05
-1.662075252549851528e-02 -4.117007554831342980e-03 -6.958835402648356951e-05
-1.654850903617316113e-02 -4.401169108957649241e-03 -7.229693831480089893e-05
-1.647142992379438745e-02 -4.684083196740847048e-03 -7.498409945999136219e-05
-1.638953603670069079e-02 -4.965668293677710093e-03 -7.764904119822311135e-05
-1.630284957165286860e-02 -5.245843199139975377e-03 -8.029097384975297368e-05
-1.621139406970682414e-02 -5.524527057784423510e-03 -8.290911455290388057e-05
-1.611519441178474801e-02 -5.801639380945283926e-03 -8.550268749608295332e-05
-1.601427681393094091e-02 -6.077100068003199636e-03 -8.807092414766205736e-05
-1.590866882225783555e-02 -6.350829427737076337e-03 -9.061306348369469539e-05
-1.579839930757811345e-02 -6.622748199643795769e-03 -9.312835221341910885e-05
-1.568349845972220880e-02 -6.892777575233296865e-03 -9.561604500251418058e-05
-1.556399778153626408e-02 -7.160839219284708020e-03 -9.807540469391006865e-05
-1.543993008256514497e-02 -7.426855291067690351e-03 -1.005057025262493740e-04
-1.531132947241294583e-02 -7.690748465523966453e-03 -1.029062183498498183e-04
-1.517823135377999004e-02 -7.952441954398170934e-03 -1.052762408400439119e-04
-1.504067241517879731e-02 -8.211859527323771626e-03 -1.076150677080365978e-04
-1.489869062332271898e-02 -8.468925532852241908e-03 -1.099220059089470197e-04
-1.475232521518878362e-02 -8.723564919424749500e-03 -1.121963718471846163e-04
-1.460161668975079423e-02 -8.975703256283877607e-03 -1.144374915790555129e-04
-1.444660679938369538e-02 -9.225266754309598485e-03 -1.166447010124071294e-04
-1.428733854093368165e-02 -9.472182286792283495e-03 -1.188173461034516414e-04
-1.412385614645811707e-02 -9.716377410124366759e-03 -1.209547830505563570e-04
-1.395620507363015163e-02 -9.957780384408402088e-03 -1.230563784850210432e-04
-1.378443199580757159e-02 -1.019632019398266330e-02 -1.251215096587698417e-04
-1.360858479176227549e-02 -1.043192656784905185e-02 -1.271495646288635329e-04
-1.342871253507472475e-02 -1.066453000000681071e-02 -1.291399424388460775e-04
-1.324486548318972064e-02 -1.089406176968195188e-02 -1.310920532968158246e-04
-1.305709506612715183e-02 -1.112045396144911019e-02 -1.330053187501920443e-04
-1.286545387485707459e-02 -1.134363948523644736e-02 -1.348791718571352874e-04
-1.266999564932734523e-02 -1.156355209621366502e-02 -1.367130573545250502e-04
-1.247077526615399459e-02 -1.178012641455125804e-02 -1.385064318225155081e-04
-1.226784872596367419e-02 -1.199329794504797042e-02 -1.402587638455390234e-04
-1.206127314039268095e-02 -1.220300309662386909e-02 -1.419695341698018248e-04
-1.185110671874741242e-02 -1.240917920166228518e-02 -1.436382358571413763e-04
-1.163740875430873366e-02 -1.261176453520739676e-02 -1.452643744352241563e-04
-1.142023961030420517e-02 -1.281069833400174870e-02 -1.468474680441075116e-04
-1.119966070552454521e-02 -1.300592081535650694e-02 -1.483870475789707797e-04
-1.097573449960478377e-02 -1.319737319586236114e-02 -1.498826568291883419e-04
-1.074852447795368073e-02 -1.338499770990992516e-02 -1.513338526134592956e-04
-1.051809513633981431e-02 -1.356873762803339871e-02 -1.527402049111380297e-04
-1.028451196514260264e-02 -1.374853727506777229e-02 -1.541012969897070451e-04
-1.004784143324493999e-02 -1.392434204809583562e-02 -1.554167255281950759e-04
-9.808150971599987819e-03 -1.409609843420384437e-02 -1.566861007367402762e-04
-9.565508956446264546e-03 -1.426375402801651447e-02 -1.579090464720765078e-04
-9.319984692185184078e-03 -1.442725754901586117e-02 -1.590852003489858814e-04
-9.071648393923796225e-03 -1.458655885863634032e-02 -1.602142138476958663e-04
-8.820571169675271370e-03 -1.474160897711815008e-02 -1.612957524171338265e-04
-8.566825002228405095e-03 -1.489236010013080154e-02 -1.623294955740791528e-04
-8.310482730681032285e-03 -1.503876561514146115e-02 -1.633151369981343580e-04
-8.051618031643510698e-03 -1.518078011752478813e-02 -1.642523846224632313e-04
-7.790305400112164727e-03 -1.531835942641839379e-02 -1.651409607203769311e-04
-7.526620130017777285e-03 -1.545146060029784982e-02 -1.659806019875939760e-04
-7.260638294446591055e-03 -1.558004195227983418e-02 -1.667710596202809543e-04
-6.992436725546968303e-03 -1.570406306513881869e-02 -1.675120993887952402e-04
-6.722092994110065792e-03 -1.582348480602278201e-02 -1.682035017070494288e-04
-6.449685388840906662e-03 -1.593826934087860109e-02 -1.688450616976240745e-04
-6.175292895316499518e-03 -1.604838014855968636e-02 -1.694365892524402669e-04
-5.898995174636849012e-03 -1.615378203462125226e-02 -1.699779090891143465e-04
-5.620872541773263252e-03 -1.625444114479344948e-02 -1.704688608029083726e-04
-5.341005943612466174e-03 -1.635032497811455751e-02 -1.709092989142238712e-04
-5.059476936713259293e-03 -1.644140239973582857e-02 -1.712990929117512646e-04
-4.776367664763796206e-03 -1.652764365336950939e-02 -1.716381272911079916e-04
-4.491760835759448650e-03 -1.660902037339018547e-02 -1.719263015890901071e-04
-4.205739698897495438e-03 -1.668550559657053928e-02 -1.721635304134439047e-04
-3.918388021193426433e-03 -1.675707377344628352e-02 -1.723497434681390487e-04
-3.629790063831113932e-03 -1.682370077931029037e-02 -1.724848855742385986e-04
-3.340030558245534777e-03 -1.688536392481424300e-02 -1.725689166862095841e-04
-3.049194681946096677e-03 -1.694204196618862707e-02 -1.726018119038200908e-04
-2.757368034089099657e-03 -1.699371511505809798e-02 -1.725835614795174730e-04
-2.464636610802448200e-03 -1.704036504785105127e-02 -1.725141708212860124e-04
-2.171086780268096251e-03 -1.708197491480226843e-02 -1.723936604910858298e-04
-1.876805257576170949e-03 -1.711852934852893179e-02 -1.722220661987180893e-04
-1.581879079348033580e-03 -1.715001447218731864e-02 -1.719994387912748173e-04
-1.286395578138815757e-03 -1.717641790719370495e-02 -1.717258442380719340e-04
-9.904423566378373327e-04 -1.719772878050273082e-02 -1.714013636110699179e-04
-6.941072616480080696e-04 -1.721393773144752962e-02 -1.710260930608916872e-04
-3.974783578837066565e-04 -1.722503691811892723e-02 -1.706001437882906542e-04
-1.006439015732304515e-04 -1.723102002329414406e-02 -1.701236420112273542e-04
1.963076861201420412e-04 -1.723188225989776001e-02 -1.695967289274740656e-04
4.932878458451800526e-04 -1.722762037598945042e-02 -1.690195606727386128e-04
7.902079069800044655e-04 -1.721823265928322869e-02 -1.683923082744397039e-04
1.086979114695810645e-03 -1.720371894117681336e-02 -1.677151576009927516e-04
1.383512657171281522e-03 -1.718408060030143444e-02 -1.669883093067550889e-04
1.679719692945854216e-03 -1.715932056557659471e-02 -1.662119787725709790e-04
1.975511378395051944e-03 -1.712944331876493226e-02 -1.653863960419264183e-04
2.270798895326366085e-03 -1.709445489653185421e-02 -1.645118057528102012e-04
2.565493478683227024e-03 -1.705436289199099842e-02 -1.635884670651865957e-04
2.859506444349204073e-03 -1.700917645574626796e-02 -1.626166535842430989e-04
3.152749217037389626e-03 -1.695890629641457967e-02 -1.615966532792923046e-04
3.445133358255809096e-03 -1.690356468062831352e-02 -1.605287683984293900e-04
3.736570594351278085e-03 -1.684316543251944062e-02 -1.594133153790007603e-04
4.026972844595331363e-03 -1.677772393267275633e-02 -1.582506247538013433e-04
4.316252249330343287e-03 -1.670725711655221893e-02 -1.570410410531532437e-04
4.604321198146398356e-03 -1.663178347239615759e-02 -1.557849227028302230e-04
4.891092358075836873e-03 -1.655132303856841902e-02 -1.544826419177823052e-04
5.176478701819905992e-03 -1.646589740038519045e-02 -1.531345845919352723e-04
5.460393535957906545e-03 -1.637552968638730094e-02 -1.517411501837586003e-04
5.742750529161884908e-03 -1.628024456407861989e-02 -1.503027515979323545e-04
6.023463740389707610e-03 -1.618006823512103953e-02 -1.488198150630254673e-04
6.302447647037392499e-03 -1.607502842997071690e-02 -1.472927800050987442e-04
6.579617173064455406e-03 -1.596515440199096011e-02 -1.457220989176318015e-04
6.854887717050867080e-03 -1.585047692098973462e-02 -1.441082372273118199e-04
7.128175180196068619e-03 -1.573102826622778394e-02 -1.424516731561880538e-04
7.399395994238474120e-03 -1.560684221887214361e-02 -1.407528975799615385e-04
7.668467149282276636e-03 -1.547795405389104303e-02 -1.390124138824659682e-04
7.935306221530399537e-03 -1.534440053141989529e-02 -1.372307378066186287e-04
8.199831400893912992e-03 -1.520621988755442924e-02 -1.354083973014712380e-04
8.461961518485664607e-03 -1.506345182461340214e-02 -1.335459323658497513e-04
8.721616073970258481e-03 -1.491613750084714793e-02 -1.316438948883226240e-04
8.978715262765561006e-03 -1.476431951959581053e-02 -1.297028484836115899e-04
9.233180003088880400e-03 -1.460804191791938329e-02 -1.277233683256941870e-04
9.484931962819470250e-03 -1.444735015466227200e-02 -1.257060409772409204e-04
9.733893586185557098e-03 -1.428229109799647283e-02 -1.236514642158843868e-04
9.979988120246528413e-03 -1.411291301242115909e-02 -1.215602468570755066e-04
1.022313964116830336e-02 -1.393926554521995181e-02 -1.194330085736216505e-04
1.046327308028299589e-02 -1.376139971240284386e-02 -1.172703797121611214e-04
1.070031424990264442e-02 -1.357936788410083959e-02 -1.150730011062881848e-04
1.093418986889883870e-02 -1.339322376944997173e-02 -1.128415238867048635e-04
1.116482758802300745e-02 -1.320302240094999198e-02 -1.105766092882893160e-04
1.139215601494925068e-02 -1.300882011830031652e-02 -1.082789284540822480e-04
1.161610473905397463e-02 -1.281067455174143138e-02 -1.059491622365348328e-04
1.183660435588288450e-02 -1.260864460486695732e-02 -1.035880009956456079e-04
1.205358649133004417e-02 -1.240279043695190035e-02 -1.011961443944442619e-04
1.226698382549602610e-02 -1.219317344477903638e-02 -9.877430119168045580e-05
1.247673011621408708e-02 -1.197985624396603020e-02 -9.632318903173539332e-05
1.268276022225438629e-02 -1.176290264983075214e-02 -9.384353423206271089e-05
1.288501012615708707e-02 -1.154237765775147778e-02 -9.133607156788302957e-05
1.308341695672713030e-02 -1.131834742307426603e-02 -8.880154405450524249e-05
1.327791901114626014e-02 -1.109087924055315692e-02 -8.624070272713878237e-05
1.346845577670051711e-02 -1.086004152332502304e-02 -8.365430641831355621e-05
1.365496795213452796e-02 -1.062590378144897402e-02 -8.104312153309617135e-05
1.383739746857882459e-02 -1.038853659998727023e-02 -7.840792182191243286e-05
1.401568751008286720e-02 -1.014801161666724523e-02 -7.574948815130958576e-05
1.418978253372142617e-02 -9.904401499111342710e-03 -7.306860827256942456e-05
1.435962828925929982e-02 -9.657779921646720764e-03 -7.036607658823976175e-05
1.452517183839295047e-02 -9.408221541717335518e-03 -6.764269391679421102e-05
1.468636157352021590e-02 -9.155801975885292585e-03 -6.489926725528935407e-05
1.484314723606425419e-02 -8.900597775452285393e-03 -6.213660954026005196e-05
1.499547993432310232e-02 -8.642686401694724477e-03 -5.935553940680913956e-05
1.514331216083415407e-02 -8.382146200730104454e-03 -5.655688094602549044e-05
1.528659780926989314e-02 -8.119056378029754564e-03 -5.374146346082535352e-05
1.542529219081465938e-02 -7.853496972567201861e-03 -5.091012122016719006e-05
1.555935205005754517e-02 -7.585548830643793448e-03 -4.806369321186069337e-05
1.568873558036532403e-02 -7.315293579374787351e-03 -4.520302289395620852e-05
1.581340243873275569e-02 -7.042813599856515352e-03 -4.232895794480340891e-05
1.593331376012364561e-02 -6.768192000040128622e-03 -3.944235001187652363e-05
1.604843217125401927e-02 -6.491512587290439867e-03 -3.654405445941502639e-05
1.615872180385710677e-02 -6.212859840676881670e-03 -3.363493011492392005e-05
1.626414830739187148e-02 -5.932318882984885522e-03 -3.071583901473750754e-05
1.636467886119471679e-02 -5.649975452464268966e-03 -2.778764614855628109e-05
1.646028218608941440e-02 -5.365915874337886561e-03 -2.485121920310950406e-05
1.655092855540925278e-02 -5.080227032062450444e-03 -2.190742830507955266e-05
1.663658980546996180e-02 -4.792996338374126350e-03 -1.895714576324657069e-05
1.671723934545819856e-02 -4.504311706118965808e-03 -1.600124580998764110e-05
1.679285216673574721e-02 -4.214261518880151915e-03 -1.304060434226318246e-05
1.686340485157985722e-02 -3.922934601424143443e-03 -1.007609866203783398e-05
1.692887558130693609e-02 -3.630420189974005798e-03 -7.108607216310652647e-06
1.698924414382839421e-02 -3.336807902310161712e-03 -4.139009336855016739e-06
1.704449194060165054e-02 -3.042187707740116528e-03 -1.168184979603212321e-06
1.709460199297418298e-02 -2.746649896915404673e-03 1.802985536069501151e-06
1.713955894794958953e-02 -2.450285051539467535e-03 4.773621788214487556e-06
1.717934908332015981e-02 -2.153184013963110877e-03 7.742843513203295940e-06
1.721396031221601036e-02 -1.855437856676786512e-03 1.070977086655131715e-05
1.724338218703762998e-02 -1.557137851735054118e-03 1.367352468366012528e-05
1.726760590277045052e-02 -1.258375440095945742e-03 1.663322674030328550e-05
1.728662429971147829e-02 -9.592422009175770791e-04 1.958800001288978434e-05
1.730043186555424439e-02 -6.598298208048253809e-04 2.253696893832920459e-05
1.730902473688478854e-02 -3.602300630282590020e-04 2.547925967348192011e-05
1.731240070005596321e-02 -6.053473673172812087e-05 2.841400035411218908e-05
1.731055919144092181e-02 2.391643338662078082e-04 3.134032135320644340e-05
1.730350129709712359e-02 5.387753402621477941e-04 3.425735553870538393e-05
1.729122975178941368e-02 8.382065204254106425e-04 3.716423853042675942e-05
1.727374893742551071e-02 1.137366189523865249e-03 4.006010895619982210e-05
1.725106488087379403e-02 1.436162770596834115e-03 4.294410870712509631e-05
1.722318525116559376e-02 1.734504825162080151e-03 4.581538319182208512e-05
1.719011935611410719e-02 2.032301083748344443e-03 4.867308158970837104e-05
1.715187813830188965e-02 2.329460476333138508e-03 5.151635710306849637e-05
1.710847417049006502e-02 2.625892162681255082e-03 5.434436720800111446e-05
1.705992165042173950e-02 2.921505562561123575e-03 5.715627390409454799e-05
1.700623639502315057e-02 3.216210385836543433e-03 5.995124396267879652e-05
1.694743583403663170e-02 3.509916662413644847e-03 6.272844917383156550e-05
1.688353900303762867e-02 3.802534772032033997e-03 6.548706659170966350e-05
1.681456653589271169e-02 4.093975473891834325e-03 6.822627877841718749e-05
1.674054065662996388e-02 4.384149936094275390e-03 7.094527404629464207e-05
1.666148517072872648e-02 4.672969764897461249e-03 7.364324669833270068e-05
1.657742545586435995e-02 4.960347033764358864e-03 7.631939726702874761e-05
1.648838845205912937e-02 5.246194312190031669e-03 7.897293275121001230e-05
1.639440265130132079e-02 5.530424694310475363e-03 8.160306685103253354e-05
1.629549808660297680e-02 5.812951827262055095e-03 8.420902020102590349e-05
1.619170632050483463e-02 6.093689939293517321e-03 8.679002060093396411e-05
1.608306043306586067e-02 6.372553867618225946e-03 8.934530324466812457e-05
1.596959500929138326e-02 6.649459085985011571e-03 9.187411094681868936e-05
1.585134612606021662e-02 6.924321731971534374e-03 9.437569436708514168e-05
1.572835133852296466e-02 7.197058633977979590e-03 9.684931223233008606e-05
1.560064966598714159e-02 7.467587337915336694e-03 9.929423155616523512e-05
1.546828157731689607e-02 7.735826133579420429e-03 1.017097278562536193e-04
1.533128897581255770e-02 8.001694080693864952e-03 1.040950853689014810e-04
1.518971518362776524e-02 8.265111034621524730e-03 1.064495972611947082e-04
1.504360492569505568e-02 8.525997671727313099e-03 1.087725658404591316e-04
1.489300431318169547e-02 8.784275514382499511e-03 1.110633027609480840e-04
1.473796082649959927e-02 9.039866955614594968e-03 1.133211292278939918e-04
1.457852329784104471e-02 9.292695283368266473e-03 1.155453761985779241e-04
1.441474189329113205e-02 9.542684704397239384e-03 1.177353845806195035e-04
1.424666809450069599e-02 9.789760367761508528e-03 1.198905054272796924e-04
1.407435467992748830e-02 1.003384838791559173e-02 1.220101001297181756e-04
1.389785570568350011e-02 1.027487586741169384e-02 1.240935406063070677e-04
1.371722648595499576e-02 1.051277091916331952e-02 1.261402094886511526e-04
1.353252357304611866e-02 1.074746268830423408e-02 1.281495003045930649e-04
1.334380473703147656e-02 1.097888137361431420e-02 1.301208176579140674e-04
1.315112894503157534e-02 1.120695824849930571e-02 1.320535774047090652e-04
1.295455634013994300e-02 1.143162568154805492e-02 1.339472068265752181e-04
1.275414821997805648e-02 1.165281715662211566e-02 1.358011448002530424e-04
1.254996701491931620e-02 1.187046729249495967e-02 1.376148419638783247e-04
1.234207626598833596e-02 1.208451186204227701e-02 1.393877608798707861e-04
1.213054060242189577e-02 1.229488781094907092e-02 1.411193761940773156e-04
1.191542571893645236e-02 1.250153327595600328e-02 1.428091747915075560e-04
1.169679835269121955e-02 1.270438760262944562e-02 1.444566559483877568e-04
1.147472625995929474e-02 1.290339136264197564e-02 1.460613314804594105e-04
1.124927819253629911e-02 1.309848637058354595e-02 1.476227258877655898e-04
1.102052387386493956e-02 1.328961570026579615e-02 1.491403764954272809e-04
1.078853397492246513e-02 1.347672370054610151e-02 1.506138335908184587e-04
1.055338008985610629e-02 1.365975601065161360e-02 1.520426605568167024e-04
1.031513471138871714e-02 1.383865957499875662e-02 1.534264340011243634e-04
1.007387120600942987e-02 1.401338265752362366e-02 1.547647438818312393e-04
9.829663788947007319e-03 1.418387485549293427e-02 1.560571936288395248e-04
9.582587498950540655e-03 1.435008711281108261e-02 1.573034002613662552e-04
9.332718172888904845e-03 1.451197173283177815e-02 1.585029945015228349e-04
9.080132420162988910e-03 1.466948239063674796e-02 1.596556208836315380e-04
8.824907596966320017e-03 1.482257414481855627e-02 1.607609378596172773e-04
8.567121780386939556e-03 1.497120344874579637e-02 1.618186179002250875e-04
8.306853742366610352e-03 1.511532816130450006e-02 1.628283475919956936e-04
8.044182923540567354e-03 1.525490755714627514e-02 1.637898277302651752e-04
7.779189406941676259e-03 1.538990233639253406e-02 1.647027734077007261e-04
7.511953891611868571e-03 1.552027463384698415e-02 1.655669140987954297e-04
7.242557666109122883e-03 1.564598802768218944e-02 1.663819937400314302e-04
6.971082581927699577e-03 1.576700754760570686e-02 1.671477708056803282e-04
6.697611026849236392e-03 1.588329968253214888e-02 1.678640183795106862e-04
6.422225898222821798e-03 1.599483238771415294e-02 1.685305242218902223e-04
6.145010576193812510e-03 1.610157509138438955e-02 1.691470908327519359e-04
5.866048896893103631e-03 1.620349870087747085e-02 1.697135355101224040e-04
5.585425125586753435e-03 1.630057560823490459e-02 1.702296904041789623e-04
5.303223929806129798e-03 1.639277969532637602e-02 1.706954025671272889e-04
5.019530352470190533e-03 1.648008633843564899e-02 1.711105339983827640e-04
4.734429784998816018e-03 1.656247241236772846e-02 1.714749616855427419e-04
4.448007940438103609e-03 1.663991629404748540e-02 1.717885776408385929e-04
4.160350826599201572e-03 1.671239786561178747e-02 1.720512889330536672e-04
3.871544719231498344e-03 1.677989851703098542e-02 1.722630177152035180e-04
3.581676135227199447e-03 1.684240114821033280e-02 1.724237012474597302e-04
3.290831805870579607e-03 1.689989017062579896e-02 1.725332919158239478e-04
2.999098650150060913e-03 1.695235150846787289e-02 1.725917572462369761e-04
2.706563748127526012e-03 1.699977259929710827e-02 1.725990799141173754e-04
2.413314314384434455e-03 1.704214239424500787e-02 1.725552577496429355e-04
2.119437671551160224e-03 1.707945135771541181e-02 1.724603037382454779e-04
1.825021223925566913e-03 1.711169146663867741e-02 1.723142460168482681e-04
1.530152431190714762e-03 1.713885620925557907e-02 1.721171278655266577e-04
1.234918782239427526e-03 1.716094058343366549e-02 1.718690076946016059e-04
9.394077691183074126e-04 1.717794109455204540e-02 1.715699590274766240e-04
6.437068610904815450e-04 1.718985575290833331e-02 1.712200704787049887e-04
3.479034788338003482e-04 1.719668407070418584e-02 1.708194457278135506e-04
5.208496877228298018e-05 1.719842705858340079e-02 1.703682034885848208e-04
-2.436614224416474694e-04 1.719508722172838344e-02 1.698664774737905026e-04
-5.392485732920368740e-04 1.718666855555094075e-02 1.693144163557171818e-04
-8.345895126078515126e-04 1.717317654093152360e-02 1.687121837219706408e-04
-1.129597444600965398e-03 1.715461813906411087e-02 1.680599580270765859e-04
-1.424185773732547554e-03 1.713100178588122455e-02 1.673579325396032402e-04
-1.718268129399218129e-03 1.710233738606576140e-02 1.666063152848137158e-04
-2.011758390434531703e-03 1.706863630668533499e-02 1.658053289831636166e-04
-2.304570709414447902e-03 1.702991137040395925e-02 1.649552109841595819e-04
-2.596619536773277833e-03 1.698617684832968641e-02 1.640562131961109823e-04
-2.887819644705233446e-03 1.693744845247110650e-02 1.631086020114868554e-04
-3.178086150869472836e-03 1.688374332781180168e-02 1.621126582278893311e-04
-3.467334541872835532e-03 1.682508004403684976e-02 1.610686769649981613e-04
-3.755480696534006096e-03 1.676147858686882069e-02 1.599769675769721719e-04
-4.042440908932591961e-03 1.669296034906877363e-02 1.588378535608612303e-04
-4.328131911219980366e-03 1.661954812107988011e-02 1.576516724607556711e-04
-4.612470896202492884e-03 1.654126608131782986e-02 1.564187757676747817e-04
-4.895375539687499972e-03 1.645813978614665135e-02 1.551395288155557638e-04
-5.176764022590071672e-03 1.637019615949568754e-02 1.538143106728581818e-04
-5.456555052792477940e-03 1.627746348217183614e-02 1.524435140303232611e-04
-5.734667886753828936e-03 1.617997138084837500e-02 1.510275450845935939e-04
-6.011022350874566794e-03 1.607775081673083056e-02 1.495668234177896928e-04
-6.285538862602681361e-03 1.597083407394104745e-02 1.480617818733071509e-04
-6.558138451275468198e-03 1.585925474757403711e-02 1.465128664274179123e-04
-6.828742778711628658e-03 1.574304773148249223e-02 1.449205360571951759e-04
-7.097274159532859783e-03 1.562224920576711987e-02 1.432852626045125655e-04
-7.363655581215626175e-03 1.549689662398084228e-02 1.416075306361476536e-04
-7.627810723886722759e-03 1.536702870007685719e-02 1.398878373003292471e-04
-7.889663979831332274e-03 1.523268539506461572e-02 1.381266921792891989e-04
-8.149140472741258495e-03 1.509390790342301537e-02 1.363246171383358004e-04
-8.406166076682139443e-03 1.495073863925212507e-02 1.344821461712089302e-04
-8.660667434780063012e-03 1.480322122216802191e-02 1.325998252417894094e-04
-8.912571977642365709e-03 1.465140046296923952e-02 1.306782121224302011e-04
-9.161807941481272394e-03 1.449532234905011492e-02 1.287178762285429916e-04
-9.408304385968721539e-03 1.433503402959075690e-02 1.267193984499683770e-04
-9.651991211805429488e-03 1.417058380052234161e-02 1.246833709788172716e-04
-9.892799177999381591e-03 1.400202108926180272e-02 1.226103971339412312e-04
-1.013065991887276106e-02 1.382939643924778472e-02 1.205010911822570070e-04
-1.036550596076881228e-02 1.365276149425247686e-02 1.183560781566203525e-04
-1.059727073848154219e-02 1.347216898249782753e-02 1.161759936706959558e-04
-1.082588861139592747e-02 1.328767270057411125e-02 1.139614837305740044e-04
-1.105129487933680099e-02 1.309932749715614526e-02 1.117132045433134315e-04
-1.127342579813935160e-02 1.290718925655113050e-02 1.094318223225929028e-04
-1.149221859491737947e-02 1.271131488203882526e-02 1.071180130911792230e-04
-1.170761148305433409e-02 1.251176227905463102e-02 1.047724624806884358e-04
-1.191954367690256471e-02 1.230859033819384739e-02 1.023958655284004952e-04
-1.212795540618644488e-02 1.210185891803715851e-02 9.998892647126234382e-05
-1.233278793013096834e-02 1.189162882783683685e-02 9.755235853727474307e-05
-1.253398355128757836e-02 1.167796181001970468e-02 9.508688373410438641e-05
-1.273148562907735690e-02 1.146092052255115457e-02 9.259323263513696996e-05
-1.292523859304889333e-02 1.124056852114804425e-02 9.007214416301843787e-05
-1.311518795583737317e-02 1.101697024133812056e-02 8.752436537066185084e-05
-1.330128032585271326e-02 1.079019098039487104e-02 8.495065121991728400e-05
-1.348346341965995371e-02 1.056029687911594871e-02 8.235176435783583945e-05
-1.366168607408916116e-02 1.032735490348520545e-02 7.972847489067031910e-05
-1.383589825805128966e-02 1.009143282620020288e-02 7.708156015572442015e-05
-1.400605108406117669e-02 9.852599208068055919e-03 7.441180449093686973e-05
-1.417209681949642246e-02 9.610923379297375141e-03 7.171999900254515277e-05
-1.433398889754218357e-02 9.366475420654871153e-03 6.900694133060874028e-05
-1.449168192787233210e-02 9.119326144516595387e-03 6.627343541265743384e-05
-1.464513170704256732e-02 8.869547075812592510e-03 6.352029124550201454e-05
-1.479429522858683767e-02 8.617210432853681865e-03 6.074832464516262214e-05
-1.493913069285358712e-02 8.362389108067670718e-03 5.795835700517940959e-05
-1.507959751653613518e-02 8.105156648622173846e-03 5.515121505317290235e-05
-1.521565634193645065e-02 7.845587236960396837e-03 5.232773060587989485e-05
-1.534726904594315225e-02 7.583755671238348074e-03 4.948874032269299887e-05
-1.547439874872125372e-02 7.319737345664436082e-03 4.663508545768432149e-05
-1.559700982213937416e-02 7.053608230768549509e-03 4.376761161038926967e-05
-1.571506789789410205e-02 6.785444853560881548e-03 4.088716847519511545e-05
-1.582853987537293644e-02 6.515324277626814188e-03 3.799460958956484344e-05
-1.593739392923183146e-02 6.243324083136271054e-03 3.509079208111679220e-05
-1.604159951668609682e-02 5.969522346765446762e-03 3.217657641365612978e-05
-1.614112738454375265e-02 5.693997621561737964e-03 2.925282613218281854e-05
-1.623594957593502836e-02 5.416828916715844995e-03 2.632040760698630240e-05
-1.632603943678331143e-02 5.138095677276319738e-03 2.338018977698887917e-05
-1.641137162199366242e-02 4.857877763794254435e-03 2.043304389216669804e-05
-1.649192210135332765e-02 4.576255431892170891e-03 1.747984325545768559e-05
-1.656766816517870819e-02 4.293309311783691240e-03 1.452146296394839422e-05
-1.663858842965780169e-02 4.009120387719710202e-03 1.155877964955872449e-05
-1.670466284193508968e-02 3.723769977380417522e-03 8.592671219311228501e-06
-1.676587268491423061e-02 3.437339711209695062e-03 5.624016595131214741e-06
-1.682220058177411395e-02 3.149911511689328526e-03 2.653695453451132734e-06
-1.687363050023039240e-02 2.861567572567475827e-03 -3.174120354542836798e-07
-1.692014775649062011e-02 2.572390338031952609e-03 -3.288425468326065959e-06
-1.696173901895493483e-02 2.282462481830362360e-03 -6.258464469765901648e-06
-1.699839231163032677e-02 1.991866886347330289e-03 -9.226648953108518379e-06
-1.703009701725772401e-02 1.700686621638857442e-03 -1.219209938124101041e-05
-1.705684388018422967e-02 1.409004924413345943e-03 -1.515393702720210422e-05
-1.707862500892570398e-02 1.116905176983848651e-03 -1.811128423457045373e-05
-1.709543387847328039e-02 8.244708861690747516e-04 -2.106326467754581879e-05
-1.710726533231076915e-02 5.317856621629031815e-04 -2.400900362061990701e-05
-1.711411558414246623e-02 2.389331973690484703e-04 -2.694762817775588391e-05
-1.711598221936203729e-02 -5.400275480173488381e-05 -2.987826757109333803e-05
-1.711286419620940136e-02 -3.469384011642180870e-04 -3.280005338892267501e-05
-1.710476184666686814e-02 -6.397899300200501037e-04 -3.571211984304382709e-05
-1.709167687706240196e-02 -9.324735324467268603e-04 -3.861360402533043561e-05
-1.707361236837884669e-02 -1.224905423617634985e-03 -4.150364616339458611e-05
-1.705057277629943441e-02 -1.517001864132252326e-03 -4.438138987537485760e-05
-1.702256393093608267e-02 -1.808679181383425092e-03 -4.724598242370806441e-05
-1.698959303629233447e-02 -2.099853790931829629e-03 -5.009657496779784940e-05
-1.695166866942623973e-02 -2.390442217901029252e-03 -5.293232281554987939e-05
-1.690880077931574549e-02 -2.680361118388295289e-03 -5.575238567368364712e-05
-1.686100068545011432e-02 -2.969527300884285386e-03 -5.855592789670150246e-05
-1.680828107610471758e-02 -3.257857747703626732e-03 -6.134211873454225488e-05
-1.675065600633679139e-02 -3.545269636425105089e-03 -6.411013257874046084e-05
-1.668814089567057651e-02 -3.831680361325642652e-03 -6.685914920703871049e-05
-1.662075252549735996e-02 -4.117007554831351654e-03 -6.958835402647919205e-05
-1.654850903617377869e-02 -4.401169108957989247e-03 -7.229693831480328418e-05
-1.647142992379502235e-02 -4.684083196740830568e-03 -7.498409945999315112e-05
-1.638953603669969505e-02 -4.965668293677217432e-03 -7.764904119821897782e-05
-1.630284957165362147e-02 -5.245843199140120226e-03 -8.029097384975560287e-05
-1.621139406970725089e-02 -5.524527057784652494e-03 -8.290911455290209163e-05
-1.611519441178394657e-02 -5.801639380944884072e-03 -8.550268749608128636e-05
-1.601427681393035110e-02 -6.077100068003166676e-03 -8.807092414766066145e-05
-1.590866882225828310e-02 -6.350829427737203839e-03 -9.061306348369595578e-05
-1.579839930757902244e-02 -6.622748199644156591e-03 -9.312835221342537011e-05
-1.568349845972085571e-02 -6.892777575232634200e-03 -9.561604500250388066e-05
-1.556399778153674807e-02 -7.160839219284859808e-03 -9.807540469391261653e-05
-1.543993008256589264e-02 -7.426855291068181278e-03 -1.005057025262581831e-04
-1.531132947241179050e-02 -7.690748465523286441e-03 -1.029062183498375804e-04
-1.517823135378090424e-02 -7.952441954398791965e-03 -1.052762408400500919e-04
-1.504067241517916161e-02 -8.211859527323587746e-03 -1.076150677080393354e-04
-1.489869062332193142e-02 -8.468925532851766594e-03 -1.099220059089404332e-04
-1.475232521518821636e-02 -8.723564919424834502e-03 -1.121963718471822988e-04
-1.460161668975140659e-02 -8.975703256283986894e-03 -1.144374915790592940e-04
-1.444660679938433896e-02 -9.225266754310070330e-03 -1.166447010124129163e-04
-1.428733854093244132e-02 -9.472182286791504605e-03 -1.188173461034410433e-04
-1.412385614645859759e-02 -9.716377410124474312e-03 -1.209547830505626318e-04
-1.395620507363116644e-02 -9.957780384408962404e-03 -1.230563784850255968e-04
-1.378443199580673198e-02 -1.019632019398184798e-02 -1.251215096587603008e-04
-1.360858479176252529e-02 -1.043192656784953931e-02 -1.271495646288719084e-04
-1.342871253507519833e-02 -1.066453000000710388e-02 -1.291399424388480562e-04
-1.324486548318905450e-02 -1.089406176968133778e-02 -1.310920532968090754e-04
-1.305709506612674070e-02 -1.112045396144858457e-02 -1.330053187501857831e-04
-1.286545387485752388e-02 -1.134363948523689145e-02 -1.348791718571392990e-04
-1.266999564932792116e-02 -1.156355209621431381e-02 -1.367130573545333172e-04
-1.247077526615304223e-02 -1.178012641455022935e-02 -1.385064318225030127e-04
-1.226784872596410440e-02 -1.199329794504838155e-02 -1.402587638455436584e-04
-1.206127314039330545e-02 -1.220300309662442247e-02 -1.419695341698083571e-04
-1.185110671874655200e-02 -1.240917920166152884e-02 -1.436382358571301277e-04
-1.163740875430954551e-02 -1.261176453520805943e-02 -1.452643744352328571e-04
-1.142023961030408895e-02 -1.281069833400169493e-02 -1.468474680441087584e-04
-1.119966070552452786e-02 -1.300592081535640113e-02 -1.483870475789661990e-04
-1.097573449960438305e-02 -1.319737319586182164e-02 -1.498826568291843032e-04
-1.074852447795348991e-02 -1.338499770990975168e-02 -1.513338526134602713e-04
-1.051809513634067474e-02 -1.356873762803454536e-02 -1.527402049111464865e-04
-1.028451196514144558e-02 -1.374853727506649553e-02 -1.541012969896931131e-04
-1.004784143324543265e-02 -1.392434204809610623e-02 -1.554167255282016896e-04
-9.808150971600685178e-03 -1.409609843420452611e-02 -1.566861007367478385e-04
-9.565508956445572392e-03 -1.426375402801556211e-02 -1.579090464720639582e-04
-9.319984692185570921e-03 -1.442725754901695405e-02 -1.590852003489965337e-04
-9.071648393924231640e-03 -1.458655885863648777e-02 -1.602142138476979805e-04
-8.820571169674919221e-03 -1.474160897711716475e-02 -1.612957524171246108e-04
-8.566825002227856922e-03 -1.489236010013052745e-02 -1.623294955740738944e-04
-8.310482730681415658e-03 -1.503876561514190871e-02 -1.633151369981390201e-04
-8.051618031644013768e-03 -1.518078011752551325e-02 -1.642523846224725284e-04
-7.790305400111344203e-03 -1.531835942641708234e-02 -1.651409607203632160e-04
-7.526620130017916063e-03 -1.545146060029815166e-02 -1.659806019875988549e-04
-7.260638294447144432e-03 -1.558004195228098604e-02 -1.667710596202897906e-04
-6.992436725546492989e-03 -1.570406306513747602e-02 -1.675120993887824195e-04
-6.722092994110601821e-03 -1.582348480602362856e-02 -1.682035017070598372e-04
-6.449685388840939622e-03 -1.593826934087904518e-02 -1.688450616976272729e-04
-6.175292895316209819e-03 -1.604838014855854145e-02 -1.694365892524303193e-04
-5.898995174636466506e-03 -1.615378203462089837e-02 -1.699779090891093049e-04
-5.620872541773144423e-03 -1.625444114479390745e-02 -1.704688608029134413e-04
-5.341005943613238993e-03 -1.635032497811545957e-02 -1.709092989142336832e-04
-5.059476936712757091e-03 -1.644140239973443732e-02 -1.712990929117355165e-04
-4.776367664763855186e-03 -1.652764365337002286e-02 -1.716381272911136836e-04
-4.491760835759763502e-03 -1.660902037339108753e-02 -1.719263015890995126e-04
-4.205739698897223953e-03 -1.668550559656920007e-02 -1.721635304134304335e-04
-3.918388021193740418e-03 -1.675707377344731047e-02 -1.723497434681495655e-04
-3.629790063831232327e-03 -1.682370077931054711e-02 -1.724848855742415802e-04
-3.340030558245517429e-03 -1.688536392481331666e-02 -1.725689166861999618e-04
-3.049194681945875500e-03 -1.694204196618808930e-02 -1.726018119038144529e-04
-2.757368034089414943e-03 -1.699371511505858717e-02 -1.725835614795227584e-04
-2.464636610802431287e-03 -1.704036504785208170e-02 -1.725141708212965020e-04
-2.171086780267636983e-03 -1.708197491480073493e-02 -1.723936604910702986e-04
-1.876805257576630000e-03 -1.711852934852946262e-02 -1.722220661987235103e-04
-1.581879079348084754e-03 -1.715001447218825192e-02 -1.719994387912841414e-04
-1.286395578138815757e-03 -1.717641790719237962e-02 -1.717258442380588423e-04
-9.904423566378373327e-04 -1.719772878050377166e-02 -1.714013636110801365e-04
-6.941072616480080696e-04 -1.721393773144791819e-02 -1.710260930608959156e-04
-3.974783578837066565e-04 -1.722503691811773027e-02 -1.706001437882782672e-04
-1.006439015732304515e-04 -1.723102002329415447e-02 -1.701236420112278963e-04
1.963076861201420412e-04 -1.723188225989675387e-02 -1.695967289274646331e-04
4.932878458451630307e-04 -1.722762037599026921e-02 -1.690195606727459311e-04
7.902079069798344626e-04 -1.721823265928383931e-02 -1.683923082744457754e-04
1.086979114695793731e-03 -1.720371894117526598e-02 -1.677151576009776541e-04
1.383512657171290195e-03 -1.718408060030235385e-02 -1.669883093067641962e-04
1.679719692945930544e-03 -1.715932056557739963e-02 -1.662119787725791918e-04
1.975511378394949596e-03 -1.712944331876382204e-02 -1.653863960419154949e-04
2.270798895326111080e-03 -1.709445489653245789e-02 -1.645118057528158933e-04
2.565493478683294679e-03 -1.705436289199130720e-02 -1.635884670651894688e-04
2.859506444349271728e-03 -1.700917645574567469e-02 -1.626166535842380574e-04
3.152749217037168449e-03 -1.695890629641397251e-02 -1.615966532792856639e-04
3.445133358256047187e-03 -1.690356468062894843e-02 -1.605287683984353531e-04
3.736570594351329693e-03 -1.684316543252011023e-02 -1.594133153790064524e-04
4.026972844594804007e-03 -1.677772393267115691e-02 -1.582506247537876823e-04
4.316252249330853295e-03 -1.670725711655329099e-02 -1.570410410531647633e-04
4.604321198146168505e-03 -1.663178347239657739e-02 -1.557849227028316325e-04
4.891092358075548041e-03 -1.655132303856734002e-02 -1.544826419177740653e-04
5.176478701820618963e-03 -1.646589740038615149e-02 -1.531345845919442712e-04
5.460393535957787717e-03 -1.637552968638760625e-02 -1.517411501837624764e-04
5.742750529161570923e-03 -1.628024456407831805e-02 -1.503027515979297524e-04
6.023463740389274797e-03 -1.618006823511959624e-02 -1.488198150630100987e-04
6.302447647037548624e-03 -1.607502842997151488e-02 -1.472927800051081768e-04
6.579617173064711277e-03 -1.596515440199189340e-02 -1.457220989176391198e-04
6.854887717050358806e-03 -1.585047692098844746e-02 -1.441082372273003816e-04
7.128175180196556944e-03 -1.573102826622883171e-02 -1.424516731561972695e-04
7.399395994238445497e-03 -1.560684221887224249e-02 -1.407528975799613488e-04
7.668467149281856833e-03 -1.547795405389011843e-02 -1.390124138824603574e-04
7.935306221530540050e-03 -1.534440053142071755e-02 -1.372307378066230468e-04
8.199831400894421266e-03 -1.520621988755515609e-02 -1.354083973014777161e-04
8.461961518485166742e-03 -1.506345182461245151e-02 -1.335459323658414843e-04
8.721616073970261951e-03 -1.491613750084709936e-02 -1.316438948883227324e-04
8.978715262766097036e-03 -1.476431951959672820e-02 -1.297028484836208057e-04
9.233180003088321819e-03 -1.460804191791884032e-02 -1.277233683256873565e-04
9.484931962819222184e-03 -1.444735015466146535e-02 -1.257060409772360143e-04
9.733893586185796490e-03 -1.428229109799736447e-02 -1.236514642158919491e-04
9.979988120246549230e-03 -1.411291301242117817e-02 -1.215602468570760759e-04
1.022313964116786274e-02 -1.393926554521921109e-02 -1.194330085736136139e-04
1.046327308028321447e-02 -1.376139971240349612e-02 -1.172703797121660952e-04
1.070031424990313187e-02 -1.357936788410132878e-02 -1.150730011062935652e-04
1.093418986889840849e-02 -1.339322376944914600e-02 -1.128415238867007300e-04
1.116482758802291725e-02 -1.320302240095015157e-02 -1.105766092882893702e-04
1.139215601495002783e-02 -1.300882011830106939e-02 -1.082789284540872082e-04
1.161610473905339350e-02 -1.281067455174074096e-02 -1.059491622365315937e-04
1.183660435588217152e-02 -1.260864460486649588e-02 -1.035880009956414202e-04
1.205358649133068775e-02 -1.240279043695263241e-02 -1.011961443944516887e-04
1.226698382549598100e-02 -1.219317344477877096e-02 -9.877430119167984594e-05
1.247673011621339666e-02 -1.197985624396555662e-02 -9.632318903172869837e-05
1.268276022225476446e-02 -1.176290264983141133e-02 -9.384353423206880953e-05
1.288501012615774974e-02 -1.154237765775177962e-02 -9.133607156788521152e-05
1.308341695672662723e-02 -1.131834742307369877e-02 -8.880154405450078371e-05
1.327791901114611615e-02 -1.109087924055319856e-02 -8.624070272713857909e-05
1.346845577670124916e-02 -1.086004152332597367e-02 -8.365430641831602277e-05
1.365496795213392775e-02 -1.062590378144833737e-02 -8.104312153309404360e-05
1.383739746857799886e-02 -1.038853659998667869e-02 -7.840792182190896341e-05
1.401568751008364089e-02 -1.014801161666791310e-02 -7.574948815131687702e-05
1.418978253372153893e-02 -9.904401499111446794e-03 -7.306860827257335479e-05
1.435962828925839430e-02 -9.657779921646240245e-03 -7.036607658823217234e-05
1.452517183839352292e-02 -9.408221541717569705e-03 -6.764269391679395352e-05
1.468636157352095316e-02 -9.155801975885976066e-03 -6.489926725529432784e-05
1.484314723606347357e-02 -8.900597775451763241e-03 -6.213660954025736856e-05
1.499547993432306416e-02 -8.642686401694747028e-03 -5.935553940681047449e-05
1.514331216083498501e-02 -8.382146200730834773e-03 -5.655688094602880404e-05
1.528659780926932589e-02 -8.119056378029041593e-03 -5.374146346082416768e-05
1.542529219081384927e-02 -7.853496972566886142e-03 -5.091012122016511652e-05
1.555935205005822691e-02 -7.585548830644345090e-03 -4.806369321186127613e-05
1.568873558036534138e-02 -7.315293579374676329e-03 -4.520302289395727239e-05
1.581340243873202017e-02 -7.042813599856106825e-03 -4.232895794480056288e-05
1.593331376012430134e-02 -6.768192000040416587e-03 -3.944235001187950518e-05
1.604843217125474786e-02 -6.491512587290765995e-03 -3.654405445941502639e-05
1.615872180385616308e-02 -6.212859840676524317e-03 -3.363493011492106724e-05
1.626414830739188536e-02 -5.932318882985209048e-03 -3.071583901474208829e-05
1.636467886119561538e-02 -5.649975452464515296e-03 -2.778764614855893739e-05
1.646028218608861990e-02 -5.365915874337477166e-03 -2.485121920310518758e-05
1.655092855540862828e-02 -5.080227032062365443e-03 -2.190742830507988470e-05
1.663658980547081181e-02 -4.792996338374567837e-03 -1.895714576324823426e-05
1.671723934545819162e-02 -4.504311706119203465e-03 -1.600124580999036177e-05
1.679285216673484515e-02 -4.214261518879608946e-03 -1.304060434226258784e-05
1.686340485158049907e-02 -3.922934601424348140e-03 -1.007609866203584176e-05
1.692887558130770284e-02 -3.630420189974134168e-03 -7.108607216311182889e-06
1.698924414382752338e-02 -3.336807902310315235e-03 -4.139009336855945934e-06
1.704449194060166095e-02 -3.042187707739913132e-03 -1.168184979605071770e-06
1.709460199297509198e-02 -2.746649896915736872e-03 1.802985536071294320e-06
1.713955894794879850e-02 -2.450285051539586364e-03 4.773621788214686608e-06
1.717934908331938612e-02 -2.153184013962320710e-03 7.742843513203295940e-06
1.721396031221696793e-02 -1.855437856677169019e-03 1.070977086655125108e-05
1.724338218703760917e-02 -1.557137851735504496e-03 1.367352468365939514e-05
1.726760590276953458e-02 -1.258375440095826914e-03 1.663322674030248590e-05
1.728662429971224504e-02 -9.592422009176366018e-04 1.958800001288938454e-05
1.730043186555499726e-02 -6.598298208047404878e-04 2.253696893833212177e-05
1.730902473688385526e-02 -3.602300630281825657e-04 2.547925967347885724e-05
1.731240070005595974e-02 -6.053473673188961956e-05 2.841400035411146063e-05
1.731055919144185509e-02 2.391643338662162921e-04 3.134032135320883542e-05
1.730350129709635337e-02 5.387753402623772113e-04 3.425735553870352723e-05
1.729122975178867816e-02 8.382065204251639865e-04 3.716423853042523476e-05
1.727374893742641623e-02 1.137366189523703920e-03 4.006010895619962559e-05
1.725106488087384607e-02 1.436162770597131403e-03 4.294410870712416796e-05
1.722318525116462579e-02 1.734504825161850517e-03 4.581538319181963212e-05
1.719011935611486006e-02 2.032301083748251202e-03 4.867308158971102734e-05
1.715187813830267374e-02 2.329460476333282924e-03 5.151635710307109846e-05
1.710847417048913174e-02 2.625892162681119340e-03 5.434436720799813968e-05
1.705992165042175684e-02 2.921505562561276664e-03 5.715627390409502232e-05
1.700623639502404569e-02 3.216210385836526520e-03 5.995124396267999592e-05
1.694743583403590659e-02 3.509916662413313515e-03 6.272844917382924801e-05
1.688353900303695559e-02 3.802534772032084738e-03 6.548706659170535379e-05
1.681456653589364844e-02 4.093975473891868153e-03 6.822627877842202574e-05
1.674054065662980775e-02 4.384149936094496568e-03 7.094527404629457430e-05
1.666148517072789381e-02 4.672969764897138591e-03 7.364324669832732033e-05
1.657742545586514751e-02 4.960347033764273862e-03 7.631939726703419573e-05
1.648838845205986142e-02 5.246194312190278000e-03 7.897293275121106940e-05
1.639440265130047078e-02 5.530424694309668716e-03 8.160306685103046001e-05
1.629549808660292476e-02 5.812951827262124484e-03 8.420902020102468376e-05
1.619170632050574710e-02 6.093689939294192996e-03 8.679002060093682369e-05
1.608306043306511821e-02 6.372553867618119261e-03 8.934530324466446538e-05
1.596959500929083162e-02 6.649459085984560543e-03 9.187411094681259072e-05
1.585134612606095908e-02 6.924321731971804991e-03 9.437569436709317833e-05
1.572835133852291262e-02 7.197058633978175614e-03 9.684931223233066882e-05
1.560064966598651709e-02 7.467587337914906483e-03 9.929423155615653440e-05
1.546828157731734536e-02 7.735826133579574819e-03 1.017097278562583898e-04
1.533128897581341812e-02 8.001694080694137304e-03 1.040950853689052622e-04
1.518971518362686839e-02 8.265111034621141356e-03 1.064495972611881081e-04
1.504360492569499150e-02 8.525997671727470958e-03 1.087725658404621132e-04
1.489300431318277967e-02 8.784275514383153502e-03 1.110633027609520007e-04
1.473796082649867466e-02 9.039866955613803934e-03 1.133211292278900074e-04
1.457852329784040807e-02 9.292695283367706158e-03 1.155453761985738583e-04
1.441474189329204798e-02 9.542684704397867354e-03 1.177353845806224851e-04
1.424666809450070813e-02 9.789760367761180665e-03 1.198905054272800448e-04
1.407435467992669900e-02 1.003384838791542000e-02 1.220101001297124428e-04
1.389785570568410206e-02 1.027487586741209283e-02 1.240935406063119737e-04
1.371722648595590476e-02 1.051277091916364391e-02 1.261402094886564652e-04
1.353252357304535539e-02 1.074746268830375009e-02 1.281495003045856923e-04
1.334380473703141758e-02 1.097888137361422052e-02 1.301208176579140945e-04
1.315112894503221372e-02 1.120695824849966653e-02 1.320535774047138899e-04
1.295455634013948157e-02 1.143162568154785022e-02 1.339472068265724805e-04
1.275414821997701911e-02 1.165281715662101585e-02 1.358011448002413601e-04
1.254996701491995804e-02 1.187046729249552172e-02 1.376148419638858328e-04
1.234207626598898822e-02 1.208451186204301600e-02 1.393877608798778334e-04
1.213054060242106137e-02 1.229488781094796764e-02 1.411193761940650912e-04
1.191542571893712023e-02 1.250153327595677176e-02 1.428091747915158501e-04
1.169679835269125077e-02 1.270438760262947858e-02 1.444566559483880820e-04
1.147472625995885065e-02 1.290339136264109787e-02 1.460613314804501677e-04
1.124927819253649861e-02 1.309848637058446882e-02 1.476227258877721763e-04
1.102052387386529865e-02 1.328961570026630616e-02 1.491403764954336234e-04
1.078853397492237666e-02 1.347672370054547528e-02 1.506138335908146911e-04
1.055338008985538464e-02 1.365975601065044093e-02 1.520426605568030414e-04
1.031513471138918378e-02 1.383865957499946439e-02 1.534264340011297302e-04
1.007387120601010121e-02 1.401338265752455695e-02 1.547647438818410242e-04
9.829663788945760053e-03 1.418387485549114230e-02 1.560571936288208765e-04
9.582587498951196381e-03 1.435008711281192569e-02 1.573034002613766093e-04
9.332718172889210156e-03 1.451197173283239397e-02 1.585029945015304514e-04
9.080132420162425125e-03 1.466948239063571406e-02 1.596556208836183920e-04
8.824907596967072887e-03 1.482257414481933690e-02 1.607609378596289054e-04
8.567121780386740063e-03 1.497120344874553789e-02 1.618186179002228920e-04
8.306853742366662394e-03 1.511532816130426414e-02 1.628283475919923597e-04
8.044182923540121530e-03 1.525490755714559339e-02 1.637898277302569895e-04
7.779189406941778608e-03 1.538990233639312040e-02 1.647027734077064181e-04
7.511953891612446234e-03 1.552027463384787927e-02 1.655669140988078438e-04
7.242557666108557363e-03 1.564598802768022573e-02 1.663819937400088788e-04
6.971082581928167085e-03 1.576700754760694545e-02 1.671477708056912515e-04
6.697611026849457569e-03 1.588329968253269012e-02 1.678640183795190345e-04
6.422225898222073265e-03 1.599483238771283455e-02 1.685305242218772660e-04
6.145010576194543696e-03 1.610157509138573570e-02 1.691470908327632929e-04
5.866048896893614507e-03 1.620349870087709615e-02 1.697135355101193411e-04
5.585425125586021382e-03 1.630057560823459234e-02 1.702296904041758995e-04
5.303223929805900815e-03 1.639277969532569948e-02 1.706954025671199434e-04
5.019530352470377016e-03 1.648008633843597859e-02 1.711105339983877514e-04
4.734429784999122197e-03 1.656247241236894624e-02 1.714749616855552102e-04
4.448007940437669928e-03 1.663991629404541067e-02 1.717885776408166107e-04
4.160350826599584946e-03 1.671239786561284912e-02 1.720512889330653766e-04
3.871544719231600259e-03 1.677989851703174176e-02 1.722630177152111616e-04
3.581676135226979137e-03 1.684240114820904216e-02 1.724237012474460963e-04
3.290831805870834178e-03 1.689989017062701673e-02 1.725332919158366330e-04
2.999098650150324157e-03 1.695235150846755023e-02 1.725917572462335608e-04
2.706563748127330422e-03 1.699977259929673704e-02 1.725990799141140144e-04
2.413314314383967381e-03 1.704214239424427235e-02 1.725552577496354003e-04
2.119437671551738320e-03 1.707945135771592182e-02 1.724603037382506279e-04
1.825021223925940963e-03 1.711169146663992641e-02 1.723142460168607636e-04
1.530152431190460191e-03 1.713885620925340372e-02 1.721171278655050008e-04
1.234918782239062367e-03 1.716094058343480694e-02 1.718690076946136677e-04
9.394077691183074126e-04 1.717794109455279480e-02 1.715699590274840508e-04
6.437068610908385728e-04 1.718985575290700452e-02 1.712200704786912193e-04
3.479034788340128518e-04 1.719668407070543831e-02 1.708194457278263713e-04
5.208496877235948419e-05 1.719842705858308160e-02 1.703682034885817579e-04
-2.436614224418854246e-04 1.719508722172803997e-02 1.698664774737868976e-04
-5.392485732919773513e-04 1.718666855555019482e-02 1.693144163557102700e-04
-8.345895126078769913e-04 1.717317654093204748e-02 1.687121837219757907e-04
-1.129597444601254446e-03 1.715461813906533212e-02 1.680599580270888916e-04
-1.424185773732079613e-03 1.713100178587908390e-02 1.673579325395819356e-04
-1.718268129399251956e-03 1.710233738606693754e-02 1.666063152848253168e-04
-2.011758390434540376e-03 1.706863630668607745e-02 1.658053289831711247e-04
-2.304570709414430988e-03 1.702991137040266514e-02 1.649552109841460293e-04
-2.596619536773126045e-03 1.698617684833086949e-02 1.640562131961234506e-04
-2.887819644705395209e-03 1.693744845247078731e-02 1.631086020114841720e-04
-3.178086150869524010e-03 1.688374332781149290e-02 1.621126582278857803e-04
-3.467334541872358917e-03 1.682508004403612464e-02 1.610686769649913579e-04
-3.755480696534233779e-03 1.676147858686929601e-02 1.599769675769771593e-04
-4.042440908932855639e-03 1.669296034906999140e-02 1.588378535608732920e-04
-4.328131911219794750e-03 1.661954812107776375e-02 1.576516724607347460e-04
-4.612470896202077418e-03 1.654126608131893661e-02 1.564187757676857051e-04
-4.895375539687720282e-03 1.645813978614737993e-02 1.551395288155628382e-04
-5.176764022590148867e-03 1.637019615949446283e-02 1.538143106728476651e-04
-5.456555052792130128e-03 1.627746348217306779e-02 1.524435140303321515e-04
-5.734667886753651127e-03 1.617997138084803846e-02 1.510275450845900973e-04
-6.011022350874781033e-03 1.607775081673043505e-02 1.495668234177895031e-04
-6.285538862602455847e-03 1.597083407394053745e-02 1.480617818733003476e-04
-6.558138451275561873e-03 1.585925474757459569e-02 1.465128664274228183e-04
-6.828742778712279179e-03 1.574304773148338735e-02 1.449205360572066413e-04
-7.097274159531792061e-03 1.562224920576518912e-02 1.432852626044928330e-04
-7.363655581216012151e-03 1.549689662398199066e-02 1.416075306361577095e-04
-7.627810723887097459e-03 1.536702870007752332e-02 1.398878373003354541e-04
-7.889663979830877777e-03 1.523268539506336498e-02 1.381266921792780316e-04
-8.149140472741759830e-03 1.509390790342413254e-02 1.363246171383458022e-04
-8.406166076681818519e-03 1.495073863925207476e-02 1.344821461712072226e-04
-8.660667434779998827e-03 1.480322122216745119e-02 1.325998252417892468e-04
-8.912571977642096827e-03 1.465140046296875727e-02 1.306782121224219612e-04
-9.161807941481187392e-03 1.449532234905052605e-02 1.287178762285462984e-04
-9.408304385969273181e-03 1.433503402959176824e-02 1.267193984499788125e-04
-9.651991211804411205e-03 1.417058380052085842e-02 1.246833709788043153e-04
-9.892799177999955784e-03 1.400202108926230753e-02 1.226103971339480617e-04
-1.013065991887325198e-02 1.382939643924849943e-02 1.205010911822606390e-04
-1.036550596076807156e-02 1.365276149425158174e-02 1.183560781566136305e-04
-1.059727073848201230e-02 1.347216898249899847e-02 1.161759936707035858e-04
-1.082588861139562389e-02 1.328767270057383716e-02 1.139614837305727847e-04
-1.105129487933686691e-02 1.309932749715579658e-02 1.117132045433119679e-04
-1.127342579813875312e-02 1.290718925655057539e-02 1.094318223225871701e-04
-1.149221859491762580e-02 1.271131488203914965e-02 1.071180130911830313e-04
-1.170761148305517717e-02 1.251176227905571349e-02 1.047724624806977870e-04
-1.191954367690114397e-02 1.230859033819231736e-02 1.023958655283862244e-04
-1.212795540618691326e-02 1.210185891803794954e-02 9.998892647126758865e-05
-1.233278793013162927e-02 1.189162882783753594e-02 9.755235853728291525e-05
-1.253398355128659651e-02 1.167796181001875752e-02 9.508688373409517069e-05
-1.273148562907816701e-02 1.146092052255188141e-02 9.259323263514129322e-05
-1.292523859304886905e-02 1.124056852114798874e-02 9.007214416301922392e-05
-1.311518795583700020e-02 1.101697024133792627e-02 8.752436537065806969e-05
-1.330128032585204886e-02 1.079019098039433501e-02 8.495065121991828689e-05
-1.348346341966047239e-02 1.056029687911624881e-02 8.235176435783728957e-05
-1.366168607409018465e-02 1.032735490348605026e-02 7.972847489067617379e-05
-1.383589825804939707e-02 1.009143282619880989e-02 7.708156015571684429e-05
-1.400605108406218630e-02 9.852599208068767156e-03 7.441180449094071865e-05
-1.417209681949707992e-02 9.610923379297961477e-03 7.171999900255192904e-05
-1.433398889754061711e-02 9.366475420654107875e-03 6.900694133060048679e-05
-1.449168192787357763e-02 9.119326144517237234e-03 6.627343541266000882e-05
-1.464513170704245630e-02 8.869547075812722614e-03 6.352029124550407453e-05
-1.479429522858634674e-02 8.617210432853388696e-03 6.074832464515989808e-05
-1.493913069285310834e-02 8.362389108067212751e-03 5.795835700517695658e-05
-1.507959751653652203e-02 8.105156648622527729e-03 5.515121505317760508e-05
-1.521565634193740822e-02 7.845587236960915520e-03 5.232773060588288318e-05
-1.534726904594135508e-02 7.583755671237394844e-03 4.948874032268575505e-05
-1.547439874872223210e-02 7.319737345665266147e-03 4.663508545768785192e-05
-1.559700982214010101e-02 7.053608230768618030e-03 4.376761161039279332e-05
-1.571506789789282529e-02 6.785444853560290875e-03 4.088716847519351626e-05
-1.582853987537408830e-02 6.515324277627553180e-03 3.799460958956562949e-05
-1.593739392923155737e-02 6.243324083135948395e-03 3.509079208111997705e-05
-1.604159951668571518e-02 5.969522346765549110e-03 3.217657641365413078e-05
-1.614112738454308651e-02 5.693997621561507246e-03 2.925282613217976244e-05
-1.623594957593547938e-02 5.416828916715971630e-03 2.632040760699035461e-05
-1.632603943678449104e-02 5.138095677276923422e-03 2.338018977698695471e-05
-1.641137162199156341e-02 4.857877763793514575e-03 2.043304389216895792e-05
-1.649192210135436154e-02 4.576255431892527377e-03 1.747984325545655734e-05
-1.656766816517944718e-02 4.293309311783888131e-03 1.452146296394792835e-05
-1.663858842965653881e-02 4.009120387719591373e-03 1.155877964956191102e-05
-1.670466284193626930e-02 3.723769977380723267e-03 8.592671219310830396e-06
-1.676587268491391836e-02 3.437339711209533299e-03 5.624016595130482905e-06
-1.682220058177376701e-02 3.149911511689057041e-03 2.653695453451133158e-06
-1.687363050022969505e-02 2.861567572567458046e-03 -3.174120354536197647e-07
-1.692014775649115094e-02 2.572390338032071438e-03 -3.288425468325933822e-06
-1.696173901895608668e-02 2.282462481830702366e-03 -6.258464469765104590e-06
-1.699839231162815836e-02 1.991866886347245288e-03 -9.226648953107390131e-06
-1.703009701725891750e-02 1.700686621638542589e-03 -1.219209938124353457e-05
-1.705684388018498254e-02 1.409004924413660795e-03 -1.515393702720197039e-05
-1.707862500892435437e-02 1.116905176983959240e-03 -1.811128423456666580e-05
-1.709543387847451898e-02 8.244708861689898586e-04 -2.106326467754694026e-05
-1.710726533231044302e-02 5.317856621628350936e-04 -2.400900362061591918e-05
-1.711411558414212969e-02 2.389331973692780230e-04 -2.694762817775959730e-05
-1.711598221936129136e-02 -5.400275480187086987e-05 -2.987826757108928244e-05
-1.711286419620991137e-02 -3.469384011641160636e-04 -3.280005338892407092e-05
-1.710476184666813448e-02 -6.397899300197440334e-04 -3.571211984304873988e-05
-1.709167687706023703e-02 -9.324735324470839965e-04 -3.861360402532592939e-05
-1.707361236838001936e-02 -1.224905423617337263e-03 -4.150364616339657155e-05
-1.705057277630016299e-02 -1.517001864132235195e-03 -4.438138987537346169e-05
-1.702256393093477121e-02 -1.808679181383553028e-03 -4.724598242370501509e-05
-1.698959303629351061e-02 -2.099853790931463602e-03 -5.009657496780163055e-05
-1.695166866942596218e-02 -2.390442217901403085e-03 -5.293232281555107879e-05
-1.690880077931526670e-02 -2.680361118388218094e-03 -5.575238567367846328e-05
-1.686100068544989922e-02 -2.969527300883988315e-03 -5.855592789670131272e-05
-1.680828107610606720e-02 -3.257857747704085566e-03 -6.134211873454552104e-05
-1.675065600633705853e-02 -3.545269636424943326e-03 -6.411013257873960703e-05
-1.668814089566855036e-02 -3.831680361325269252e-03 -6.685914920703387224e-05
-1.662075252549926468e-02 -4.117007554831955338e-03 -6.958835402648411161e-05
-1.654850903617382032e-02 -4.401169108957674395e-03 -7.229693831480421930e-05
-1.647142992379308987e-02 -4.684083196740456735e-03 -7.498409945998506026e-05
-1.638953603670174897e-02 -4.965668293677973771e-03 -7.764904119822861367e-05
-1.630284957165328841e-02 -5.245843199139661392e-03 -8.029097384975522340e-05
-1.621139406970605046e-02 -5.524527057784253507e-03 -8.290911455289419051e-05
-1.611519441178408188e-02 -5.801639380944806877e-03 -8.550268749608227570e-05
-1.601427681393143010e-02 -6.077100068003598622e-03 -8.807092414766543194e-05
-1.590866882225860923e-02 -6.350829427737313994e-03 -9.061306348369527815e-05
-1.579839930757705527e-02 -6.622748199643247596e-03 -9.312835221341540901e-05
-1.568349845972282983e-02 -6.892777575233463398e-03 -9.561604500251609149e-05
-1.556399778153666480e-02 -7.160839219284810368e-03 -9.807540469391307731e-05
-1.543993008256411802e-02 -7.426855291067274017e-03 -1.005057025262445899e-04
-1.531132947241383400e-02 -7.690748465524339418e-03 -1.029062183498518105e-04
-1.517823135378050699e-02 -7.952441954398524818e-03 -1.052762408400488450e-04
-1.504067241517807740e-02 -8.211859527323060390e-03 -1.076150677080304314e-04
-1.489869062332185856e-02 -8.468925532851523733e-03 -1.099220059089396336e-04
-1.475232521518938730e-02 -8.723564919425457267e-03 -1.121963718471896443e-04
-1.460161668975165465e-02 -8.975703256284458739e-03 -1.144374915790599716e-04
-1.444660679938252618e-02 -9.225266754308812656e-03 -1.166447010124006920e-04
-1.428733854093416564e-02 -9.472182286792271352e-03 -1.188173461034550837e-04
-1.412385614645871035e-02 -9.716377410124607886e-03 -1.209547830505580511e-04
-1.395620507362932763e-02 -9.957780384407853916e-03 -1.230563784850148090e-04
-1.378443199580842854e-02 -1.019632019398318719e-02 -1.251215096587746664e-04
-1.360858479176247499e-02 -1.043192656784937972e-02 -1.271495646288661350e-04
-1.342871253507405688e-02 -1.066453000000611336e-02 -1.291399424388425267e-04
-1.324486548318920542e-02 -1.089406176968139676e-02 -1.310920532968048199e-04
-1.305709506612777113e-02 -1.112045396144933918e-02 -1.330053187501973569e-04
-1.286545387485778062e-02 -1.134363948523706145e-02 -1.348791718571429581e-04
-1.266999564932630440e-02 -1.156355209621291215e-02 -1.367130573545145876e-04
-1.247077526615463124e-02 -1.178012641455154774e-02 -1.385064318225213357e-04
-1.226784872596400552e-02 -1.199329794504863135e-02 -1.402587638455425471e-04
-1.206127314039196451e-02 -1.220300309662267386e-02 -1.419695341697916333e-04
-1.185110671874794325e-02 -1.240917920166305019e-02 -1.436382358571477731e-04
-1.163740875430930091e-02 -1.261176453520789463e-02 -1.452643744352295231e-04
-1.142023961030343843e-02 -1.281069833400085359e-02 -1.468474680440981603e-04
-1.119966070552435265e-02 -1.300592081535631959e-02 -1.483870475789673916e-04
-1.097573449960536317e-02 -1.319737319586273064e-02 -1.498826568291940881e-04
-1.074852447795368940e-02 -1.338499770991027557e-02 -1.513338526134627650e-04
-1.051809513633931471e-02 -1.356873762803238737e-02 -1.527402049111278924e-04
-1.028451196514274836e-02 -1.374853727506823373e-02 -1.541012969897110837e-04
-1.004784143324557663e-02 -1.392434204809634909e-02 -1.554167255282026653e-04
-9.808150971599505566e-03 -1.409609843420264394e-02 -1.566861007367274284e-04
-9.565508956446684349e-03 -1.426375402801707652e-02 -1.579090464720847749e-04
-9.319984692185723577e-03 -1.442725754901684823e-02 -1.590852003489933624e-04
-9.071648393923254991e-03 -1.458655885863538969e-02 -1.602142138476856206e-04
-8.820571169674773504e-03 -1.474160897711699995e-02 -1.612957524171249632e-04
-8.566825002228670508e-03 -1.489236010013168798e-02 -1.623294955740850346e-04
-8.310482730681538824e-03 -1.503876561514212208e-02 -1.633151369981411885e-04
-8.051618031642908749e-03 -1.518078011752373689e-02 -1.642523846224530669e-04
-7.790305400112725910e-03 -1.531835942641882574e-02 -1.651409607203831924e-04
-7.526620130017746928e-03 -1.545146060029820891e-02 -1.659806019875979604e-04
-7.260638294446153038e-03 -1.558004195227898937e-02 -1.667710596202702750e-04
-6.992436725547683009e-03 -1.570406306513949177e-02 -1.675120993888036156e-04
-6.722092994110142120e-03 -1.582348480602342733e-02 -1.682035017070556088e-04
-6.449685388840855488e-03 -1.593826934087772332e-02 -1.688450616976149401e-04
-6.175292895315989510e-03 -1.604838014855858655e-02 -1.694365892524305362e-04
-5.898995174636831665e-03 -1.615378203462208839e-02 -1.699779090891212312e-04
-5.620872541773604125e-03 -1.625444114479415725e-02 -1.704688608029169650e-04
-5.341005943612507807e-03 -1.635032497811347504e-02 -1.709092989142124599e-04
-5.059476936713326947e-03 -1.644140239973634204e-02 -1.712990929117562248e-04
-4.776367664763616662e-03 -1.652764365337009225e-02 -1.716381272911132771e-04
-4.491760835759286453e-03 -1.660902037338900933e-02 -1.719263015890786959e-04
-4.205739698897750442e-03 -1.668550559657124704e-02 -1.721635304134523615e-04
-3.918388021193638070e-03 -1.675707377344704679e-02 -1.723497434681463400e-04
-3.629790063831282634e-03 -1.682370077930928076e-02 -1.724848855742288137e-04
-3.340030558245381254e-03 -1.688536392481332360e-02 -1.725689166861998534e-04
-3.049194681946138744e-03 -1.694204196618935912e-02 -1.726018119038273278e-04
-2.757368034089636120e-03 -1.699371511505893065e-02 -1.725835614795259568e-04
-2.464636610801929518e-03 -1.704036504784988207e-02 -1.725141708212746554e-04
-2.171086780268240233e-03 -1.708197491480278885e-02 -1.723936604910912508e-04
-1.876805257576519195e-03 -1.711852934852950078e-02 -1.722220661987235917e-04
-1.581879079348008426e-03 -1.715001447218617026e-02 -1.719994387912633790e-04
-1.286395578139061871e-03 -1.717641790719453415e-02 -1.717258442380804179e-04
-9.904423566378373327e-04 -1.719772878050345594e-02 -1.714013636110774531e-04
-6.941072616477530653e-04 -1.721393773144655817e-02 -1.710260930608822547e-04
-3.974783578836981455e-04 -1.722503691811796966e-02 -1.706001437882805169e-04
-1.006439015734004273e-04 -1.723102002329486571e-02 -1.701236420112348081e-04
1.963076861201250463e-04 -1.723188225989859615e-02 -1.695967289274825495e-04
4.932878458451714875e-04 -1.722762037598830898e-02 -1.690195606727269576e-04
7.902079069798854201e-04 -1.721823265928377339e-02 -1.683923082744457754e-04
1.086979114695462182e-03 -1.720371894117737194e-02 -1.677151576009979286e-04
1.383512657171281522e-03 -1.718408060030027912e-02 -1.669883093067436777e-04
1.679719692946194222e-03 -1.715932056557746901e-02 -1.662119787725800592e-04
1.975511378395034164e-03 -1.712944331876569207e-02 -1.653863960419338721e-04
2.270798895325846969e-03 -1.709445489653085154e-02 -1.645118057528000639e-04
2.565493478683133783e-03 -1.705436289199006861e-02 -1.635884670651783558e-04
2.859506444349586580e-03 -1.700917645574697573e-02 -1.626166535842501462e-04
3.152749217037100794e-03 -1.695890629641546438e-02 -1.615966532793001380e-04
3.445133358255885857e-03 -1.690356468062714432e-02 -1.605287683984175722e-04
3.736570594351516176e-03 -1.684316543252002002e-02 -1.594133153790061271e-04
4.026972844595092839e-03 -1.677772393267324899e-02 -1.582506247538075774e-04
4.316252249330215784e-03 -1.670725711655121279e-02 -1.570410410531440008e-04
4.604321198146236159e-03 -1.663178347239677862e-02 -1.557849227028339364e-04
4.891092358075998202e-03 -1.655132303856902617e-02 -1.544826419177897320e-04
5.176478701819938952e-03 -1.646589740038472902e-02 -1.531345845919318300e-04
5.460393535957309800e-03 -1.637552968638610745e-02 -1.517411501837482462e-04
5.742750529162606553e-03 -1.628024456408061482e-02 -1.503027515979508131e-04
6.023463740389988635e-03 -1.618006823512206302e-02 -1.488198150630338969e-04
6.302447647036918919e-03 -1.607502842996983566e-02 -1.472927800050915343e-04
6.579617173064523927e-03 -1.596515440199069297e-02 -1.457220989176278984e-04
6.854887717050736975e-03 -1.585047692098941544e-02 -1.441082372273094347e-04
7.128175180195498763e-03 -1.573102826622711434e-02 -1.424516731561810878e-04
7.399395994238873973e-03 -1.560684221887299362e-02 -1.407528975799707000e-04
7.668467149283409411e-03 -1.547795405389298766e-02 -1.390124138824844809e-04
7.935306221529641463e-03 -1.534440053141885273e-02 -1.372307378066056453e-04
8.199831400893973707e-03 -1.520621988755438761e-02 -1.354083973014728643e-04
8.461961518485446032e-03 -1.506345182461291642e-02 -1.335459323658447369e-04
8.721616073969522959e-03 -1.491613750084631179e-02 -1.316438948883143841e-04
8.978715262765193245e-03 -1.476431951959521031e-02 -1.297028484836071447e-04
9.233180003089765109e-03 -1.460804191792096016e-02 -1.277233683257076040e-04
9.484931962820615167e-03 -1.444735015466349325e-02 -1.257060409772547439e-04
9.733893586184812902e-03 -1.428229109799573557e-02 -1.236514642158778815e-04
9.979988120245931668e-03 -1.411291301242061091e-02 -1.215602468570691776e-04
1.022313964116820621e-02 -1.393926554521950079e-02 -1.194330085736182759e-04
1.046327308028282763e-02 -1.376139971240285600e-02 -1.172703797121580585e-04
1.070031424990157583e-02 -1.357936788409983171e-02 -1.150730011062818558e-04
1.093418986890042598e-02 -1.339322376945157982e-02 -1.128415238867228748e-04
1.116482758802361981e-02 -1.320302240095078822e-02 -1.105766092882925415e-04
1.139215601494864873e-02 -1.300882011829948212e-02 -1.082789284540763933e-04
1.161610473905372483e-02 -1.281067455174122668e-02 -1.059491622365336402e-04
1.183660435588260347e-02 -1.260864460486699201e-02 -1.035880009956458654e-04
1.205358649132916467e-02 -1.240279043695116483e-02 -1.011961443944414023e-04
1.226698382549683622e-02 -1.219317344477933301e-02 -9.877430119168530761e-05
1.247673011621582354e-02 -1.197985624396799738e-02 -9.632318903174668257e-05
1.268276022225298290e-02 -1.176290264983003396e-02 -9.384353423205342741e-05
1.288501012615721718e-02 -1.154237765775107186e-02 -9.133607156788316509e-05
1.308341695672701234e-02 -1.131834742307402317e-02 -8.880154405450352132e-05
1.327791901114551074e-02 -1.109087924055266079e-02 -8.624070272713295479e-05
1.346845577669956474e-02 -1.086004152332454599e-02 -8.365430641830976150e-05
1.365496795213587064e-02 -1.062590378145019873e-02 -8.104312153310407247e-05
1.383739746858016900e-02 -1.038853659998821913e-02 -7.840792182192271923e-05
1.401568751008233291e-02 -1.014801161666666930e-02 -7.574948815130633315e-05
1.418978253372065422e-02 -9.904401499110987092e-03 -7.306860827256617195e-05
1.435962828925850532e-02 -9.657779921646365145e-03 -7.036607658823722743e-05
1.452517183839307363e-02 -9.408221541717319905e-03 -6.764269391679110749e-05
1.468636157351904670e-02 -9.155801975884725330e-03 -6.489926725528722632e-05
1.484314723606618668e-02 -8.900597775453326227e-03 -6.213660954026814281e-05
1.499547993432398182e-02 -8.642686401695262241e-03 -5.935553940681359835e-05
1.514331216083335610e-02 -8.382146200729759244e-03 -5.655688094602263764e-05
1.528659780926956181e-02 -8.119056378029629664e-03 -5.374146346082568556e-05
1.542529219081440091e-02 -7.853496972567096043e-03 -5.091012122016697999e-05
1.555935205005655637e-02 -7.585548830643286909e-03 -4.806369321185802353e-05
1.568873558036630936e-02 -7.315293579375331187e-03 -4.520302289395661510e-05
1.581340243873488940e-02 -7.042813599857378377e-03 -4.232895794480984636e-05
1.593331376012223008e-02 -6.768192000039443407e-03 -3.944235001187511416e-05
1.604843217125401927e-02 -6.491512587290673188e-03 -3.654405445941409804e-05
1.615872180385658982e-02 -6.212859840676661360e-03 -3.363493011492319499e-05
1.626414830739104575e-02 -5.932318882984808327e-03 -3.071583901473724326e-05
1.636467886119379739e-02 -5.649975452463809264e-03 -2.778764614855442101e-05
1.646028218609116647e-02 -5.365915874338397437e-03 -2.485121920311129639e-05
1.655092855541104996e-02 -5.080227032062994280e-03 -2.190742830508572923e-05
1.663658980546894872e-02 -4.792996338374032675e-03 -1.895714576324145800e-05
1.671723934545724793e-02 -4.504311706119144484e-03 -1.600124580998910139e-05
1.679285216673538986e-02 -4.214261518879599405e-03 -1.304060434226398205e-05
1.686340485157964905e-02 -3.922934601424203291e-03 -1.007609866203723598e-05
1.692887558130551015e-02 -3.630420189973589465e-03 -7.108607216310585731e-06
1.698924414383067363e-02 -3.336807902310901571e-03 -4.139009336855216639e-06
1.704449194060262893e-02 -3.042187707740414467e-03 -1.168184979604872505e-06
1.709460199297328439e-02 -2.746649896915116275e-03 1.802985536072356499e-06
1.713955894794921830e-02 -2.450285051539620191e-03 4.773621788212296281e-06
1.717934908331985450e-02 -2.153184013962498953e-03 7.742843513204292051e-06
1.721396031221512912e-02 -1.855437856677186149e-03 1.070977086655065138e-05
1.724338218703859796e-02 -1.557137851735504496e-03 1.367352468365892927e-05
1.726760590277273688e-02 -1.258375440095826914e-03 1.663322674030494569e-05
1.728662429971006623e-02 -9.592422009176366018e-04 1.958800001288812077e-05
1.730043186555414378e-02 -6.598298208047404878e-04 2.253696893833006856e-05
1.730902473688436180e-02 -3.602300630281910225e-04 2.547925967347912829e-05
1.731240070005499523e-02 -6.053473673195762614e-05 2.841400035410907200e-05
1.731055919143995037e-02 2.391643338663523052e-04 3.134032135320478999e-05
1.730350129709894505e-02 5.387753402621648161e-04 3.425735553871142835e-05
1.729122975179132882e-02 8.382065204254105341e-04 3.716423853042942249e-05
1.727374893742437967e-02 1.137366189523856576e-03 4.006010895619430622e-05
1.725106488087316259e-02 1.436162770596740440e-03 4.294410870712588236e-05
1.722318525116447313e-02 1.734504825161969563e-03 4.581538319181690806e-05
1.719011935611601538e-02 2.032301083748225615e-03 4.867308158971435448e-05
1.715187813830373886e-02 2.329460476333707931e-03 5.151635710307467632e-05
1.710847417048906582e-02 2.625892162681203474e-03 5.434436720799767212e-05
1.705992165042079234e-02 2.921505562560859897e-03 5.715627390409322661e-05
1.700623639502274811e-02 3.216210385836484019e-03 5.995124396267634352e-05
1.694743583403651027e-02 3.509916662413313515e-03 6.272844917383277167e-05
1.688353900303634844e-02 3.802534772032101652e-03 6.548706659169917384e-05
1.681456653589494948e-02 4.093975473892029482e-03 6.822627877842840898e-05
1.674054065663074450e-02 4.384149936094454067e-03 7.094527404629975137e-05
1.666148517072785912e-02 4.672969764897360635e-03 7.364324669832578889e-05
1.657742545586409974e-02 4.960347033764019725e-03 7.631939726702728394e-05
1.648838845205884140e-02 5.246194312190023863e-03 7.897293275120894165e-05
1.639440265130055752e-02 5.530424694309930660e-03 8.160306685102928094e-05
1.629549808660379559e-02 5.812951827262497449e-03 8.420902020102841070e-05
1.619170632050695446e-02 6.093689939294269324e-03 8.679002060094818071e-05
1.608306043306454228e-02 6.372553867617783592e-03 8.934530324465787886e-05
1.596959500929134509e-02 6.649459085985245758e-03 9.187411094681962448e-05
1.585134612605979335e-02 6.924321731971048652e-03 9.437569436708600904e-05
1.572835133852211117e-02 7.197058633977798311e-03 9.684931223232278125e-05
1.560064966598628637e-02 7.467587337914923830e-03 9.929423155615780833e-05
1.546828157731852151e-02 7.735826133580109114e-03 1.017097278562656946e-04
1.533128897581427508e-02 8.001694080694860683e-03 1.040950853689111847e-04
1.518971518362672267e-02 8.265111034621111866e-03 1.064495972611873898e-04
1.504360492569429067e-02 8.525997671726811764e-03 1.087725658404552692e-04
1.489300431318151159e-02 8.784275514382171648e-03 1.110633027609440318e-04
1.473796082649951600e-02 9.039866955614565477e-03 1.133211292278945881e-04
1.457852329783973153e-02 9.292695283367161455e-03 1.155453761985694131e-04
1.441474189329313045e-02 9.542684704398713899e-03 1.177353845806316737e-04
1.424666809450148182e-02 9.789760367761914453e-03 1.198905054272860892e-04
1.407435467992653767e-02 1.003384838791514938e-02 1.220101001297134999e-04
1.389785570568340470e-02 1.027487586741158455e-02 1.240935406063036254e-04
1.371722648595499576e-02 1.051277091916304890e-02 1.261402094886473308e-04
1.353252357304533457e-02 1.074746268830371020e-02 1.281495003045877794e-04
1.334380473703216351e-02 1.097888137361489880e-02 1.301208176579216839e-04
1.315112894503330833e-02 1.120695824850055644e-02 1.320535774047243796e-04
1.295455634013891952e-02 1.143162568154736450e-02 1.339472068265696073e-04
1.275414821997738514e-02 1.165281715662149983e-02 1.358011448002439080e-04
1.254996701491921558e-02 1.187046729249464222e-02 1.376148419638753432e-04
1.234207626598818851e-02 1.208451186204239497e-02 1.393877608798708403e-04
1.213054060242102494e-02 1.229488781094779069e-02 1.411193761940627059e-04
1.191542571893793555e-02 1.250153327595767729e-02 1.428091747915279119e-04
1.169679835269186660e-02 1.270438760263032860e-02 1.444566559483968370e-04
1.147472625995875177e-02 1.290339136264109961e-02 1.460613314804500322e-04
1.124927819253613778e-02 1.309848637058357371e-02 1.476227258877648037e-04
1.102052387386436363e-02 1.328961570026501726e-02 1.491403764954199625e-04
1.078853397492249289e-02 1.347672370054634264e-02 1.506138335908209524e-04
1.055338008985503596e-02 1.365975601064999163e-02 1.520426605567956689e-04
1.031513471139012920e-02 1.383865957500028665e-02 1.534264340011435809e-04
1.007387120601072224e-02 1.401338265752539829e-02 1.547647438818509718e-04
9.829663788945513722e-03 1.418387485549111975e-02 1.560571936288201989e-04
9.582587498950669025e-03 1.435008711281129078e-02 1.573034002613666075e-04
9.332718172888826783e-03 1.451197173283156477e-02 1.585029945015200160e-04
9.080132420162466758e-03 1.466948239063563773e-02 1.596556208836188528e-04
8.824907596967478812e-03 1.482257414482027191e-02 1.607609378596377417e-04
8.567121780387355889e-03 1.497120344874649372e-02 1.618186179002357940e-04
8.306853742366209631e-03 1.511532816130379923e-02 1.628283475919866676e-04
8.044182923540418167e-03 1.525490755714616412e-02 1.637898277302644162e-04
7.779189406941472429e-03 1.538990233639182630e-02 1.647027734076923777e-04
7.511953891611957042e-03 1.552027463384720793e-02 1.655669140987973270e-04
7.242557666108608537e-03 1.564598802768014593e-02 1.663819937400095022e-04
6.971082581928336221e-03 1.576700754760783363e-02 1.671477708057024188e-04
6.697611026849853086e-03 1.588329968253366850e-02 1.678640183795286026e-04
6.422225898222463578e-03 1.599483238771289700e-02 1.685305242218775913e-04
6.145010576193845470e-03 1.610157509138458384e-02 1.691470908327525593e-04
5.866048896892958782e-03 1.620349870087636063e-02 1.697135355101109927e-04
5.585425125586132404e-03 1.630057560823404070e-02 1.702296904041694485e-04
5.303223929806757768e-03 1.639277969532804829e-02 1.706954025671457746e-04
5.019530352470428190e-03 1.648008633843741147e-02 1.711105339984015207e-04
4.734429784998808212e-03 1.656247241236684375e-02 1.714749616855322793e-04
4.448007940437856411e-03 1.663991629404656253e-02 1.717885776408293230e-04
4.160350826599278767e-03 1.671239786561133298e-02 1.720512889330493033e-04
3.871544719231591585e-03 1.677989851703090562e-02 1.722630177152022169e-04
3.581676135226460021e-03 1.684240114820896930e-02 1.724237012474458795e-04
3.290831805871446969e-03 1.689989017062801593e-02 1.725332919158466347e-04
2.999098650150273417e-03 1.695235150846883740e-02 1.725917572462469507e-04
2.706563748127024244e-03 1.699977259929608131e-02 1.725990799141076447e-04
2.413314314384332540e-03 1.704214239424493502e-02 1.725552577496418242e-04
2.119437671551500230e-03 1.707945135771459649e-02 1.724603037382372109e-04
1.825021223925651697e-03 1.711169146663898272e-02 1.723142460168511413e-04
1.530152431190392103e-03 1.713885620925335515e-02 1.721171278655043502e-04
1.234918782239478917e-03 1.716094058343592063e-02 1.718690076946246181e-04
9.394077691183328914e-04 1.717794109455383217e-02 1.715699590274947031e-04
6.437068610906685698e-04 1.718985575290704962e-02 1.712200704786914361e-04
3.479034788339873188e-04 1.719668407070426216e-02 1.708194457278148517e-04
5.208496877229998860e-05 1.719842705858224199e-02 1.703682034885729759e-04
-2.436614224416729210e-04 1.719508722172748139e-02 1.698664774737815308e-04
-5.392485732923174655e-04 1.718666855555276221e-02 1.693144163557351253e-04
-8.345895126081150821e-04 1.717317654093338669e-02 1.687121837219899938e-04
-1.129597444600804069e-03 1.715461813906311861e-02 1.680599580270664758e-04
-1.424185773732351747e-03 1.713100178588025310e-02 1.673579325395932113e-04
-1.718268129399107540e-03 1.710233738606538670e-02 1.666063152848104090e-04
-2.011758390434438028e-03 1.706863630668523091e-02 1.658053289831625595e-04
-2.304570709414430554e-03 1.702991137040258882e-02 1.649552109841458396e-04
-2.596619536773236200e-03 1.698617684833186522e-02 1.640562131961331271e-04
-2.887819644705640672e-03 1.693744845247209876e-02 1.631086020114962609e-04
-3.178086150869396508e-03 1.688374332781086493e-02 1.621126582278803322e-04
-3.467334541872485985e-03 1.682508004403673180e-02 1.610686769649976734e-04
-3.755480696534005229e-03 1.676147858686800191e-02 1.599769675769636339e-04
-4.042440908932855639e-03 1.669296034906905812e-02 1.588378535608639137e-04
-4.328131911219275200e-03 1.661954812107783661e-02 1.576516724607349086e-04
-4.612470896202722735e-03 1.654126608131994969e-02 1.564187757676959237e-04
-4.895375539688052481e-03 1.645813978614836873e-02 1.551395288155729755e-04
-5.176764022590251216e-03 1.637019615949448018e-02 1.538143106728471229e-04
-5.456555052792001759e-03 1.627746348217190206e-02 1.524435140303231255e-04
-5.734667886753089944e-03 1.617997138084721620e-02 1.510275450845815592e-04
-6.011022350874397659e-03 1.607775081673005688e-02 1.495668234177837026e-04
-6.285538862603441169e-03 1.597083407394276830e-02 1.480617818733228177e-04
-6.558138451276449184e-03 1.585925474757577877e-02 1.465128664274352596e-04
-6.828742778711034515e-03 1.574304773148155548e-02 1.449205360571856620e-04
-7.097274159532259569e-03 1.562224920576614842e-02 1.432852626045025637e-04
-7.363655581215715513e-03 1.549689662398059074e-02 1.416075306361464609e-04
-7.627810723886403570e-03 1.536702870007671841e-02 1.398878373003284068e-04
-7.889663979830640120e-03 1.523268539506337192e-02 1.381266921792792513e-04
-8.149140472742601171e-03 1.509390790342515082e-02 1.363246171383519279e-04
-8.406166076682455163e-03 1.495073863925295080e-02 1.344821461712171972e-04
-8.660667434779700455e-03 1.480322122216693598e-02 1.325998252417829855e-04
-8.912571977642252952e-03 1.465140046296934707e-02 1.306782121224268672e-04
-9.161807941480595852e-03 1.449532234904947828e-02 1.287178762285370013e-04
-9.408304385968976544e-03 1.433503402959101017e-02 1.267193984499714670e-04
-9.651991211804187426e-03 1.417058380052072485e-02 1.246833709788031769e-04
-9.892799178000498753e-03 1.400202108926337438e-02 1.226103971339568166e-04
-1.013065991887390077e-02 1.382939643924924016e-02 1.205010911822672662e-04
-1.036550596076814962e-02 1.365276149425153664e-02 1.183560781566117196e-04
-1.059727073848133055e-02 1.347216898249788651e-02 1.161759936706976092e-04
-1.082588861139537062e-02 1.328767270057323348e-02 1.139614837305672553e-04
-1.105129487933605680e-02 1.309932749715561617e-02 1.117132045433095013e-04
-1.127342579814055376e-02 1.290718925655227022e-02 1.094318223226009937e-04
-1.149221859491872909e-02 1.271131488204018875e-02 1.071180130911915965e-04
-1.170761148305361418e-02 1.251176227905409673e-02 1.047724624806858337e-04
-1.191954367690196276e-02 1.230859033819308238e-02 1.023958655283951962e-04
-1.212795540618591232e-02 1.210185891803685319e-02 9.998892647125853556e-05
-1.233278793013104641e-02 1.189162882783687848e-02 9.755235853727374019e-05
-1.253398355128653233e-02 1.167796181001884252e-02 9.508688373409873501e-05
-1.273148562907891988e-02 1.146092052255251285e-02 9.259323263514674133e-05
-1.292523859304970345e-02 1.124056852114871212e-02 9.007214416302341165e-05
-1.311518795583671917e-02 1.101697024133749085e-02 8.752436537065621299e-05
-1.330128032585253632e-02 1.079019098039464726e-02 8.495065121992134976e-05
-1.348346341965935870e-02 1.056029687911567636e-02 8.235176435783040489e-05
-1.366168607408935025e-02 1.032735490348539974e-02 7.972847489066892319e-05
-1.383589825804937626e-02 1.009143282619879602e-02 7.708156015571737284e-05
-1.400605108406317509e-02 9.852599208069294512e-03 7.441180449094642426e-05
-1.417209681949780330e-02 9.610923379298606795e-03 7.171999900255591348e-05
-1.433398889754092069e-02 9.366475420654151243e-03 6.900694133060169297e-05
-1.449168192787261486e-02 9.119326144516590182e-03 6.627343541265515701e-05
-1.464513170704169302e-02 8.869547075812085971e-03 6.352029124550010364e-05
-1.479429522858572918e-02 8.617210432853206550e-03 6.074832464515850217e-05
-1.493913069285524378e-02 8.362389108068522467e-03 5.795835700518626039e-05
-1.507959751653782828e-02 8.105156648623140087e-03 5.515121505317973282e-05
-1.521565634193551737e-02 7.845587236959921523e-03 5.232773060587578165e-05
-1.534726904594243581e-02 7.583755671237724441e-03 4.948874032269093211e-05
-1.547439874872079749e-02 7.319737345664620830e-03 4.663508545768179394e-05
-1.559700982213926487e-02 7.053608230768397720e-03 4.376761161039132965e-05
-1.571506789789278713e-02 6.785444853560469551e-03 4.088716847519245916e-05
-1.582853987537493137e-02 6.515324277627867165e-03 3.799460958956901084e-05
-1.593739392923279596e-02 6.243324083136373402e-03 3.509079208112216578e-05
-1.604159951668523640e-02 5.969522346765334872e-03 3.217657641365320243e-05
-1.614112738454365203e-02 5.693997621561448265e-03 2.925282613218109398e-05
-1.623594957593419222e-02 5.416828916715622950e-03 2.632040760698550619e-05
-1.632603943678366878e-02 5.138095677276795920e-03 2.338018977698875042e-05
-1.641137162199146279e-02 4.857877763793421767e-03 2.043304389216603397e-05
-1.649192210135542666e-02 4.576255431892562071e-03 1.747984325545782111e-05
-1.656766816518055740e-02 4.293309311784294924e-03 1.452146296395038644e-05
-1.663858842965648677e-02 4.009120387719430044e-03 1.155877964955892269e-05
-1.670466284193510703e-02 3.723769977380383261e-03 8.592671219311228501e-06
-1.676587268491309957e-02 3.437339711209635648e-03 5.624016595131214741e-06
-1.682220058177331945e-02 3.149911511688776884e-03 2.653695453451132734e-06
-1.687363050023218264e-02 2.861567572567900401e-03 -3.174120354542836798e-07
-1.692014775649242075e-02 2.572390338032530272e-03 -3.288425468326065959e-06
-1.696173901895397032e-02 2.282462481829860591e-03 -6.258464469765701748e-06
-1.699839231162932757e-02 1.991866886347577054e-03 -9.226648953106726057e-06
-1.703009701725733543e-02 1.700686621638568177e-03 -1.219209938124280443e-05
-1.705684388018411865e-02 1.409004924413507706e-03 -1.515393702720170781e-05
-1.707862500892430926e-02 1.116905176984095199e-03 -1.811128423456514453e-05
-1.709543387847552512e-02 8.244708861688623564e-04 -2.106326467755179207e-05
-1.710726533231175794e-02 5.317856621630477057e-04 -2.400900362061983925e-05
-1.711411558414149478e-02 2.389331973690485245e-04 -2.694762817775528421e-05
-1.711598221936192626e-02 -5.400275480189637572e-05 -2.987826757109420201e-05
-1.711286419620856869e-02 -3.469384011641329772e-04 -3.280005338891901583e-05
-1.710476184666718039e-02 -6.397899300198801008e-04 -3.571211984304495195e-05
-1.709167687706018152e-02 -9.324735324467778178e-04 -3.861360402532658669e-05
-1.707361236838110530e-02 -1.224905423617490569e-03 -4.150364616340002744e-05
-1.705057277630121423e-02 -1.517001864132413872e-03 -4.438138987537539970e-05
-1.702256393093482673e-02 -1.808679181383493180e-03 -4.724598242371298398e-05
-1.698959303629238304e-02 -2.099853790931523016e-03 -5.009657496778842362e-05
-1.695166866942506706e-02 -2.390442217901216602e-03 -5.293232281554835473e-05
-1.690880077931475323e-02 -2.680361118388014264e-03 -5.575238567368370133e-05
-1.686100068545235559e-02 -2.969527300884667893e-03 -5.855592789669280851e-05
-1.680828107610741681e-02 -3.257857747704349678e-03 -6.134211873457028150e-05
-1.675065600633492136e-02 -3.545269636424390816e-03 -6.411013257872399452e-05
-1.668814089566963976e-02 -3.831680361325362494e-03 -6.685914920704030969e-05
-1.662075252549779711e-02 -4.117007554831810488e-03 -6.958835402648118427e-05
-1.654850903617289745e-02 -4.401169108957708222e-03 -7.229693831479391938e-05
-1.647142992379305865e-02 -4.684083196740149689e-03 -7.498409945999443861e-05
-1.638953603670273776e-02 -4.965668293678245256e-03 -7.764904119821170012e-05
-1.630284957165452006e-02 -5.245843199140154053e-03 -8.029097384978224714e-05
-1.621139406970554392e-02 -5.524527057783938655e-03 -8.290911455288394480e-05
-1.611519441178464393e-02 -5.801639380945283926e-03 -8.550268749608678869e-05
-1.601427681393009783e-02 -6.077100068002876110e-03 -8.807092414765818134e-05
-1.590866882225778697e-02 -6.350829427737075469e-03 -9.061306348368983004e-05
-1.579839930757713853e-02 -6.622748199643353414e-03 -9.312835221342477380e-05
-1.568349845972360351e-02 -6.892777575233905753e-03 -9.561604500249478692e-05
-1.556399778153778023e-02 -7.160839219285315173e-03 -9.807540469394854428e-05
-1.543993008256401914e-02 -7.426855291066881970e-03 -1.005057025262308883e-04
-1.531132947241281399e-02 -7.690748465524105230e-03 -1.029062183498462269e-04
-1.517823135377982004e-02 -7.952441954398231649e-03 -1.052762408400478828e-04
-1.504067241517748760e-02 -8.211859527322539973e-03 -1.076150677080173397e-04
-1.489869062332414666e-02 -8.468925532852935797e-03 -1.099220059089886395e-04
-1.475232521519051834e-02 -8.723564919426177178e-03 -1.121963718471662120e-04
-1.460161668974989911e-02 -8.975703256283171574e-03 -1.144374915790609610e-04
-1.444660679938344731e-02 -9.225266754309463177e-03 -1.166447010123994722e-04
-1.428733854093270500e-02 -9.472182286791754405e-03 -1.188173461034460713e-04
-1.412385614645801993e-02 -9.716377410124030223e-03 -1.209547830505580917e-04
-1.395620507362945427e-02 -9.957780384407768914e-03 -1.230563784849971094e-04
-1.378443199580905651e-02 -1.019632019398378567e-02 -1.251215096588213685e-04
-1.360858479176353664e-02 -1.043192656784996779e-02 -1.271495646288381355e-04
-1.342871253507366310e-02 -1.066453000000604917e-02 -1.291399424388521490e-04
-1.324486548318959574e-02 -1.089406176968180096e-02 -1.310920532968063107e-04
-1.305709506612669733e-02 -1.112045396144846141e-02 -1.330053187501863252e-04
-1.286545387485700000e-02 -1.134363948523655664e-02 -1.348791718571410337e-04
-1.266999564932634083e-02 -1.156355209621261551e-02 -1.367130573544986228e-04
-1.247077526615530778e-02 -1.178012641455237521e-02 -1.385064318225700164e-04
-1.226784872596484340e-02 -1.199329794504929055e-02 -1.402587638455107528e-04
-1.206127314039208941e-02 -1.220300309662289764e-02 -1.419695341698083571e-04
-1.185110671874714180e-02 -1.240917920166217416e-02 -1.436382358571332719e-04
-1.163740875430871805e-02 -1.261176453520723197e-02 -1.452643744352185998e-04
-1.142023961030312271e-02 -1.281069833400031409e-02 -1.468474680441098968e-04
-1.119966070552595033e-02 -1.300592081535826942e-02 -1.483870475789444878e-04
-1.097573449960605359e-02 -1.319737319586374545e-02 -1.498826568292502227e-04
-1.074852447795237101e-02 -1.338499770990858248e-02 -1.513338526134262274e-04
-1.051809513634008840e-02 -1.356873762803364157e-02 -1.527402049111443452e-04
-1.028451196514182375e-02 -1.374853727506669503e-02 -1.541012969896988865e-04
-1.004784143324496254e-02 -1.392434204809576970e-02 -1.554167255281859415e-04
-9.808150971599453524e-03 -1.409609843420274802e-02 -1.566861007367459412e-04
-9.565508956447170072e-03 -1.426375402801779123e-02 -1.579090464720479391e-04
-9.319984692186348077e-03 -1.442725754901794458e-02 -1.590852003490507438e-04
-9.071648393922833453e-03 -1.458655885863490223e-02 -1.602142138476626084e-04
-8.820571169675326881e-03 -1.474160897711762098e-02 -1.612957524171386512e-04
-8.566825002227964475e-03 -1.489236010013050317e-02 -1.623294955740710213e-04
-8.310482730680990651e-03 -1.503876561514122349e-02 -1.633151369981264975e-04
-8.051618031643196713e-03 -1.518078011752361893e-02 -1.642523846224710918e-04
-7.790305400112830861e-03 -1.531835942641994290e-02 -1.651409607203430227e-04
-7.526620130018460766e-03 -1.545146060029920811e-02 -1.659806019876590823e-04
-7.260638294446069771e-03 -1.558004195227900325e-02 -1.667710596202517893e-04
-6.992436725546956160e-03 -1.570406306513845440e-02 -1.675120993887965683e-04
-6.722092994110078802e-03 -1.582348480602263976e-02 -1.682035017070527627e-04
-6.449685388840603953e-03 -1.593826934087715780e-02 -1.688450616975917381e-04
-6.175292895316889831e-03 -1.604838014856101863e-02 -1.694365892525065388e-04
-5.898995174637639179e-03 -1.615378203462336168e-02 -1.699779090890831757e-04
-5.620872541772438391e-03 -1.625444114479205823e-02 -1.704688608029146339e-04
-5.341005943612618830e-03 -1.635032497811461996e-02 -1.709092989142169865e-04
-5.059476936713182965e-03 -1.644140239973492998e-02 -1.712990929117409647e-04
-4.776367664763591508e-03 -1.652764365336916938e-02 -1.716381272911117050e-04
-4.491760835759226606e-03 -1.660902037338895035e-02 -1.719263015890582587e-04
-4.205739698898005446e-03 -1.668550559657235727e-02 -1.721635304135143507e-04
-3.918388021193723939e-03 -1.675707377344822988e-02 -1.723497434681073629e-04
-3.629790063831054084e-03 -1.682370077930866320e-02 -1.724848855742425831e-04
-3.340030558245500950e-03 -1.688536392481396892e-02 -1.725689166861991215e-04
-3.049194681945884607e-03 -1.694204196618801297e-02 -1.726018119038138024e-04
-2.757368034089440530e-03 -1.699371511505801124e-02 -1.725835614795235716e-04
-2.464636610801946865e-03 -1.704036504784981268e-02 -1.725141708212542995e-04
-2.171086780268555519e-03 -1.708197491480388866e-02 -1.723936604911545140e-04
-1.876805257576280887e-03 -1.711852934853052427e-02 -1.722220661986820667e-04
-1.581879079347829750e-03 -1.715001447218625005e-02 -1.719994387912828133e-04
-1.286395578139215177e-03 -1.717641790719335107e-02 -1.717258442380637483e-04
-9.904423566378542463e-04 -1.719772878050261633e-02 -1.714013636110637109e-04
-6.941072616477530653e-04 -1.721393773144601347e-02 -1.710260930608961867e-04
-3.974783578836981455e-04 -1.722503691812051971e-02 -1.706001437882544419e-04
-1.006439015734004273e-04 -1.723102002329620838e-02 -1.701236420112995891e-04
1.963076861201250463e-04 -1.723188225989635489e-02 -1.695967289274407806e-04
4.932878458451630307e-04 -1.722762037598954410e-02 -1.690195606727461480e-04
7.902079069798174406e-04 -1.721823265928219132e-02 -1.683923082744296479e-04
1.086979114695606815e-03 -1.720371894117647335e-02 -1.677151576009827498e-04
1.383512657171145997e-03 -1.718408060030023402e-02 -1.669883093067631120e-04
1.679719692946355552e-03 -1.715932056557846822e-02 -1.662119787725379922e-04
1.975511378395128272e-03 -1.712944331876701046e-02 -1.653863960419965932e-04
2.270798895325787988e-03 -1.709445489653026867e-02 -1.645118057527757778e-04
2.565493478683261285e-03 -1.705436289199064800e-02 -1.635884670651905530e-04
2.859506444349271728e-03 -1.700917645574562612e-02 -1.626166535842376237e-04
3.152749217037142861e-03 -1.695890629641454497e-02 -1.615966532792842002e-04
3.445133358255835117e-03 -1.690356468062708881e-02 -1.605287683984368710e-04
3.736570594351763374e-03 -1.684316543252113371e-02 -1.594133153789680987e-04
4.026972844595135340e-03 -1.677772393267425860e-02 -1.582506247538631699e-04
4.316252249330351960e-03 -1.670725711655113993e-02 -1.570410410531288220e-04
4.604321198145922174e-03 -1.663178347239554697e-02 -1.557849227028269433e-04
4.891092358076007743e-03 -1.655132303856843290e-02 -1.544826419177870757e-04
5.176478701819633640e-03 -1.646589740038406635e-02 -1.531345845919084654e-04
5.460393535958389666e-03 -1.637552968638891771e-02 -1.517411501838178520e-04
5.742750529162734055e-03 -1.628024456408072584e-02 -1.503027515979078787e-04
6.023463740388560091e-03 -1.618006823511893705e-02 -1.488198150630234615e-04
6.302447647037570308e-03 -1.607502842997097711e-02 -1.472927800050957627e-04
6.579617173064137951e-03 -1.596515440199023847e-02 -1.457220989176245373e-04
6.854887717050677128e-03 -1.585047692098965830e-02 -1.441082372273171867e-04
7.128175180195781523e-03 -1.573102826622702066e-02 -1.424516731561630901e-04
7.399395994238763818e-03 -1.560684221887302658e-02 -1.407528975800123063e-04
7.668467149283287113e-03 -1.547795405389300674e-02 -1.390124138824436065e-04
7.935306221529783710e-03 -1.534440053141878507e-02 -1.372307378066235076e-04
8.199831400893826255e-03 -1.520621988755450904e-02 -1.354083973014631064e-04
8.461961518485491135e-03 -1.506345182461275509e-02 -1.335459323658458482e-04
8.721616073969706839e-03 -1.491613750084626148e-02 -1.316438948883221903e-04
8.978715262764905281e-03 -1.476431951959528317e-02 -1.297028484835898788e-04
9.233180003090058277e-03 -1.460804191792090638e-02 -1.277233683257473129e-04
9.484931962820526696e-03 -1.444735015466373611e-02 -1.257060409772160650e-04
9.733893586184833718e-03 -1.428229109799572343e-02 -1.236514642158909733e-04
9.979988120245865749e-03 -1.411291301242029519e-02 -1.215602468570644342e-04
1.022313964116822703e-02 -1.393926554521997090e-02 -1.194330085736190620e-04
1.046327308028210078e-02 -1.376139971240190191e-02 -1.172703797121640623e-04
1.070031424990383964e-02 -1.357936788410230543e-02 -1.150730011062661213e-04
1.093418986890028199e-02 -1.339322376945165788e-02 -1.128415238867575828e-04
1.116482758802163702e-02 -1.320302240094826073e-02 -1.105766092882608828e-04
1.139215601494952476e-02 -1.300882011830054898e-02 -1.082789284540872218e-04
1.161610473905323390e-02 -1.281067455174068545e-02 -1.059491622365337892e-04
1.183660435588283072e-02 -1.260864460486694517e-02 -1.035880009956406206e-04
1.205358649132909181e-02 -1.240279043695134698e-02 -1.011961443944520410e-04
1.226698382549665407e-02 -1.219317344477946659e-02 -9.877430119165683375e-05
1.247673011621580619e-02 -1.197985624396786727e-02 -9.632318903177457367e-05
1.268276022225338188e-02 -1.176290264982991947e-02 -9.384353423204399485e-05
1.288501012615703330e-02 -1.154237765775131819e-02 -9.133607156788773229e-05
1.308341695672686489e-02 -1.131834742307405786e-02 -8.880154405450285725e-05
1.327791901114550553e-02 -1.109087924055235028e-02 -8.624070272712825206e-05
1.346845577669962025e-02 -1.086004152332476456e-02 -8.365430641831972261e-05
1.365496795213599381e-02 -1.062590378145017965e-02 -8.104312153308082989e-05
1.383739746858010135e-02 -1.038853659998823127e-02 -7.840792182194556879e-05
1.401568751008234158e-02 -1.014801161666681502e-02 -7.574948815129902834e-05
1.418978253372046340e-02 -9.904401499110801477e-03 -7.306860827256565695e-05
1.435962828925897022e-02 -9.657779921646753724e-03 -7.036607658824054780e-05
1.452517183839197208e-02 -9.408221541716601730e-03 -6.764269391678160717e-05
1.468636157352205818e-02 -9.155801975886290051e-03 -6.489926725531704188e-05
1.484314723606596637e-02 -8.900597775453317553e-03 -6.213660954025033479e-05
1.499547993432125657e-02 -8.642686401693617723e-03 -5.935553940680673399e-05
1.514331216083448194e-02 -8.382146200730515584e-03 -5.655688094602706931e-05
1.528659780926896680e-02 -8.119056378029263638e-03 -5.374146346082323255e-05
1.542529219081471663e-02 -7.853496972567111656e-03 -5.091012122016925004e-05
1.555935205005647658e-02 -7.585548830643489004e-03 -4.806369321185283969e-05
1.568873558036619834e-02 -7.315293579375221032e-03 -4.520302289397195656e-05
1.581340243873494839e-02 -7.042813599857330673e-03 -4.232895794479371885e-05
1.593331376012227518e-02 -6.768192000039511928e-03 -3.944235001187983044e-05
1.604843217125397417e-02 -6.491512587290561298e-03 -3.654405445941403028e-05
1.615872180385670431e-02 -6.212859840676724678e-03 -3.363493011492272743e-05
1.626414830739096942e-02 -5.932318882984764959e-03 -3.071583901473956752e-05
1.636467886119374535e-02 -5.649975452464123249e-03 -2.778764614855282859e-05
1.646028218609116994e-02 -5.365915874338242179e-03 -2.485121920311786597e-05
1.655092855541097016e-02 -5.080227032062816471e-03 -2.190742830507590025e-05
1.663658980546913260e-02 -4.792996338374082982e-03 -1.895714576324657069e-05
1.671723934545697732e-02 -4.504311706119016982e-03 -1.600124580998597753e-05
1.679285216673586517e-02 -4.214261518879871757e-03 -1.304060434226551010e-05
1.686340485157858393e-02 -3.922934601423829458e-03 -1.007609866203677181e-05
1.692887558130859449e-02 -3.630420189974533588e-03 -7.108607216310784784e-06
1.698924414383071527e-02 -3.336807902310680394e-03 -4.139009336857540050e-06
1.704449194059946132e-02 -3.042187707739760476e-03 -1.168184979602216422e-06
1.709460199297441890e-02 -2.746649896915524369e-03 1.802985536069102622e-06
1.713955894794874993e-02 -2.450285051539390340e-03 4.773621788215681872e-06
1.717934908332006960e-02 -2.153184013963009395e-03 7.742843513202631866e-06
1.721396031221501810e-02 -1.855437856676718858e-03 1.070977086654958920e-05
1.724338218703862571e-02 -1.557137851735325819e-03 1.367352468365753505e-05
1.726760590277273341e-02 -1.258375440096217660e-03 1.663322674031098673e-05
1.728662429971008010e-02 -9.592422009175090997e-04 1.958800001288453613e-05
1.730043186555413337e-02 -6.598298208047234659e-04 2.253696893832734112e-05
1.730902473688436527e-02 -3.602300630281910225e-04 2.547925967348224537e-05
1.731240070005499870e-02 -6.053473673195762614e-05 2.841400035411039676e-05
1.731055919143993302e-02 2.391643338663523052e-04 3.134032135320678899e-05
1.730350129709899362e-02 5.387753402621648161e-04 3.425735553869900746e-05
1.729122975179121433e-02 8.382065204254105341e-04 3.716423853043971564e-05
1.727374893742461906e-02 1.137366189523848119e-03 4.006010895619264604e-05
1.725106488087266993e-02 1.436162770596672352e-03 4.294410870712470329e-05
1.722318525116564927e-02 1.734504825162105522e-03 4.581538319182507346e-05
1.719011935611283737e-02 2.032301083747962370e-03 4.867308158969483207e-05
1.715187813830366947e-02 2.329460476333469841e-03 5.151635710309180672e-05
1.710847417049228200e-02 2.625892162681602894e-03 5.434436720799401972e-05
1.705992165041957803e-02 2.921505562560911071e-03 5.715627390408964197e-05
1.700623639502345241e-02 3.216210385836534760e-03 5.995124396267840350e-05
1.694743583403579557e-02 3.509916662413024250e-03 6.272844917383137576e-05
1.688353900303758356e-02 3.802534772032416504e-03 6.548706659170641089e-05
1.681456653589178882e-02 4.093975473891324317e-03 6.822627877840721283e-05
1.674054065663089716e-02 4.384149936094615396e-03 7.094527404632006661e-05
1.666148517073091570e-02 4.672969764898023300e-03 7.364324669831788777e-05
1.657742545586296176e-02 4.960347033763782068e-03 7.631939726703545611e-05
1.648838845205907386e-02 5.246194312190286674e-03 7.897293275120372393e-05
1.639440265130105018e-02 5.530424694309489173e-03 8.160306685103224894e-05
1.629549808660192556e-02 5.812951827261843459e-03 8.420902020102217654e-05
1.619170632050393605e-02 6.093689939293313491e-03 8.679002060091962553e-05
1.608306043306766825e-02 6.372553867618896417e-03 8.934530324470192457e-05
1.596959500929313533e-02 6.649459085986039394e-03 9.187411094680122015e-05
1.585134612605928681e-02 6.924321731971074673e-03 9.437569436709465555e-05
1.572835133852194811e-02 7.197058633977418407e-03 9.684931223231595077e-05
1.560064966598728731e-02 7.467587337915216998e-03 9.929423155616251106e-05
1.546828157731569738e-02 7.735826133578838429e-03 1.017097278562585795e-04
1.533128897581428202e-02 8.001694080694878031e-03 1.040950853688796479e-04
1.518971518362959711e-02 8.265111034622518726e-03 1.064495972612411798e-04
1.504360492569325157e-02 8.525997671726228896e-03 1.087725658404334496e-04
1.489300431318193139e-02 8.784275514382771863e-03 1.110633027609533966e-04
1.473796082649896436e-02 9.039866955613901078e-03 1.133211292278864973e-04
1.457852329784084695e-02 9.292695283367990652e-03 1.155453761985735195e-04
1.441474189329030979e-02 9.542684704396894174e-03 1.177353845806259003e-04
1.424666809450150784e-02 9.789760367761744450e-03 1.198905054272493347e-04
1.407435467992924037e-02 1.003384838791696043e-02 1.220101001297724128e-04
1.389785570568262928e-02 1.027487586741095485e-02 1.240935406062829713e-04
1.371722648595498882e-02 1.051277091916329350e-02 1.261402094886543781e-04
1.353252357304576652e-02 1.074746268830396694e-02 1.281495003045894599e-04
1.334380473703069073e-02 1.097888137361356826e-02 1.301208176579022767e-04
1.315112894503089186e-02 1.120695824849846610e-02 1.320535774047159499e-04
1.295455634014137068e-02 1.143162568154959362e-02 1.339472068265504441e-04
1.275414821997875210e-02 1.165281715662278700e-02 1.358011448003004491e-04
1.254996701491892415e-02 1.187046729249420854e-02 1.376148419638578333e-04
1.234207626598803065e-02 1.208451186204212609e-02 1.393877608798699459e-04
1.213054060242172057e-02 1.229488781094872224e-02 1.411193761940788063e-04
1.191542571893586082e-02 1.250153327595555919e-02 1.428091747914841914e-04
1.169679835269188395e-02 1.270438760263010135e-02 1.444566559484393377e-04
1.147472625996097742e-02 1.290339136264345710e-02 1.460613314804366152e-04
1.124927819253529297e-02 1.309848637058268726e-02 1.476227258877684900e-04
1.102052387386486497e-02 1.328961570026574411e-02 1.491403764954193662e-04
1.078853397492202278e-02 1.347672370054569906e-02 1.506138335908148538e-04
1.055338008985575587e-02 1.365975601065078787e-02 1.520426605568149406e-04
1.031513471138826438e-02 1.383865957499778691e-02 1.534264340010969873e-04
1.007387120601068407e-02 1.401338265752560819e-02 1.547647438818963185e-04
9.829663788947421918e-03 1.418387485549359867e-02 1.560571936288030685e-04
9.582587498950027177e-03 1.435008711281021525e-02 1.573034002613748746e-04
9.332718172888873620e-03 1.451197173283169314e-02 1.585029945015152184e-04
9.080132420162836254e-03 1.466948239063604019e-02 1.596556208836247888e-04
8.824907596966313078e-03 1.482257414481875403e-02 1.607609378596255986e-04
8.567121780385943824e-03 1.497120344874372164e-02 1.618186179001853515e-04
8.306853742367951293e-03 1.511532816130652102e-02 1.628283475920663836e-04
8.044182923541214406e-03 1.525490755714767506e-02 1.637898277302330015e-04
7.779189406941263395e-03 1.538990233639160599e-02 1.647027734077070144e-04
7.511953891611782702e-03 1.552027463384703446e-02 1.655669140987908218e-04
7.242557666108723029e-03 1.564598802768094737e-02 1.663819937400144624e-04
6.971082581927576412e-03 1.576700754760496093e-02 1.671477708056895981e-04
6.697611026850069059e-03 1.588329968253382116e-02 1.678640183794782956e-04
6.422225898222888585e-03 1.599483238771579052e-02 1.685305242219597738e-04
6.145010576193685875e-03 1.610157509138351872e-02 1.691470908327217409e-04
5.866048896893443637e-03 1.620349870087657920e-02 1.697135355101203169e-04
5.585425125586115924e-03 1.630057560823454030e-02 1.702296904041747340e-04
5.303223929806010102e-03 1.639277969532626153e-02 1.706954025671192116e-04
5.019530352469764659e-03 1.648008633843419876e-02 1.711105339983885374e-04
4.734429784999640879e-03 1.656247241236986564e-02 1.714749616855128721e-04
4.448007940438443615e-03 1.663991629404853664e-02 1.717885776409010430e-04
4.160350826599244940e-03 1.671239786561082297e-02 1.720512889330240143e-04
3.871544719231591585e-03 1.677989851703087440e-02 1.722630177152093185e-04
3.581676135226502956e-03 1.684240114820952441e-02 1.724237012474512463e-04
3.290831805871004614e-03 1.689989017062608692e-02 1.725332919158199091e-04
2.999098650150027086e-03 1.695235150846563857e-02 1.725917572462343740e-04
2.706563748127517773e-03 1.699977259929924892e-02 1.725990799140880206e-04
2.413314314384460476e-03 1.704214239424687097e-02 1.725552577497128665e-04
2.119437671551449055e-03 1.707945135771414547e-02 1.724603037382136024e-04
1.825021223925898245e-03 1.711169146663874333e-02 1.723142460168539331e-04
1.530152431190374756e-03 1.713885620925442721e-02 1.721171278655202609e-04
1.234918782239036780e-03 1.716094058343277731e-02 1.718690076945738774e-04
9.394077691181713452e-04 1.717794109455383217e-02 1.715699590275462298e-04
6.437068610911530998e-04 1.718985575291018600e-02 1.712200704786716223e-04
3.479034788339532749e-04 1.719668407070320745e-02 1.708194457278240132e-04
5.208496877229151149e-05 1.719842705858245363e-02 1.703682034885680428e-04
-2.436614224416474694e-04 1.719508722172796017e-02 1.698664774737862471e-04
-5.392485732920540044e-04 1.718666855555083320e-02 1.693144163557234701e-04
-8.345895126080299722e-04 1.717317654093017051e-02 1.687121837219383586e-04
-1.129597444601058856e-03 1.715461813906633132e-02 1.680599580271487938e-04
-1.424185773732470793e-03 1.713100178588221334e-02 1.673579325395616068e-04
-1.718268129399183651e-03 1.710233738606482465e-02 1.666063152848245579e-04
-2.011758390434302286e-03 1.706863630668519621e-02 1.658053289831554580e-04
-2.304570709414617904e-03 1.702991137040316821e-02 1.649552109841513419e-04
-2.596619536772692364e-03 1.698617684832998825e-02 1.640562131961213906e-04
-2.887819644705071683e-03 1.693744845246891034e-02 1.631086020114465502e-04
-3.178086150870135934e-03 1.688374332781401171e-02 1.621126582279610239e-04
-3.467334541872885839e-03 1.682508004403863652e-02 1.610686769649654726e-04
-3.755480696533817879e-03 1.676147858686754047e-02 1.599769675769756143e-04
-4.042440908932413285e-03 1.669296034906881873e-02 1.588378535608599834e-04
-4.328131911219997713e-03 1.661954812107879417e-02 1.576516724607402212e-04
-4.612470896202034050e-03 1.654126608131700066e-02 1.564187757676844582e-04
-4.895375539687932785e-03 1.645813978614843465e-02 1.551395288155256501e-04
-5.176764022590650202e-03 1.637019615949747084e-02 1.538143106729227732e-04
-5.456555052791907216e-03 1.627746348217087163e-02 1.524435140302947194e-04
-5.734667886753413470e-03 1.617997138084746947e-02 1.510275450845912086e-04
-6.011022350874371638e-03 1.607775081673043158e-02 1.495668234177877413e-04
-6.285538862602680493e-03 1.597083407394099541e-02 1.480617818733001036e-04
-6.558138451274907882e-03 1.585925474757279505e-02 1.465128664274243091e-04
-6.828742778712674696e-03 1.574304773148454614e-02 1.449205360571680708e-04
-7.097274159533025449e-03 1.562224920576799764e-02 1.432852626045663419e-04
-7.363655581215330405e-03 1.549689662397996971e-02 1.416075306361219580e-04
-7.627810723886566634e-03 1.536702870007694739e-02 1.398878373003335296e-04
-7.889663979830938492e-03 1.523268539506377091e-02 1.381266921792851060e-04
-8.149140472741457988e-03 1.509390790342316629e-02 1.363246171383303523e-04
-8.406166076680918198e-03 1.495073863925050657e-02 1.344821461712087404e-04
-8.660667434781405688e-03 1.480322122216966643e-02 1.325998252417689180e-04
-8.912571977643210519e-03 1.465140046297098292e-02 1.306782121224822157e-04
-9.161807941480349521e-03 1.449532234904906715e-02 1.287178762285186512e-04
-9.408304385968733682e-03 1.433503402959070486e-02 1.267193984499727681e-04
-9.651991211804813661e-03 1.417058380052169282e-02 1.246833709788134768e-04
-9.892799177998637394e-03 1.400202108926077403e-02 1.226103971339206043e-04
-1.013065991887398404e-02 1.382939643924915168e-02 1.205010911823062840e-04
-1.036550596076998842e-02 1.365276149425414393e-02 1.183560781565976656e-04
-1.059727073848070605e-02 1.347216898249711282e-02 1.161759936707028540e-04
-1.082588861139526654e-02 1.328767270057329593e-02 1.139614837305664692e-04
-1.105129487933655640e-02 1.309932749715594751e-02 1.117132045433075362e-04
-1.127342579813946609e-02 1.290718925655099346e-02 1.094318223225982154e-04
-1.149221859491633517e-02 1.271131488203779830e-02 1.071180130911579862e-04
-1.170761148305588494e-02 1.251176227905662595e-02 1.047724624807340943e-04
-1.191954367690320829e-02 1.230859033819436781e-02 1.023958655283788654e-04
-1.212795540618542139e-02 1.210185891803650104e-02 9.998892647126418696e-05
-1.233278793013104120e-02 1.189162882783694440e-02 9.755235853727387571e-05
-1.253398355128696254e-02 1.167796181001900212e-02 9.508688373409847751e-05
-1.273148562907749047e-02 1.146092052255129508e-02 9.259323263514169979e-05
-1.292523859304728004e-02 1.124056852114665127e-02 9.007214416299730948e-05
-1.311518795583909228e-02 1.101697024133986222e-02 8.752436537069742623e-05
-1.330128032585397267e-02 1.079019098039570718e-02 8.495065121990504607e-05
-1.348346341965900655e-02 1.056029687911533635e-02 8.235176435783804851e-05
-1.366168607408931902e-02 1.032735490348542055e-02 7.972847489066846240e-05
-1.383589825805012566e-02 1.009143282619926786e-02 7.708156015571597693e-05
-1.400605108406065280e-02 9.852599208067700301e-03 7.441180449094444559e-05
-1.417209681949787269e-02 9.610923379298617203e-03 7.171999900253432430e-05
-1.433398889754327991e-02 9.366475420655809639e-03 6.900694133063363627e-05
-1.449168192787174229e-02 9.119326144515950069e-03 6.627343541264507393e-05
-1.464513170704189425e-02 8.869547075812373935e-03 6.352029124550177060e-05
-1.479429522858624092e-02 8.617210432853489310e-03 6.074832464516169379e-05
-1.493913069285348477e-02 8.362389108067497245e-03 5.795835700517588593e-05
-1.507959751653501976e-02 8.105156648621561488e-03 5.515121505317660896e-05
-1.521565634193834844e-02 7.845587236961536551e-03 5.232773060587047584e-05
-1.534726904594417227e-02 7.583755671238649049e-03 4.948874032271072558e-05
-1.547439874872025625e-02 7.319737345664177608e-03 4.663508545767656267e-05
-1.559700982213934120e-02 7.053608230768618030e-03 4.376761161039060459e-05
-1.571506789789326244e-02 6.785444853560235363e-03 4.088716847519836806e-05
-1.582853987537318624e-02 6.515324277627234859e-03 3.799460958956270892e-05
-1.593739392922978101e-02 6.243324083135403692e-03 3.509079208111778831e-05
-1.604159951668810563e-02 5.969522346766321930e-03 3.217657641365028186e-05
-1.614112738454555329e-02 5.693997621562195063e-03 2.925282613219444322e-05
-1.623594957593376895e-02 5.416828916715360140e-03 2.632040760698464222e-05
-1.632603943678339470e-02 5.138095677276889595e-03 2.338018977698595860e-05
-1.641137162199250710e-02 4.857877763793778253e-03 2.043304389216609834e-05
-1.649192210135232844e-02 4.576255431891813538e-03 1.747984325545522919e-05
-1.656766816518049842e-02 4.293309311784074614e-03 1.452146296395662738e-05
-1.663858842965960927e-02 4.009120387720457868e-03 1.155877964955879225e-05
-1.670466284193410783e-02 3.723769977380018102e-03 8.592671219309568317e-06
-1.676587268491334937e-02 3.437339711209932720e-03 5.624016595128491530e-06
-1.682220058177373925e-02 3.149911511688844104e-03 2.653695453451730316e-06
-1.687363050023026056e-02 2.861567572567365238e-03 -3.174120354522915641e-07
-1.692014775648927050e-02 2.572390338032182026e-03 -3.288425468326531403e-06
-1.696173901895713099e-02 2.282462481830294272e-03 -6.258464469765635680e-06
-1.699839231163125311e-02 1.991866886348027214e-03 -9.226648953105397909e-06
-1.703009701725678379e-02 1.700686621638440891e-03 -1.219209938124273497e-05
-1.705684388018411865e-02 1.409004924413491009e-03 -1.515393702720256670e-05
-1.707862500892486785e-02 1.116905176984095199e-03 -1.811128423456653705e-05
-1.709543387847357182e-02 8.244708861688537912e-04 -2.106326467754501242e-05
-1.710726533230853830e-02 5.317856621629711610e-04 -2.400900362061711858e-05
-1.711411558414473524e-02 2.389331973691250421e-04 -2.694762817776676997e-05
-1.711598221936382752e-02 -5.400275480188787151e-05 -2.987826757108809320e-05
-1.711286419620810378e-02 -3.469384011641245204e-04 -3.280005338892360336e-05
-1.710476184666695487e-02 -6.397899300198291433e-04 -3.571211984304003916e-05
-1.709167687706127092e-02 -9.324735324470499525e-04 -3.861360402533037462e-05
-1.707361236837798973e-02 -1.224905423616929386e-03 -4.150364616339657155e-05
-1.705057277630118648e-02 -1.517001864132396741e-03 -4.438138987536404268e-05
-1.702256393093795270e-02 -1.808679181383918404e-03 -4.724598242372671946e-05
-1.698959303629129711e-02 -2.099853790931548603e-03 -5.009657496778783408e-05
-1.695166866942534808e-02 -2.390442217901063079e-03 -5.293232281555267121e-05
-1.690880077931518344e-02 -2.680361118388123985e-03 -5.575238567367813124e-05
-1.686100068545049596e-02 -2.969527300884175231e-03 -5.855592789670137371e-05
-1.680828107610417635e-02 -3.257857747703533490e-03 -6.134211873454491117e-05
-1.675065600633811672e-02 -3.545269636425139349e-03 -6.411013257872392676e-05
-1.668814089567160694e-02 -3.831680361326092812e-03 -6.685914920706479911e-05
-1.662075252549724547e-02 -4.117007554831597985e-03 -6.958835402647076237e-05
-1.654850903617278296e-02 -4.401169108957487044e-03 -7.229693831480150880e-05
-1.647142992379401968e-02 -4.684083196740592044e-03 -7.498409945999197205e-05
-1.638953603669970893e-02 -4.965668293677030949e-03 -7.764904119821076499e-05
-1.630284957165456863e-02 -5.245843199140146247e-03 -8.029097384978284345e-05
-1.621139406970859703e-02 -5.524527057785069695e-03 -8.290911455288394480e-05
-1.611519441178344003e-02 -5.801639380944841572e-03 -8.550268749608634145e-05
-1.601427681393074315e-02 -6.077100068003123308e-03 -8.807092414765991606e-05
-1.590866882225714513e-02 -6.350829427736811791e-03 -9.061306348368804110e-05
-1.579839930757817937e-02 -6.622748199643637042e-03 -9.312835221342469249e-05
-1.568349845972083142e-02 -6.892777575232876194e-03 -9.561604500249584401e-05
-1.556399778153774900e-02 -7.160839219285276142e-03 -9.807540469394588798e-05
-1.543993008256691092e-02 -7.426855291068320056e-03 -1.005057025262299125e-04
-1.531132947241190846e-02 -7.690748465523404402e-03 -1.029062183498510787e-04
-1.517823135377978881e-02 -7.952441954398190016e-03 -1.052762408400404831e-04
-1.504067241517804791e-02 -8.211859527323280700e-03 -1.076150677080315020e-04
-1.489869062332266868e-02 -8.468925532851775267e-03 -1.099220059089492016e-04
-1.475232521518753809e-02 -8.723564919424426842e-03 -1.121963718471644231e-04
-1.460161668975259140e-02 -8.975703256284888951e-03 -1.144374915791018761e-04
-1.444660679938527918e-02 -9.225266754310353090e-03 -1.166447010123845509e-04
-1.428733854093217071e-02 -9.472182286791643382e-03 -1.188173461034559375e-04
-1.412385614645789850e-02 -9.716377410123929609e-03 -1.209547830505483068e-04
-1.395620507363032337e-02 -9.957780384408020449e-03 -1.230563784850157035e-04
-1.378443199580657932e-02 -1.019632019398223829e-02 -1.251215096587741243e-04
-1.360858479176354358e-02 -1.043192656785021412e-02 -1.271495646288387589e-04
-1.342871253507620273e-02 -1.066453000000753062e-02 -1.291399424388991763e-04
-1.324486548318859827e-02 -1.089406176968124064e-02 -1.310920532967875540e-04
-1.305709506612740510e-02 -1.112045396144881355e-02 -1.330053187501974653e-04
-1.286545387485630958e-02 -1.134363948523595296e-02 -1.348791718571291074e-04
-1.266999564932712839e-02 -1.156355209621380380e-02 -1.367130573545192497e-04
-1.247077526615315499e-02 -1.178012641454991537e-02 -1.385064318225164568e-04
-1.226784872596473064e-02 -1.199329794504945361e-02 -1.402587638455116473e-04
-1.206127314039436016e-02 -1.220300309662497064e-02 -1.419695341698610223e-04
-1.185110671874642189e-02 -1.240917920166129639e-02 -1.436382358571115878e-04
-1.163740875430884468e-02 -1.261176453520765697e-02 -1.452643744352305531e-04
-1.142023961030355118e-02 -1.281069833400053093e-02 -1.468474680440969135e-04
-1.119966070552441684e-02 -1.300592081535674460e-02 -1.483870475789664429e-04
-1.097573449960425988e-02 -1.319737319586152501e-02 -1.498826568291947658e-04
-1.074852447795444574e-02 -1.338499770991092783e-02 -1.513338526134266611e-04
-1.051809513634121077e-02 -1.356873762803499986e-02 -1.527402049112012387e-04
-1.028451196514158436e-02 -1.374853727506642441e-02 -1.541012969896766603e-04
-1.004784143324469019e-02 -1.392434204809542449e-02 -1.554167255281955367e-04
-9.808150971600223741e-03 -1.409609843420359457e-02 -1.566861007367429596e-04
-9.565508956445525554e-03 -1.426375402801535741e-02 -1.579090464720476138e-04
-9.319984692186361955e-03 -1.442725754901796713e-02 -1.590852003490514485e-04
-9.071648393924592463e-03 -1.458655885863751299e-02 -1.602142138476627439e-04
-8.820571169674468193e-03 -1.474160897711645872e-02 -1.612957524171379465e-04
-8.566825002228405095e-03 -1.489236010013115542e-02 -1.623294955740720513e-04
-8.310482730680674932e-03 -1.503876561514058165e-02 -1.633151369981258199e-04
-8.051618031643564474e-03 -1.518078011752482803e-02 -1.642523846224713899e-04
-7.790305400111843803e-03 -1.531835942641695571e-02 -1.651409607203433751e-04
-7.526620130018338468e-03 -1.545146060029916647e-02 -1.659806019876584318e-04
-7.260638294447475764e-03 -1.558004195228202514e-02 -1.667710596202505425e-04
-6.992436725546484315e-03 -1.570406306513740316e-02 -1.675120993888011491e-04
-6.722092994110184620e-03 -1.582348480602272303e-02 -1.682035017070426797e-04
-6.449685388840561452e-03 -1.593826934087775454e-02 -1.688450616976144522e-04
-6.175292895316210687e-03 -1.604838014855917289e-02 -1.694365892524435195e-04
-5.898995174636849012e-03 -1.615378203462027734e-02 -1.699779090890832299e-04
-5.620872541773578972e-03 -1.625444114479515645e-02 -1.704688608029786018e-04
-5.341005943613060317e-03 -1.635032497811639285e-02 -1.709092989141917788e-04
-5.059476936713030309e-03 -1.644140239973441650e-02 -1.712990929117550051e-04
-4.776367664763438853e-03 -1.652764365336893693e-02 -1.716381272910976375e-04
-4.491760835759507631e-03 -1.660902037339009873e-02 -1.719263015890837374e-04
-4.205739698897580439e-03 -1.668550559656923477e-02 -1.721635304134497594e-04
-3.918388021193442913e-03 -1.675707377344822988e-02 -1.723497434681072545e-04
-3.629790063832006013e-03 -1.682370077931177876e-02 -1.724848855743072557e-04
-3.340030558245279772e-03 -1.688536392481270604e-02 -1.725689166861735344e-04
-3.049194681946003436e-03 -1.694204196618873809e-02 -1.726018119038281410e-04
-2.757368034089303921e-03 -1.699371511505732429e-02 -1.725835614795092601e-04
-2.464636610802049214e-03 -1.704036504785110331e-02 -1.725141708212796156e-04
-2.171086780268087577e-03 -1.708197491480063779e-02 -1.723936604910900039e-04
-1.876805257576510738e-03 -1.711852934853057978e-02 -1.722220661986820667e-04
-1.581879079348067841e-03 -1.715001447218935868e-02 -1.719994387913474589e-04
-1.286395578138840911e-03 -1.717641790719228595e-02 -1.717258442380381611e-04
-9.904423566380669668e-04 -1.719772878050282450e-02 -1.714013636110781850e-04
-6.941072616477786525e-04 -1.721393773144649919e-02 -1.710260930608818752e-04
-3.974783578836981455e-04 -1.722503691811859763e-02 -1.706001437882794056e-04
-1.006439015733919299e-04 -1.723102002329295404e-02 -1.701236420112364073e-04
1.963076861202015368e-04 -1.723188225989960923e-02 -1.695967289274408890e-04
4.932878458450949428e-04 -1.722762037599146617e-02 -1.690195606728088420e-04
7.902079069798854201e-04 -1.721823265928172295e-02 -1.683923082744072321e-04
1.086979114695547401e-03 -1.720371894117628600e-02 -1.677151576009914776e-04
1.383512657171247478e-03 -1.718408060030126791e-02 -1.669883093067592902e-04
1.679719692945786129e-03 -1.715932056557534224e-02 -1.662119787725404587e-04
1.975511378395221514e-03 -1.712944331876694454e-02 -1.653863960419953193e-04
2.270798895326434606e-03 -1.709445489653347444e-02 -1.645118057527764283e-04
2.565493478682929086e-03 -1.705436289198941288e-02 -1.635884670651902549e-04
2.859506444349458210e-03 -1.700917645574633388e-02 -1.626166535842385452e-04
3.152749217036939031e-03 -1.695890629641388578e-02 -1.615966532792826552e-04
3.445133358255970859e-03 -1.690356468062831352e-02 -1.605287683984378197e-04
3.736570594350854379e-03 -1.684316543251793835e-02 -1.594133153789678548e-04
4.026972844595170034e-03 -1.677772393267432799e-02 -1.582506247538627091e-04
4.316252249331576675e-03 -1.670725711655419998e-02 -1.570410410531280360e-04
4.604321198145530994e-03 -1.663178347239453389e-02 -1.557849227028309277e-04
4.891092358075904527e-03 -1.655132303856864801e-02 -1.544826419177780768e-04
5.176478701819880839e-03 -1.646589740038445146e-02 -1.531345845919290653e-04
5.460393535957454650e-03 -1.637552968638708237e-02 -1.517411501837629914e-04
5.742750529161603883e-03 -1.628024456407775253e-02 -1.503027515979064963e-04
6.023463740389928787e-03 -1.618006823512207690e-02 -1.488198150630808158e-04
6.302447647038121950e-03 -1.607502842997264592e-02 -1.472927800050741328e-04
6.579617173064019123e-03 -1.596515440198975969e-02 -1.457220989176354607e-04
6.854887717050774272e-03 -1.585047692098951258e-02 -1.441082372273043389e-04
7.128175180195958464e-03 -1.573102826622796435e-02 -1.424516731561845844e-04
7.399395994237514818e-03 -1.560684221887027878e-02 -1.407528975799615385e-04
7.668467149283251551e-03 -1.547795405389297205e-02 -1.390124138824420886e-04
7.935306221531065671e-03 -1.534440053142158492e-02 -1.372307378066756035e-04
8.199831400893286756e-03 -1.520621988755337453e-02 -1.354083973014445666e-04
8.461961518485855427e-03 -1.506345182461349755e-02 -1.335459323658569342e-04
8.721616073969536836e-03 -1.491613750084564913e-02 -1.316438948883100202e-04
8.978715262765476005e-03 -1.476431951959631707e-02 -1.297028484836091234e-04
9.233180003088068549e-03 -1.460804191791821235e-02 -1.277233683256997706e-04
9.484931962820623841e-03 -1.444735015466384366e-02 -1.257060409772164174e-04
9.733893586186544156e-03 -1.428229109799825786e-02 -1.236514642159389763e-04
9.979988120245232575e-03 -1.411291301241943130e-02 -1.215602468570458808e-04
1.022313964116855663e-02 -1.393926554522012008e-02 -1.194330085736283319e-04
1.046327308028236272e-02 -1.376139971240231130e-02 -1.172703797121556462e-04
1.070031424990249697e-02 -1.357936788410085173e-02 -1.150730011062829264e-04
1.093418986889809624e-02 -1.339322376944909049e-02 -1.128415238867139573e-04
1.116482758802375859e-02 -1.320302240095086628e-02 -1.105766092882602187e-04
1.139215601495069223e-02 -1.300882011830193502e-02 -1.082789284541307254e-04
1.161610473905298931e-02 -1.281067455174040616e-02 -1.059491622365166453e-04
1.183660435588286888e-02 -1.260864460486685844e-02 -1.035880009956468683e-04
1.205358649132961917e-02 -1.240279043695191596e-02 -1.011961443944514989e-04
1.226698382549475629e-02 -1.219317344477729298e-02 -9.877430119165608836e-05
1.247673011621569690e-02 -1.197985624396788115e-02 -9.632318903177525130e-05
1.268276022225539243e-02 -1.176290264983217287e-02 -9.384353423204457761e-05
1.288501012615628043e-02 -1.154237765775039531e-02 -9.133607156788653967e-05
1.308341695672723785e-02 -1.131834742307461471e-02 -8.880154405450345356e-05
1.327791901114494001e-02 -1.109087924055207619e-02 -8.624070272712897034e-05
1.346845577670072354e-02 -1.086004152332532662e-02 -8.365430641831985814e-05
1.365496795213346458e-02 -1.062590378144827319e-02 -8.104312153308148041e-05
1.383739746858012910e-02 -1.038853659998828505e-02 -7.840792182194531129e-05
1.401568751008474938e-02 -1.014801161666845433e-02 -7.574948815129635849e-05
1.418978253371968971e-02 -9.904401499110310550e-03 -7.306860827257115928e-05
1.435962828925924258e-02 -9.657779921646878624e-03 -7.036607658823424588e-05
1.452517183839223923e-02 -9.408221541716754385e-03 -6.764269391678877645e-05
1.468636157352033386e-02 -9.155801975885389729e-03 -6.489926725529785150e-05
1.484314723606333999e-02 -8.900597775451843038e-03 -6.213660954024822060e-05
1.499547993432395927e-02 -8.642686401695277854e-03 -5.935553940683025440e-05
1.514331216083604666e-02 -8.382146200731424579e-03 -5.655688094601580716e-05
1.528659780926870139e-02 -8.119056378029022511e-03 -5.374146346082927020e-05
1.542529219081448764e-02 -7.853496972566952061e-03 -5.091012122016598388e-05
1.555935205005740812e-02 -7.585548830644110903e-03 -4.806369321185690544e-05
1.568873558036337421e-02 -7.315293579373660648e-03 -4.520302289395813976e-05
1.581340243873482695e-02 -7.042813599857498073e-03 -4.232895794479577884e-05
1.593331376012532830e-02 -6.768192000041050628e-03 -3.944235001189444007e-05
1.604843217125277374e-02 -6.491512587289848327e-03 -3.654405445940713204e-05
1.615872180385721085e-02 -6.212859840677173971e-03 -3.363493011492399459e-05
1.626414830739043513e-02 -5.932318882984341686e-03 -3.071583901474122093e-05
1.636467886119495618e-02 -5.649975452464242945e-03 -2.778764614855342490e-05
1.646028218608805785e-02 -5.365915874337444207e-03 -2.485121920310963281e-05
1.655092855541113669e-02 -5.080227032063054128e-03 -2.190742830507822113e-05
1.663658980547204347e-02 -4.792996338374780341e-03 -1.895714576325195104e-05
1.671723934545601281e-02 -4.504311706119016982e-03 -1.600124580998464938e-05
1.679285216673605599e-02 -4.214261518880049566e-03 -1.304060434226663835e-05
1.686340485157897598e-02 -3.922934601423931807e-03 -1.007609866203690564e-05
1.692887558130677997e-02 -3.630420189973648879e-03 -7.108607216310784784e-06
1.698924414382743664e-02 -3.336807902310196406e-03 -4.139009336857473134e-06
1.704449194060263587e-02 -3.042187707740806081e-03 -1.168184979601618840e-06
1.709460199297633057e-02 -2.746649896915549088e-03 1.802985536068438760e-06
1.713955894794830237e-02 -2.450285051539381666e-03 4.773621788215083867e-06
1.717934908331986144e-02 -2.153184013963017202e-03 7.742843513203760114e-06
1.721396031221607628e-02 -1.855437856676778055e-03 1.070977086654832712e-05
1.724338218703548239e-02 -1.557137851735079272e-03 1.367352468365687098e-05
1.726760590277268484e-02 -1.258375440096209420e-03 1.663322674031224711e-05
1.728662429971333445e-02 -9.592422009176791026e-04 1.958800001288466488e-05
1.730043186555284274e-02 -6.598298208047404878e-04 2.253696893832720898e-05
1.730902473688508345e-02 -3.602300630281910225e-04 2.547925967348098838e-05
1.731240070005428400e-02 -6.053473673195762614e-05 2.841400035411092531e-05
1.731055919144120978e-02 2.391643338663437671e-04 3.134032135320684998e-05
1.730350129709573234e-02 5.387753402620629010e-04 3.425735553869927851e-05
1.729122975179126984e-02 8.382065204252575532e-04 3.716423853044216864e-05
1.727374893742773809e-02 1.137366189524111580e-03 4.006010895619092487e-05
1.725106488087161175e-02 1.436162770596927790e-03 4.294410870712403922e-05
1.722318525116590601e-02 1.734504825161893018e-03 4.581538319182175986e-05
1.719011935611328493e-02 2.032301083748064285e-03 4.867308158970539626e-05
1.715187813830175781e-02 2.329460476332994093e-03 5.151635710307037340e-05
1.710847417048910399e-02 2.625892162680931990e-03 5.434436720799202750e-05
1.705992165042274911e-02 2.921505562561387253e-03 5.715627390411088556e-05
1.700623639502537796e-02 3.216210385836959767e-03 5.995124396267009580e-05
1.694743583403535495e-02 3.509916662413354715e-03 6.272844917383668835e-05
1.688353900303733376e-02 3.802534772032059585e-03 6.548706659170017673e-05
1.681456653589276026e-02 4.093975473891502993e-03 6.822627877841999286e-05
1.674054065662788568e-02 4.384149936093476550e-03 7.094527404629172827e-05
1.666148517073092958e-02 4.672969764898192435e-03 7.364324669831642410e-05
1.657742545586607386e-02 4.960347033764894893e-03 7.631939726706227656e-05
1.648838845205789425e-02 5.246194312189530334e-03 7.897293275119181125e-05
1.639440265130168856e-02 5.530424694309980967e-03 8.160306685104164084e-05
1.629549808660128371e-02 5.812951827261869479e-03 8.420902020101502081e-05
1.619170632050512260e-02 6.093689939293673447e-03 8.679002060093105031e-05
1.608306043306463248e-02 6.372553867617528588e-03 8.934530324466831430e-05
1.596959500929322207e-02 6.649459085985866789e-03 9.187411094680109818e-05
1.585134612606216298e-02 6.924321731972379185e-03 9.437569436712710030e-05
1.572835133852094891e-02 7.197058633977178148e-03 9.684931223230645045e-05
1.560064966598744690e-02 7.467587337915264703e-03 9.929423155617034442e-05
1.546828157731617789e-02 7.735826133579174965e-03 1.017097278562480492e-04
1.533128897581265658e-02 8.001694080693805972e-03 1.040950853688971713e-04
1.518971518362669318e-02 8.265111034620827371e-03 1.064495972612001428e-04
1.504360492569603060e-02 8.525997671727993110e-03 1.087725658404313896e-04
1.489300431318366612e-02 8.784275514383637490e-03 1.110633027609938373e-04
1.473796082649862435e-02 9.039866955613541991e-03 1.133211292278729312e-04
1.457852329784069777e-02 9.292695283367929937e-03 1.155453761985793742e-04
1.441474189329111644e-02 9.542684704397418061e-03 1.177353845806240301e-04
1.424666809449886239e-02 9.789760367760304630e-03 1.198905054272490095e-04
1.407435467992933058e-02 1.003384838791678002e-02 1.220101001297717352e-04
1.389785570568530942e-02 1.027487586741266355e-02 1.240935406062826461e-04
1.371722648595401217e-02 1.051277091916258226e-02 1.261402094886553539e-04
1.353252357304616897e-02 1.074746268830460184e-02 1.281495003045894328e-04
1.334380473703027786e-02 1.097888137361299060e-02 1.301208176579009485e-04
1.315112894503181126e-02 1.120695824849926928e-02 1.320535774047160312e-04
1.295455634013900105e-02 1.143162568154743736e-02 1.339472068265525040e-04
1.275414821997884231e-02 1.165281715662267424e-02 1.358011448003009370e-04
1.254996701492099194e-02 1.187046729249647235e-02 1.376148419638546078e-04
1.234207626598752931e-02 1.208451186204136628e-02 1.393877608798749061e-04
1.213054060242176047e-02 1.229488781094889918e-02 1.411193761940692112e-04
1.191542571893603603e-02 1.250153327595569970e-02 1.428091747915041950e-04
1.169679835269078413e-02 1.270438760262887143e-02 1.444566559483859950e-04
1.147472625995877953e-02 1.290339136264085675e-02 1.460613314804343654e-04
1.124927819253745617e-02 1.309848637058514016e-02 1.476227258878254919e-04
1.102052387386607407e-02 1.328961570026729495e-02 1.491403764953986579e-04
1.078853397492173655e-02 1.347672370054515782e-02 1.506138335908253976e-04
1.055338008985575067e-02 1.365975601065082257e-02 1.520426605568033938e-04
1.031513471138884204e-02 1.383865957499854152e-02 1.534264340011185900e-04
1.007387120600890078e-02 1.401338265752307202e-02 1.547647438818386932e-04
9.829663788947508654e-03 1.418387485549359346e-02 1.560571936288022554e-04
9.582587498951841698e-03 1.435008711281269070e-02 1.573034002614340720e-04
9.332718172888058300e-03 1.451197173283088303e-02 1.585029945014922062e-04
9.080132420163247384e-03 1.466948239063659530e-02 1.596556208836359290e-04
8.824907596966089299e-03 1.482257414481801504e-02 1.607609378596131303e-04
8.567121780386341076e-03 1.497120344874489084e-02 1.618186179002104508e-04
8.306853742366372695e-03 1.511532816130363617e-02 1.628283475920045298e-04
8.044182923541353183e-03 1.525490755714783639e-02 1.637898277302321883e-04
7.779189406942602601e-03 1.538990233639428266e-02 1.647027734077688682e-04
7.511953891611548514e-03 1.552027463384609771e-02 1.655669140987662917e-04
7.242557666108807163e-03 1.564598802768125269e-02 1.663819937400288010e-04
6.971082581927482737e-03 1.576700754760531134e-02 1.671477708056754764e-04
6.697611026849334404e-03 1.588329968253199623e-02 1.678640183795030154e-04
6.422225898222026427e-03 1.599483238771278251e-02 1.685305242218958330e-04
6.145010576194993857e-03 1.610157509138649898e-02 1.691470908327230690e-04
5.866048896893978799e-03 1.620349870087838678e-02 1.697135355101830109e-04
5.585425125585868726e-03 1.630057560823409274e-02 1.702296904041513965e-04
5.303223929805721271e-03 1.639277969532606724e-02 1.706954025671291592e-04
5.019530352470403037e-03 1.648008633843524307e-02 1.711105339983840922e-04
4.734429784998783058e-03 1.656247241236688192e-02 1.714749616855147966e-04
4.448007940438434941e-03 1.663991629404836317e-02 1.717885776408998775e-04
4.160350826600027301e-03 1.671239786561395241e-02 1.720512889330243396e-04
3.871544719231065097e-03 1.677989851702973295e-02 1.722630177152093185e-04
3.581676135227055465e-03 1.684240114821015585e-02 1.724237012474513818e-04
3.290831805870503713e-03 1.689989017062542773e-02 1.725332919158198820e-04
2.999098650150205329e-03 1.695235150846689798e-02 1.725917572462344824e-04
2.706563748127372923e-03 1.699977259929603274e-02 1.725990799140876683e-04
2.413314314384477390e-03 1.704214239424689178e-02 1.725552577497136255e-04
2.119437671551763908e-03 1.707945135771725409e-02 1.724603037382117592e-04
1.825021223925694415e-03 1.711169146663771290e-02 1.723142460168582699e-04
1.530152431190519606e-03 1.713885620925462844e-02 1.721171278655101507e-04
1.234918782239061933e-03 1.716094058343324569e-02 1.718690076945976215e-04
9.394077691182392163e-04 1.717794109455192397e-02 1.715699590274828311e-04
6.437068610909999020e-04 1.718985575290693166e-02 1.712200704786710260e-04
3.479034788340213086e-04 1.719668407070645832e-02 1.708194457278883335e-04
5.208496877229998860e-05 1.719842705858436530e-02 1.703682034885427537e-04
-2.436614224416474694e-04 1.719508722172751261e-02 1.698664774738000436e-04
-5.392485732920624612e-04 1.718666855555059381e-02 1.693144163557103784e-04
-8.345895126080724730e-04 1.717317654093122176e-02 1.687121837219622924e-04
-1.129597444600642306e-03 1.715461813906320188e-02 1.680599580270862624e-04
-1.424185773732462336e-03 1.713100178588217171e-02 1.673579325395625826e-04
-1.718268129399523874e-03 1.710233738606810328e-02 1.666063152848857069e-04
-2.011758390434336546e-03 1.706863630668391252e-02 1.658053289831310634e-04
-2.304570709414617904e-03 1.702991137040381700e-02 1.649552109841654637e-04
-2.596619536772701471e-03 1.698617684832933253e-02 1.640562131961081362e-04
-2.887819644705114184e-03 1.693744845247021485e-02 1.631086020114707008e-04
-3.178086150869701820e-03 1.688374332781077472e-02 1.621126582278993599e-04
-3.467334541872716270e-03 1.682508004403869203e-02 1.610686769649668278e-04
-3.755480696534251560e-03 1.676147858687060399e-02 1.599769675770377933e-04
-4.042440908932693443e-03 1.669296034906781606e-02 1.588378535608346944e-04
-4.328131911219844190e-03 1.661954812107897458e-02 1.576516724607517409e-04
-4.612470896201882262e-03 1.654126608131744822e-02 1.564187757676719899e-04
-4.895375539687321295e-03 1.645813978614663400e-02 1.551395288155493399e-04
-5.176764022589749013e-03 1.637019615949435181e-02 1.538143106728646870e-04
-5.456555052792723404e-03 1.627746348217397332e-02 1.524435140302961018e-04
-5.734667886754109094e-03 1.617997138084932562e-02 1.510275450846469366e-04
-6.011022350874566794e-03 1.607775081672992157e-02 1.495668234177663012e-04
-6.285538862602400335e-03 1.597083407394079765e-02 1.480617818733096446e-04
-6.558138451275169825e-03 1.585925474757389139e-02 1.465128664274205957e-04
-6.828742778711445645e-03 1.574304773148167344e-02 1.449205360571702392e-04
-7.097274159533077491e-03 1.562224920576783978e-02 1.432852626045639025e-04
-7.363655581216636652e-03 1.549689662398292048e-02 1.416075306361238824e-04
-7.627810723886196270e-03 1.536702870007577992e-02 1.398878373003329333e-04
-7.889663979831294111e-03 1.523268539506430000e-02 1.381266921792863799e-04
-8.149140472741032981e-03 1.509390790342277078e-02 1.363246171383304065e-04
-8.406166076681487187e-03 1.495073863925147455e-02 1.344821461712054336e-04
-8.660667434779620658e-03 1.480322122216726731e-02 1.325998252417734987e-04
-8.912571977642950311e-03 1.465140046297049720e-02 1.306782121224721598e-04
-9.161807941483059159e-03 1.449532234905253139e-02 1.287178762285378416e-04
-9.408304385965982411e-03 1.433503402958702030e-02 1.267193984499231929e-04
-9.651991211805431223e-03 1.417058380052297825e-02 1.246833709788263517e-04
-9.892799177998999952e-03 1.400202108926090414e-02 1.226103971339356476e-04
-1.013065991887246095e-02 1.382939643924742737e-02 1.205010911822504611e-04
-1.036550596076887994e-02 1.365276149425296605e-02 1.183560781566279284e-04
-1.059727073847958195e-02 1.347216898249560188e-02 1.161759936706778089e-04
-1.082588861139973865e-02 1.328767270057894766e-02 1.139614837306164103e-04
-1.105129487933489800e-02 1.309932749715395257e-02 1.117132045432951763e-04
-1.127342579813964824e-02 1.290718925655120163e-02 1.094318223225936211e-04
-1.149221859491738815e-02 1.271131488203914445e-02 1.071180130911815540e-04
-1.170761148305234089e-02 1.251176227905294834e-02 1.047724624806739481e-04
-1.191954367690694488e-02 1.230859033819811654e-02 1.023958655284396214e-04
-1.212795540618404923e-02 1.210185891803505429e-02 9.998892647124002281e-05
-1.233278793013147662e-02 1.189162882783749084e-02 9.755235853728357932e-05
-1.253398355128679600e-02 1.167796181001920681e-02 9.508688373410193340e-05
-1.273148562907705506e-02 1.146092052255070701e-02 9.259323263513358183e-05
-1.292523859304855680e-02 1.124056852114809803e-02 9.007214416301835655e-05
-1.311518795583525680e-02 1.101697024133622277e-02 8.752436537064278244e-05
-1.330128032585816029e-02 1.079019098039926683e-02 8.495065121995872763e-05
-1.348346341965713999e-02 1.056029687911405959e-02 8.235176435782097233e-05
-1.366168607409011700e-02 1.032735490348611444e-02 7.972847489067263658e-05
-1.383589825804967983e-02 1.009143282619913082e-02 7.708156015572122175e-05
-1.400605108406092342e-02 9.852599208067537237e-03 7.441180449093380686e-05
-1.417209681949688910e-02 9.610923379298140154e-03 7.171999900254932695e-05
-1.433398889753891708e-02 9.366475420652964692e-03 6.900694133059770852e-05
-1.449168192787871935e-02 9.119326144520645966e-03 6.627343541268405100e-05
-1.464513170703911175e-02 8.869547075810606251e-03 6.352029124548781150e-05
-1.479429522858748472e-02 8.617210432854072177e-03 6.074832464516792795e-05
-1.493913069285289497e-02 8.362389108067332447e-03 5.795835700517781717e-05
-1.507959751653535109e-02 8.105156648621962209e-03 5.515121505317017829e-05
-1.521565634193729893e-02 7.845587236960931132e-03 5.232773060588594605e-05
-1.534726904593953188e-02 7.583755671236349673e-03 4.948874032268044246e-05
-1.547439874872784914e-02 7.319737345667895988e-03 4.663508545770768605e-05
-1.559700982213629676e-02 7.053608230767331733e-03 4.376761161038276445e-05
-1.571506789789456349e-02 6.785444853560839047e-03 4.088716847519611157e-05
-1.582853987537248541e-02 6.515324277627069192e-03 3.799460958956403706e-05
-1.593739392923035694e-02 6.243324083135447060e-03 3.509079208111420367e-05
-1.604159951668689479e-02 5.969522346765973250e-03 3.217657641366290604e-05
-1.614112738454059545e-02 5.693997621560614730e-03 2.925282613217631333e-05
-1.623594957594168275e-02 5.416828916718105340e-03 2.632040760699825912e-05
-1.632603943678052200e-02 5.138095677275953711e-03 2.338018977698562317e-05
-1.641137162199346813e-02 4.857877763794041064e-03 2.043304389216689794e-05
-1.649192210135273784e-02 4.576255431892281046e-03 1.747984325545774996e-05
-1.656766816517792756e-02 4.293309311783334754e-03 1.452146296394885839e-05
-1.663858842965834986e-02 4.009120387720109188e-03 1.155877964956324087e-05
-1.670466284193217535e-02 3.723769977379941774e-03 8.592671219310498359e-06
-1.676587268492023275e-02 3.437339711211054652e-03 5.624016595132608958e-06
-1.682220058177141819e-02 3.149911511688487185e-03 2.653695453453191025e-06
-1.687363050023055547e-02 2.861567572567653636e-03 -3.174120354546158226e-07
-1.692014775649077277e-02 2.572390338032182026e-03 -3.288425468324340129e-06
-1.696173901895216621e-02 2.282462481829979420e-03 -6.258464469761517405e-06
-1.699839231163633932e-02 1.991866886348273979e-03 -9.226648953111706611e-06
-1.703009701725483396e-02 1.700686621638729723e-03 -1.219209938123808815e-05
-1.705684388018483336e-02 1.409004924413558447e-03 -1.515393702720164004e-05
-1.707862500892485050e-02 1.116905176983704019e-03 -1.811128423456912897e-05
-1.709543387847285711e-02 8.244708861690493813e-04 -2.106326467754501919e-05
-1.710726533231052282e-02 5.317856621628605724e-04 -2.400900362061306298e-05
-1.711411558413952760e-02 2.389331973694564827e-04 -2.694762817775441684e-05
-1.711598221936905945e-02 -5.400275480178588197e-05 -2.987826757110409535e-05
-1.711286419620603946e-02 -3.469384011642775555e-04 -3.280005338891438086e-05
-1.710476184666787774e-02 -6.397899300197187715e-04 -3.571211984304714068e-05
-1.709167687706075051e-02 -9.324735324466760112e-04 -3.861360402532718977e-05
-1.707361236837844770e-02 -1.224905423617473439e-03 -4.150364616339032384e-05
-1.705057277630003115e-02 -1.517001864132269456e-03 -4.438138987537373952e-05
-1.702256393093275894e-02 -1.808679181383016999e-03 -4.724598242369638213e-05
-1.698959303629969664e-02 -2.099853790932661862e-03 -5.009657496781737859e-05
-1.695166866942213538e-02 -2.390442217900603811e-03 -5.293232281554198504e-05
-1.690880077931653999e-02 -2.680361118388133526e-03 -5.575238567368132286e-05
-1.686100068544986799e-02 -2.969527300884065076e-03 -5.855592789670116365e-05
-1.680828107610473493e-02 -3.257857747703974977e-03 -6.134211873454034397e-05
-1.675065600633685731e-02 -3.545269636424535666e-03 -6.411013257873892941e-05
-1.668814089566663869e-02 -3.831680361324809984e-03 -6.685914920702263719e-05
-1.662075252550536744e-02 -4.117007554833459343e-03 -6.958835402651246350e-05
-1.654850903616978189e-02 -4.401169108956570243e-03 -7.229693831478149172e-05
-1.647142992379494603e-02 -4.684083196741085572e-03 -7.498409945999435730e-05
-1.638953603670014261e-02 -4.965668293677207891e-03 -7.764904119822243372e-05
-1.630284957165212614e-02 -5.245843199139585931e-03 -8.029097384974141337e-05
-1.621139406970738273e-02 -5.524527057784244834e-03 -8.290911455290486990e-05
-1.611519441178174347e-02 -5.801639380944110386e-03 -8.550268749606894001e-05
-1.601427681393707836e-02 -6.077100068005639524e-03 -8.807092414769405488e-05
-1.590866882225585449e-02 -6.350829427735894990e-03 -9.061306348368271496e-05
-1.579839930757620178e-02 -6.622748199643029889e-03 -9.312835221340630171e-05
-1.568349845972804094e-02 -6.892777575236054208e-03 -9.561604500254872597e-05
-1.556399778153326474e-02 -7.160839219282986307e-03 -9.807540469389022775e-05
-1.543993008256570182e-02 -7.426855291067993060e-03 -1.005057025262545375e-04
-1.531132947241248959e-02 -7.690748465523554456e-03 -1.029062183498403180e-04
-1.517823135377918686e-02 -7.952441954397745927e-03 -1.052762408400398733e-04
-1.504067241517927957e-02 -8.211859527323896527e-03 -1.076150677080423170e-04
-1.489869062331983761e-02 -8.468925532850146362e-03 -1.099220059089213105e-04
-1.475232521519487250e-02 -8.723564919428807019e-03 -1.121963718472311151e-04
-1.460161668974814010e-02 -8.975703256282087372e-03 -1.144374915790337204e-04
-1.444660679938429559e-02 -9.225266754309820530e-03 -1.166447010124121845e-04
-1.428733854093255928e-02 -9.472182286791652056e-03 -1.188173461034437809e-04
-1.412385614645738675e-02 -9.716377410123511540e-03 -1.209547830505485643e-04
-1.395620507363121848e-02 -9.957780384408997099e-03 -1.230563784850236995e-04
-1.378443199580489144e-02 -1.019632019398071868e-02 -1.251215096587469380e-04
-1.360858479176773640e-02 -1.043192656785320305e-02 -1.271495646289141381e-04
-1.342871253507223021e-02 -1.066453000000458333e-02 -1.291399424388194603e-04
-1.324486548318984380e-02 -1.089406176968195188e-02 -1.310920532968156619e-04
-1.305709506612743979e-02 -1.112045396144905295e-02 -1.330053187501935080e-04
-1.286545387485469802e-02 -1.134363948523445763e-02 -1.348791718571111097e-04
-1.266999564933257542e-02 -1.156355209621851704e-02 -1.367130573545806969e-04
-1.247077526615168394e-02 -1.178012641454858657e-02 -1.385064318224857739e-04
-1.226784872596374358e-02 -1.199329794504852206e-02 -1.402587638455435499e-04
-1.206127314039244329e-02 -1.220300309662298438e-02 -1.419695341697946149e-04
-1.185110671874685384e-02 -1.240917920166181854e-02 -1.436382358571337598e-04
-1.163740875430940153e-02 -1.261176453520830056e-02 -1.452643744352304718e-04
-1.142023961030192748e-02 -1.281069833399847181e-02 -1.468474680440742537e-04
-1.119966070552909539e-02 -1.300592081536205806e-02 -1.483870475790344766e-04
-1.097573449960274027e-02 -1.319737319586007998e-02 -1.498826568291607489e-04
-1.074852447795376746e-02 -1.338499770990986618e-02 -1.513338526134601900e-04
-1.051809513633979176e-02 -1.356873762803312636e-02 -1.527402049111319310e-04
-1.028451196514169712e-02 -1.374853727506695350e-02 -1.541012969896979378e-04
-1.004784143324527305e-02 -1.392434204809590848e-02 -1.554167255281983827e-04
-9.808150971598424833e-03 -1.409609843420102718e-02 -1.566861007367111112e-04
-9.565508956450374106e-03 -1.426375402802247672e-02 -1.579090464721409637e-04
-9.319984692183390373e-03 -1.442725754901343256e-02 -1.590852003489554424e-04
-9.071648393924004392e-03 -1.458655885863643226e-02 -1.602142138476995525e-04
-8.820571169674927894e-03 -1.474160897711718730e-02 -1.612957524171233911e-04
-8.566825002227940189e-03 -1.489236010013043551e-02 -1.623294955740732981e-04
-8.310482730681554436e-03 -1.503876561514179595e-02 -1.633151369981383696e-04
-8.051618031642036183e-03 -1.518078011752198135e-02 -1.642523846224331447e-04
-7.790305400115385241e-03 -1.531835942642431440e-02 -1.651409607204428777e-04
-7.526620130016191748e-03 -1.545146060029451568e-02 -1.659806019875584141e-04
-7.260638294446889428e-03 -1.558004195228091145e-02 -1.667710596202893569e-04
-6.992436725546854678e-03 -1.570406306513789929e-02 -1.675120993887867292e-04
-6.722092994109746603e-03 -1.582348480602215057e-02 -1.682035017070430320e-04
-6.449685388841462641e-03 -1.593826934087894456e-02 -1.688450616976276523e-04
-6.175292895315155975e-03 -1.604838014855613018e-02 -1.694365892524048406e-04
-5.898995174639330534e-03 -1.615378203462815992e-02 -1.699779090891860123e-04
-5.620872541772055885e-03 -1.625444114479027494e-02 -1.704688608028754129e-04
-5.341005943612745464e-03 -1.635032497811532079e-02 -1.709092989142309998e-04
-5.059476936713327815e-03 -1.644140239973481896e-02 -1.712990929117402599e-04
-4.776367664763260176e-03 -1.652764365336859345e-02 -1.716381272910979356e-04
-4.491760835759796462e-03 -1.660902037339074405e-02 -1.719263015890976965e-04
-4.205739698896739098e-03 -1.668550559656729187e-02 -1.721635304134104842e-04
-3.918388021195346772e-03 -1.675707377345332649e-02 -1.723497434682107416e-04
-3.629790063830305551e-03 -1.682370077930683133e-02 -1.724848855742045547e-04
-3.340030558245467122e-03 -1.688536392481427076e-02 -1.725689166862091233e-04
-3.049194681946402422e-03 -1.694204196618897748e-02 -1.726018119038238313e-04
-2.757368034088896695e-03 -1.699371511505489568e-02 -1.725835614794855161e-04
-2.464636610803382782e-03 -1.704036504785817405e-02 -1.725141708213581389e-04
-2.171086780267705071e-03 -1.708197491479875735e-02 -1.723936604910501866e-04
-1.876805257576289344e-03 -1.711852934852928915e-02 -1.722220661987219111e-04
-1.581879079348059167e-03 -1.715001447218670802e-02 -1.719994387912689084e-04
-1.286395578138908998e-03 -1.717641790719284106e-02 -1.717258442380634772e-04
-9.904423566378969639e-04 -1.719772878050353920e-02 -1.714013636110778055e-04
-6.941072616476851942e-04 -1.721393773144393874e-02 -1.710260930608562338e-04
-3.974783578837916579e-04 -1.722503691812577245e-02 -1.706001437883593384e-04
-1.006439015735704438e-04 -1.723102002329097993e-02 -1.701236420111956955e-04
1.963076861201760851e-04 -1.723188225989834288e-02 -1.695967289274797848e-04
4.932878458450185065e-04 -1.722762037598883286e-02 -1.690195606727328394e-04
7.902079069799875519e-04 -1.721823265928218438e-02 -1.683923082744300816e-04
1.086979114695751231e-03 -1.720371894117719153e-02 -1.677151576009967089e-04
1.383512657170788860e-03 -1.718408060029828072e-02 -1.669883093067238097e-04
1.679719692946763862e-03 -1.715932056558367239e-02 -1.662119787726402595e-04
1.975511378394617830e-03 -1.712944331876179588e-02 -1.653863960418959793e-04
2.270798895326051666e-03 -1.709445489653217687e-02 -1.645118057528132370e-04
2.565493478683116002e-03 -1.705436289199004432e-02 -1.635884670651778137e-04
2.859506444349144225e-03 -1.700917645574560877e-02 -1.626166535842371087e-04
3.152749217036837116e-03 -1.695890629641524927e-02 -1.615966532792983490e-04
3.445133358255512025e-03 -1.690356468062517020e-02 -1.605287683983994660e-04
3.736570594352885306e-03 -1.684316543252620951e-02 -1.594133153790660564e-04
4.026972844594243692e-03 -1.677772393266915504e-02 -1.582506247537675162e-04
4.316252249331040645e-03 -1.670725711655309323e-02 -1.570410410531615649e-04
4.604321198145463340e-03 -1.663178347239508900e-02 -1.557849227028208989e-04
4.891092358075692891e-03 -1.655132303856781881e-02 -1.544826419177780768e-04
5.176478701820152323e-03 -1.646589740038597802e-02 -1.531345845919418588e-04
5.460393535956544787e-03 -1.637552968638396680e-02 -1.517411501837281343e-04
5.742750529164493932e-03 -1.628024456408577389e-02 -1.503027515979994666e-04
6.023463740388083909e-03 -1.618006823511703926e-02 -1.488198150629876557e-04
6.302447647037501786e-03 -1.607502842997158427e-02 -1.472927800051077160e-04
6.579617173064128410e-03 -1.596515440199041194e-02 -1.457220989176261365e-04
6.854887717050677128e-03 -1.585047692098888808e-02 -1.441082372273049623e-04
7.128175180196383472e-03 -1.573102826622871028e-02 -1.424516731561970527e-04
7.399395994236709906e-03 -1.560684221886855447e-02 -1.407528975799283077e-04
7.668467149285347097e-03 -1.547795405389771999e-02 -1.390124138825270630e-04
7.935306221528831347e-03 -1.534440053141698443e-02 -1.372307378065915507e-04
8.199831400894124628e-03 -1.520621988755473109e-02 -1.354083973014742195e-04
8.461961518485714914e-03 -1.506345182461403184e-02 -1.335459323658544134e-04
8.721616073968277427e-03 -1.491613750084350848e-02 -1.316438948882911822e-04
8.978715262769242089e-03 -1.476431951960222901e-02 -1.297028484836704621e-04
9.233180003086972204e-03 -1.460804191791658171e-02 -1.277233683256715272e-04
9.484931962820139853e-03 -1.444735015466277334e-02 -1.257060409772442814e-04
9.733893586184908311e-03 -1.428229109799611894e-02 -1.236514642158809444e-04
9.979988120245504926e-03 -1.411291301241983029e-02 -1.215602468570650712e-04
1.022313964116894174e-02 -1.393926554522090938e-02 -1.194330085736292264e-04
1.046327308028080494e-02 -1.376139971240021055e-02 -1.172703797121384616e-04
1.070031424990685633e-02 -1.357936788410638550e-02 -1.150730011063368384e-04
1.093418986889703980e-02 -1.339322376944742862e-02 -1.128415238866881803e-04
1.116482758802298664e-02 -1.320302240094991739e-02 -1.105766092882856568e-04
1.139215601494876148e-02 -1.300882011830018468e-02 -1.082789284540805133e-04
1.161610473905352534e-02 -1.281067455174078953e-02 -1.059491622365327050e-04
1.183660435588316552e-02 -1.260864460486749855e-02 -1.035880009956500531e-04
1.205358649132752882e-02 -1.240279043694971113e-02 -1.011961443944298691e-04
1.226698382550070639e-02 -1.219317344478336625e-02 -9.877430119171777946e-05
1.247673011621191694e-02 -1.197985624396415670e-02 -9.632318903171448177e-05
1.268276022225471936e-02 -1.176290264983110949e-02 -9.384353423206763046e-05
1.288501012615641227e-02 -1.154237765775112910e-02 -9.133607156787904512e-05
1.308341695672684928e-02 -1.131834742307395204e-02 -8.880154405450357553e-05
1.327791901114597391e-02 -1.109087924055313958e-02 -8.624070272713807764e-05
1.346845577669805380e-02 -1.086004152332351730e-02 -8.365430641829855356e-05
1.365496795214018316e-02 -1.062590378145322929e-02 -8.104312153313308843e-05
1.383739746857593801e-02 -1.038853659998519377e-02 -7.840792182189442155e-05
1.401568751008372415e-02 -1.014801161666774483e-02 -7.574948815131827293e-05
1.418978253372015635e-02 -9.904401499110543003e-03 -7.306860827256724260e-05
1.435962828925877247e-02 -9.657779921646361676e-03 -7.036607658823336496e-05
1.452517183839332690e-02 -9.408221541717744912e-03 -6.764269391679759915e-05
1.468636157351755483e-02 -9.155801975883823274e-03 -6.489926725527998927e-05
1.484314723607053389e-02 -8.900597775456096580e-03 -6.213660954028454137e-05
1.499547993431960165e-02 -8.642686401692798934e-03 -5.935553940679776899e-05
1.514331216083464153e-02 -8.382146200730600585e-03 -5.655688094602973916e-05
1.528659780926985151e-02 -8.119056378029803137e-03 -5.374146346082847060e-05
1.542529219081179015e-02 -7.853496972565654488e-03 -5.091012122015575172e-05
1.555935205006413018e-02 -7.585548830647264630e-03 -4.806369321187954494e-05
1.568873558036153540e-02 -7.315293579372834053e-03 -4.520302289394837516e-05
1.581340243873369591e-02 -7.042813599857005412e-03 -4.232895794480295490e-05
1.593331376012293438e-02 -6.768192000039814638e-03 -3.944235001188123313e-05
1.604843217125332192e-02 -6.491512587289987972e-03 -3.654405445941004584e-05
1.615872180385779719e-02 -6.212859840677579029e-03 -3.363493011492751147e-05
1.626414830738793019e-02 -5.932318882983397997e-03 -3.071583901473445822e-05
1.636467886120180834e-02 -5.649975452466860643e-03 -2.778764614856664200e-05
1.646028218608620169e-02 -5.365915874337070374e-03 -2.485121920310631244e-05
1.655092855540992586e-02 -5.080227032062374116e-03 -2.190742830508220896e-05
1.663658980546946567e-02 -4.792996338374440335e-03 -1.895714576324471399e-05
1.671723934545650547e-02 -4.504311706118745498e-03 -1.600124580998617743e-05
1.679285216673673600e-02 -4.214261518880059107e-03 -1.304060434226982319e-05
1.686340485157651614e-02 -3.922934601423616954e-03 -1.007609866203451362e-05
1.692887558131378478e-02 -3.630420189975399649e-03 -7.108607216316295580e-06
1.698924414382551804e-02 -3.336807902309660376e-03 -4.139009336856543939e-06
1.704449194060145278e-02 -3.042187707740287399e-03 -1.168184979599626619e-06
1.709460199297370420e-02 -2.746649896915243343e-03 1.802985536067110401e-06
1.713955894794878115e-02 -2.450285051539296665e-03 4.773621788213092492e-06
1.717934908332074267e-02 -2.153184013963238379e-03 7.742843513204691850e-06
1.721396031221301276e-02 -1.855437856676642313e-03 1.070977086654739708e-05
1.724338218704385417e-02 -1.557137851735937743e-03 1.367352468366463827e-05
1.726760590276748067e-02 -1.258375440095801327e-03 1.663322674030042592e-05
1.728662429971209238e-02 -9.592422009177045813e-04 1.958800001288838843e-05
1.730043186555341173e-02 -6.598298208046469212e-04 2.253696893832514899e-05
1.730902473688435833e-02 -3.602300630280465526e-04 2.547925967348131703e-05
1.731240070005572035e-02 -6.053473673229760484e-05 2.841400035410953279e-05
1.731055919143793809e-02 2.391643338661907862e-04 3.134032135320093430e-05
1.730350129710422208e-02 5.387753402625217354e-04 3.425735553871700522e-05
1.729122975178604138e-02 8.382065204249855269e-04 3.716423853041866179e-05
1.727374893742651685e-02 1.137366189524213712e-03 4.006010895620334576e-05
1.725106488087216686e-02 1.436162770596578894e-03 4.294410870711771696e-05
1.722318525116516702e-02 1.734504825161629774e-03 4.581538319182201058e-05
1.719011935611467271e-02 2.032301083748251202e-03 4.867308158970784927e-05
1.715187813829859714e-02 2.329460476332747762e-03 5.151635710305860980e-05
1.710847417049740291e-02 2.625892162682334514e-03 5.434436720802443836e-05
1.705992165041776004e-02 2.921505562560638720e-03 5.715627390407762766e-05
1.700623639502372997e-02 3.216210385836382538e-03 5.995124396268078874e-05
1.694743583403683987e-02 3.509916662413406323e-03 6.272844917383629533e-05
1.688353900303454086e-02 3.802534772031608556e-03 6.548706659169140824e-05
1.681456653589986222e-02 4.093975473893491854e-03 6.822627877844919856e-05
1.674054065662590809e-02 4.384149936092966542e-03 7.094527404627584471e-05
1.666148517072969792e-02 4.672969764897624313e-03 7.364324669833183332e-05
1.657742545586363830e-02 4.960347033764113400e-03 7.631939726702874761e-05
1.648838845205831752e-02 5.246194312189742838e-03 7.897293275120276170e-05
1.639440265130233387e-02 5.530424694310229899e-03 8.160306685103586746e-05
1.629549808659905633e-02 5.812951827260984770e-03 8.420902020100552048e-05
1.619170632051182557e-02 6.093689939296177520e-03 8.679002060097082698e-05
1.608306043306272429e-02 6.372553867616802606e-03 8.934530324464839209e-05
1.596959500929205980e-02 6.649459085985432241e-03 9.187411094682267380e-05
1.585134612605969273e-02 6.924321731971154470e-03 9.437569436708302748e-05
1.572835133852144157e-02 7.197058633977418407e-03 9.684931223232237467e-05
1.560064966598819977e-02 7.467587337915790324e-03 9.929423155616644129e-05
1.546828157731386377e-02 7.735826133577755094e-03 1.017097278562323012e-04
1.533128897581899526e-02 8.001694080696937147e-03 1.040950853689441715e-04
1.518971518362498274e-02 8.265111034620254912e-03 1.064495972611751112e-04
1.504360492569493425e-02 8.525997671727113605e-03 1.087725658404581965e-04
1.489300431318142832e-02 8.784275514382065830e-03 1.110633027609432322e-04
1.473796082649887242e-02 9.039866955614093633e-03 1.133211292278900074e-04
1.457852329784166401e-02 9.292695283368491987e-03 1.155453761985794961e-04
1.441474189328858894e-02 9.542684704395738848e-03 1.177353845805982125e-04
1.424666809450588975e-02 9.789760367764759399e-03 1.198905054273224506e-04
1.407435467992510132e-02 1.003384838791389171e-02 1.220101001296967355e-04
1.389785570568404655e-02 1.027487586741200956e-02 1.240935406063130308e-04
1.371722648595465749e-02 1.051277091916272971e-02 1.261402094886422351e-04
1.353252357304562080e-02 1.074746268830441796e-02 1.281495003045899478e-04
1.334380473703123023e-02 1.097888137361362204e-02 1.301208176579122513e-04
1.315112894502935489e-02 1.120695824849723271e-02 1.320535774046832341e-04
1.295455634014544034e-02 1.143162568155308388e-02 1.339472068266331958e-04
1.275414821997497040e-02 1.165281715661917183e-02 1.358011448002190255e-04
1.254996701492011590e-02 1.187046729249555121e-02 1.376148419638859141e-04
1.234207626598789014e-02 1.208451186204164904e-02 1.393877608798630341e-04
1.213054060242137015e-02 1.229488781094858867e-02 1.411193761940704309e-04
1.191542571893721043e-02 1.250153327595648206e-02 1.428091747915147117e-04
1.169679835268818205e-02 1.270438760262613057e-02 1.444566559483519239e-04
1.147472625996447636e-02 1.290339136264755972e-02 1.460613314805220774e-04
1.124927819253423826e-02 1.309848637058119540e-02 1.476227258877366416e-04
1.102052387386506099e-02 1.328961570026594881e-02 1.491403764954290698e-04
1.078853397492268371e-02 1.347672370054646233e-02 1.506138335908229311e-04
1.055338008985387543e-02 1.365975601064834191e-02 1.520426605567813574e-04
1.031513471139344600e-02 1.383865957500454193e-02 1.534264340011866508e-04
1.007387120600738116e-02 1.401338265752115862e-02 1.547647438818040258e-04
9.829663788946927522e-03 1.418387485549286314e-02 1.560571936288385490e-04
9.582587498950580554e-03 1.435008711281049974e-02 1.573034002613608884e-04
9.332718172888344529e-03 1.451197173283121783e-02 1.585029945015162213e-04
9.080132420163429530e-03 1.466948239063724235e-02 1.596556208836356309e-04
8.824907596964979076e-03 1.482257414481584143e-02 1.607609378595897115e-04
8.567121780389938893e-03 1.497120344875107513e-02 1.618186179002839868e-04
8.306853742365191348e-03 1.511532816130187369e-02 1.628283475919665014e-04
8.044182923541068689e-03 1.525490755714682331e-02 1.637898277302712467e-04
7.779189406941350131e-03 1.538990233639185058e-02 1.647027734076928656e-04
7.511953891611672547e-03 1.552027463384659210e-02 1.655669140987903339e-04
7.242557666109100331e-03 1.564598802768179739e-02 1.663819937400282860e-04
6.971082581926735071e-03 1.576700754760306314e-02 1.671477708056511090e-04
6.697611026852274760e-03 1.588329968253854654e-02 1.678640183795797769e-04
6.422225898220967379e-03 1.599483238771099575e-02 1.685305242218572354e-04
6.145010576194578390e-03 1.610157509138546161e-02 1.691470908327610432e-04
5.866048896892898934e-03 1.620349870087576735e-02 1.697135355101056530e-04
5.585425125586259039e-03 1.630057560823459928e-02 1.702296904041750321e-04
5.303223929806358782e-03 1.639277969532684440e-02 1.706954025671333062e-04
5.019530352469075973e-03 1.648008633843234608e-02 1.711105339983489911e-04
4.734429785001401624e-03 1.656247241237494144e-02 1.714749616856171182e-04
4.448007940436812108e-03 1.663991629404337064e-02 1.717885776407963904e-04
4.160350826599415811e-03 1.671239786561268259e-02 1.720512889330638316e-04
3.871544719231821002e-03 1.677989851703023949e-02 1.722630177151949799e-04
3.581676135226766634e-03 1.684240114820953482e-02 1.724237012474512734e-04
3.290831805870910939e-03 1.689989017062675306e-02 1.725332919158341122e-04
2.999098650149788995e-03 1.695235150846372343e-02 1.725917572461946109e-04
2.706563748128512203e-03 1.699977259930442533e-02 1.725990799141924835e-04
2.413314314383797378e-03 1.704214239424165292e-02 1.725552577496090000e-04
2.119437671551279486e-03 1.707945135771601897e-02 1.724603037382516036e-04
1.825021223925846854e-03 1.711169146663827842e-02 1.723142460168440126e-04
1.530152431190791740e-03 1.713885620925392067e-02 1.721171278655102591e-04
1.234918782239053476e-03 1.716094058343466816e-02 1.718690076946119058e-04
9.394077691179418196e-04 1.717794109454868351e-02 1.715699590274434474e-04
6.437068610913909738e-04 1.718985575291529996e-02 1.712200704787740523e-04
3.479034788340723203e-04 1.719668407070140334e-02 1.708194457277861203e-04
5.208496877235948419e-05 1.719842705858273466e-02 1.703682034885783427e-04
-2.436614224418769137e-04 1.719508722172896631e-02 1.698664774737966283e-04
-5.392485732919180454e-04 1.718666855554775580e-02 1.693144163556866886e-04
-8.345895126080641246e-04 1.717317654093849025e-02 1.687121837220388371e-04
-1.129597444600718851e-03 1.715461813906117225e-02 1.680599580270483967e-04
-1.424185773732360638e-03 1.713100178588098516e-02 1.673579325396005026e-04
-1.718268129399260413e-03 1.710233738606541098e-02 1.666063152848097856e-04
-2.011758390434327873e-03 1.706863630668446416e-02 1.658053289831554037e-04
-2.304570709414728493e-03 1.702991137040462538e-02 1.649552109841660600e-04
-2.596619536772241336e-03 1.698617684832671310e-02 1.640562131960842296e-04
-2.887819644706219203e-03 1.693744845247724048e-02 1.631086020115449957e-04
-3.178086150869549164e-03 1.688374332780888734e-02 1.621126582278619821e-04
-3.467334541872460832e-03 1.682508004403743263e-02 1.610686769650050731e-04
-3.755480696533640070e-03 1.676147858686804701e-02 1.599769675769630918e-04
-4.042440908932660483e-03 1.669296034906838505e-02 1.588378535608578421e-04
-4.328131911220006386e-03 1.661954812107969276e-02 1.576516724607545327e-04
-4.612470896201192709e-03 1.654126608131498491e-02 1.564187757676470804e-04
-4.895375539689361330e-03 1.645813978615340289e-02 1.551395288156209515e-04
-5.176764022589188698e-03 1.637019615949250259e-02 1.538143106728299112e-04
-5.456555052792392072e-03 1.627746348217286657e-02 1.524435140303312299e-04
-5.734667886753268620e-03 1.617997138084674782e-02 1.510275450845787674e-04
-6.011022350874762818e-03 1.607775081673051831e-02 1.495668234177872263e-04
-6.285538862602507021e-03 1.597083407394157828e-02 1.480617818733141711e-04
-6.558138451273860976e-03 1.585925474757107767e-02 1.465128664273890183e-04
-6.828742778715092034e-03 1.574304773148933051e-02 1.449205360572590625e-04
-7.097274159530865718e-03 1.562224920576311613e-02 1.432852626044766242e-04
-7.363655581216136184e-03 1.549689662398185362e-02 1.416075306361559477e-04
-7.627810723886255251e-03 1.536702870007625003e-02 1.398878373003245308e-04
-7.889663979830959309e-03 1.523268539506380907e-02 1.381266921792823955e-04
-8.149140472741548194e-03 1.509390790342383243e-02 1.363246171383448264e-04
-8.406166076679943283e-03 1.495073863924884817e-02 1.344821461711758349e-04
-8.660667434783768381e-03 1.480322122217437447e-02 1.325998252418486882e-04
-8.912571977640532106e-03 1.465140046296629917e-02 1.306782121224040990e-04
-9.161807941481841383e-03 1.449532234905057462e-02 1.287178762285472470e-04
-9.408304385968235817e-03 1.433503402959054006e-02 1.267193984499676181e-04
-9.651991211804435492e-03 1.417058380052111863e-02 1.246833709788064024e-04
-9.892799177999764965e-03 1.400202108926246365e-02 1.226103971339476280e-04
-1.013065991887089796e-02 1.382939643924540295e-02 1.205010911822334933e-04
-1.036550596077280562e-02 1.365276149425797766e-02 1.183560781566714049e-04
-1.059727073847966002e-02 1.347216898249572505e-02 1.161759936706775514e-04
-1.082588861139546603e-02 1.328767270057359950e-02 1.139614837305710500e-04
-1.105129487933716008e-02 1.309932749715673680e-02 1.117132045433185409e-04
-1.127342579813743473e-02 1.290718925654867760e-02 1.094318223225712459e-04
-1.149221859492170067e-02 1.271131488204384208e-02 1.071180130912223336e-04
-1.170761148305249529e-02 1.251176227905278875e-02 1.047724624806737991e-04
-1.191954367690243807e-02 1.230859033819342585e-02 1.023958655284030295e-04
-1.212795540618583079e-02 1.210185891803697983e-02 9.998892647125498480e-05
-1.233278793013062313e-02 1.189162882783655582e-02 9.755235853727527162e-05
-1.253398355128780908e-02 1.167796181002013836e-02 9.508688373410883164e-05
-1.273148562907508267e-02 1.146092052254914749e-02 9.259323263511910773e-05
-1.292523859305351290e-02 1.124056852115226483e-02 9.007214416305448759e-05
-1.311518795583516313e-02 1.101697024133622624e-02 8.752436537064478821e-05
-1.330128032585311919e-02 1.079019098039512778e-02 8.495065121992247462e-05
-1.348346341965920604e-02 1.056029687911546472e-02 8.235176435783062173e-05
-1.366168607408892351e-02 1.032735490348529045e-02 7.972847489066951950e-05
-1.383589825805109016e-02 1.009143282620010226e-02 7.708156015572726618e-05
-1.400605108405872205e-02 9.852599208066114764e-03 7.441180449092357470e-05
-1.417209681950205163e-02 9.610923379301573172e-03 7.171999900257701476e-05
-1.433398889753902117e-02 9.366475420653098266e-03 6.900694133059650235e-05
-1.449168192787337120e-02 9.119326144517254581e-03 6.627343541265742028e-05
-1.464513170704130098e-02 8.869547075811811884e-03 6.352029124549824694e-05
-1.479429522858617153e-02 8.617210432853406044e-03 6.074832464516268990e-05
-1.493913069285420121e-02 8.362389108068071439e-03 5.795835700518267575e-05
-1.507959751653312024e-02 8.105156648620517185e-03 5.515121505316201289e-05
-1.521565634194305822e-02 7.845587236963979041e-03 5.232773060590321197e-05
-1.534726904593941392e-02 7.583755671236418194e-03 4.948874032268397289e-05
-1.547439874872218527e-02 7.319737345665070123e-03 4.663508545768651700e-05
-1.559700982213869762e-02 7.053608230768418537e-03 4.376761161039026578e-05
-1.571506789789317918e-02 6.785444853560448734e-03 4.088716847519511545e-05
-1.582853987537385237e-02 6.515324277627468179e-03 3.799460958956377279e-05
-1.593739392922787282e-02 6.243324083134401022e-03 3.509079208111426466e-05
-1.604159951669299408e-02 5.969522346768370638e-03 3.217657641367000756e-05
-1.614112738454068913e-02 5.693997621560504575e-03 2.925282613217524945e-05
-1.623594957593552449e-02 5.416828916716168521e-03 2.632040760699307528e-05
-1.632603943678297143e-02 5.138095677276185297e-03 2.338018977698264162e-05
-1.641137162199186178e-02 4.857877763794653421e-03 2.043304389217771963e-05
-1.649192210135441705e-02 4.576255431890215858e-03 1.747984325543265068e-05
-1.656766816517482935e-02 4.293309311787537989e-03 1.452146296400163193e-05
-1.663858842966618734e-02 4.009120387711746954e-03 1.155877964944252342e-05
-1.670466284192857406e-02 3.723769977403631158e-03 8.592671219606292429e-06
-1.676587268492239768e-02 3.437339711153959265e-03 5.624016594436591820e-06
-1.682220058175365116e-02 3.149911511820777631e-03 2.653695455098295450e-06
-1.687363050028539702e-02 2.861567572205516233e-03 -3.174120399619562793e-07
-1.692014775614912939e-02 2.572390340154991333e-03 -3.288425441877833605e-06
