-1.703532248050082867e-02 2.801174938215843582e-03 1.496364610952834575e-04
-1.707966510655183415e-02 2.506467797150651114e-03 1.510950893289131792e-04
-1.711889267902615835e-02 2.211088161653933237e-03 1.525089448440670103e-04
-1.715299602343885524e-02 1.915125380544528992e-03 1.538776086634878742e-04
-1.718196754471002993e-02 1.618668883762865596e-03 1.552006752280789129e-04
-1.720580122655606184e-02 1.321808161922501069e-03 1.564777524824112064e-04
-1.722449263019053267e-02 1.024632735284898002e-03 1.577084620019115558e-04
-1.723803889254263769e-02 7.272321264516775447e-04 1.588924391003799673e-04
-1.724643872393124069e-02 4.296958316497412182e-04 1.600293329399956504e-04
-1.724969240521884856e-02 1.321132927798969795e-04 1.611188066345402205e-04
-1.724780178444444353e-02 -1.654261306747310844e-04 1.621605373494506674e-04
-1.724077027294538406e-02 -4.628331895003853324e-04 1.631542163974318918e-04
-1.722860284096348546e-02 -7.600187724877252625e-04 1.640995493299427963e-04
-1.721130601275494554e-02 -1.056893934000247958e-03 1.649962560244199166e-04
-1.718888786119503187e-02 -1.353369921381205807e-03 1.658440707673450342e-04
-1.716135800189406632e-02 -1.649358202172345562e-03 1.666427423328695938e-04
-1.712872758682431121e-02 -1.944770491164950254e-03 1.673920340574084362e-04
-1.709100929746608724e-02 -2.239518777234592462e-03 1.680917239096477080e-04
-1.704821733748204324e-02 -2.533515349990849309e-03 1.687416045563563407e-04
-1.700036742491674996e-02 -2.826672826199811816e-03 1.693414834239049009e-04
-1.694747678394271581e-02 -3.118904175999168398e-03 1.698911827552340725e-04
-1.688956413614520549e-02 -3.410122748870789405e-03 1.703905396625444155e-04
-1.682664969136047142e-02 -3.700242299387408815e-03 1.708394061756246507e-04
-1.675875513807602302e-02 -3.989177012715144043e-03 1.712376492856513405e-04
-1.668590363339092497e-02 -4.276841529849472433e-03 1.715851509845854074e-04
-1.660811979255502266e-02 -4.563150972611721388e-03 1.718818083001547579e-04
-1.652542967808546745e-02 -4.848020968367759871e-03 1.721275333264203535e-04
-1.643786078847202237e-02 -5.131367674472521630e-03 1.723222532497559992e-04
-1.634544204648032822e-02 -5.413107802441260476e-03 1.724659103704133411e-04
-1.624820378705210330e-02 -5.693158641831818842e-03 1.725584621197201864e-04
-1.614617774482526164e-02 -5.971438083835464532e-03 1.725998810725930092e-04
-1.603939704126636917e-02 -6.247864644564709441e-03 1.725901549556764091e-04
-1.592789617143163319e-02 -6.522357488045056086e-03 1.725292866510470433e-04
-1.581171099036483840e-02 -6.794836448896526132e-03 1.724172941953092944e-04
-1.569087869913495664e-02 -7.065222054691960504e-03 1.722542107742326700e-04
-1.556543783052607988e-02 -7.333435548006582948e-03 1.720400847129363857e-04
-1.543542823438826678e-02 -7.599398908140187446e-03 1.717749794616193397e-04
-1.530089106265322164e-02 -7.863034872507088796e-03 1.714589735766905226e-04
-1.516186875402486013e-02 -8.124266957697195632e-03 1.710921606974829569e-04
-1.501840501835787281e-02 -8.383019480198988446e-03 1.706746495185999010e-04
-1.487054482072120744e-02 -8.639217576780914079e-03 1.702065637576129155e-04
-1.471833436517050626e-02 -8.892787224528299686e-03 1.696880421184088640e-04
-1.456182107822116129e-02 -9.143655260536395074e-03 1.691192382501591218e-04
-1.440105359204198014e-02 -9.391749401244221460e-03 1.685003207017355428e-04
-1.423608172737444479e-02 -9.636998261422205850e-03 1.678314728717556273e-04
-1.406695647618084674e-02 -9.879331372800378985e-03 1.671128929542468357e-04
-1.389372998403989867e-02 -1.011867920233483313e-02 1.663447938799730635e-04
-1.371645553228777702e-02 -1.035497317011880095e-02 1.655274032532671796e-04
-1.353518751991690874e-02 -1.058814566692170729e-02 1.646609632845847607e-04
-1.334998144524226701e-02 -1.081813007137161220e-02 1.637457307188166437e-04
-1.316089388734108072e-02 -1.104486076676118415e-02 1.627819767591223135e-04
-1.296798248727361498e-02 -1.126827315749436009e-02 1.617699869865747199e-04
-1.277130592909517075e-02 -1.148830368515586092e-02 1.607100612756025369e-04
-1.257092392066290823e-02 -1.170488984421083102e-02 1.596025137050818170e-04
-1.236689717425380232e-02 -1.191797019733678575e-02 1.584476724652437638e-04
-1.215928738698802275e-02 -1.212748439037429106e-02 1.572458797604578461e-04
-1.194815722108012734e-02 -1.233337316691437112e-02 1.559974917078634762e-04
-1.173357028391834589e-02 -1.253557838250265490e-02 1.547028782317845476e-04
-1.151559110797167017e-02 -1.273404301847555660e-02 1.533624229541064574e-04
-1.129428513055344939e-02 -1.292871119542011137e-02 1.519765230806855740e-04
-1.106971867342276643e-02 -1.311952818625634551e-02 1.505455892835483929e-04
-1.084195892225682176e-02 -1.330644042895583537e-02 1.490700455792713219e-04
-1.061107390597530210e-02 -1.348939553887360671e-02 1.475503292032949226e-04
-1.037713247594609228e-02 -1.366834232071497887e-02 1.459868904803710487e-04
-1.014020428506985302e-02 -1.384323078013257637e-02 1.443801926911565659e-04
-9.900359766742047526e-03 -1.401401213494204816e-02 1.427307119348520108e-04
-9.657670113720161903e-03 -1.418063882597703738e-02 1.410389369882275265e-04
-9.412207256879219844e-03 -1.434306452756964508e-02 1.393053691607097275e-04
-9.164043843878871484e-03 -1.450124415766207257e-02 1.375305221458408801e-04
-8.913253217740666964e-03 -1.465513388755615952e-02 1.357149218691139998e-04
-8.659909395343806660e-03 -1.480469115128923811e-02 1.338591063320773190e-04
-8.404087045845916662e-03 -1.494987465465348608e-02 1.319636254529055826e-04
-8.145861469032884480e-03 -1.509064438385074140e-02 1.300290409035082125e-04
-7.885308573605096308e-03 -1.522696161378083758e-02 1.280559259430385990e-04
-7.622504855407503943e-03 -1.535878891598007820e-02 1.260448652480373230e-04
-7.357527375603431161e-03 -1.548609016619405948e-02 1.239964547391898223e-04
-7.090453738805830783e-03 -1.560883055160038578e-02 1.219113014047405811e-04
-6.821362071163368686e-03 -1.572697657767812077e-02 1.197900231206259683e-04
-6.550330998410306728e-03 -1.584049607471976762e-02 1.176332484673750284e-04
-6.277439623888417600e-03 -1.594935820400292595e-02 1.154416165438790963e-04
-6.002767506536800350e-03 -1.605353346360690464e-02 1.132157767779633554e-04
-5.726394638866223047e-03 -1.615299369389028294e-02 1.109563887339839669e-04
-5.448401424910933113e-03 -1.624771208262447419e-02 1.086641219173982708e-04
-5.168868658170641325e-03 -1.633766316978201016e-02 1.063396555763172172e-04
-4.887877499548670332e-03 -1.642282285199627226e-02 1.039836785002949806e-04
-4.605509455274769959e-03 -1.650316838667542640e-02 1.015968888161837872e-04
-4.321846354843774871e-03 -1.657867839579130892e-02 9.917999378127095921e-05
-4.036970328946292048e-03 -1.664933286933415954e-02 9.673370957372242175e-05
-3.750963787413943897e-03 -1.671511316843504388e-02 9.425876108034156244e-05
-3.463909397178256688e-03 -1.677600202817100886e-02 9.175588168178808971e-05
-3.175890060239518024e-03 -1.683198356003655360e-02 8.922581303523119465e-05
-2.886988891662701194e-03 -1.688304325410156653e-02 8.666930485462414941e-05
-2.597289197590721150e-03 -1.692916798084813379e-02 8.408711468851169505e-05
-2.306874453288968851e-03 -1.697034599268607349e-02 8.148000769556716443e-05
-2.015828281215482215e-03 -1.700656692516284291e-02 7.884875641786377146e-05
-1.724234429128216738e-03 -1.703782179785292422e-02 7.619414055193370788e-05
-1.432176748224290750e-03 -1.706410301494434845e-02 7.351694671775495021e-05
-1.139739171321089983e-03 -1.708540436551577238e-02 7.081796822564055563e-05
-8.470056910823799742e-04 -1.710172102350480255e-02 6.809800484115964298e-05
-5.540603382783606092e-04 -1.711304954738118375e-02 6.535786254817610398e-05
-2.609871601067847231e-04 -1.711938787951064120e-02 6.259835330997333164e-05
3.212980144584030612e-05 -1.712073534522817742e-02 5.982029482870511000e-05
3.252065311841998460e-04 -1.711709265161140761e-02 5.702451030305422271e-05
6.181590622346624800e-04 -1.710846188595663286e-02 5.421182818430417597e-05
9.109034975137130776e-04 -1.709484651397003008e-02 5.138308193088315180e-05
1.203356031137600571e-03 -1.707625137766016765e-02 4.853910976134407425e-05
1.495432969773380838e-03 -1.705268269294899289e-02 4.568075440602732250e-05
1.787050753918518206e-03 -1.702414804699377976e-02 4.280886285729964939e-05
2.078125979123098249e-03 -1.699065639522085933e-02 3.992428611862222930e-05
2.368575417137196680e-03 -1.695221805808285256e-02 3.702787895233614236e-05
2.658316036988384121e-03 -1.690884471752764073e-02 3.412049962637896404e-05
2.947265025989970720e-03 -1.686054941319368658e-02 3.120300966001017707e-05
3.235339810671831583e-03 -1.680734653832367809e-02 2.827627356846157668e-05
3.522458077635000004e-03 -1.674925183540011339e-02 2.534115860679450391e-05
3.808537794331943397e-03 -1.668628239150994619e-02 2.239853451293744924e-05
4.093497229758378750e-03 -1.661845663342995799e-02 1.944927324989674205e-05
4.377254975074064587e-03 -1.654579432244354317e-02 1.649424874744299770e-05
4.659729964129019283e-03 -1.646831654888643998e-02 1.353433664311746166e-05
4.940841493910374041e-03 -1.638604572641353188e-02 1.057041402273570559e-05
5.220509244904874072e-03 -1.629900558601103666e-02 7.603359160563391255e-06
5.498653301357755638e-03 -1.620722116972504734e-02 4.634051258973711203e-06
5.775194171459584365e-03 -1.611071882413361162e-02 1.663370187983793181e-06
6.050052807429088207e-03 -1.600952619354937059e-02 -1.307803775490113837e-06
6.323150625494882056e-03 -1.590367221294753872e-02 -4.278590208483252678e-06
6.594409525800312005e-03 -1.579318710065140408e-02 -7.248108802854270485e-06
6.863751912191452982e-03 -1.567810235072493105e-02 -1.021547962616073071e-05
7.131100711909643675e-03 -1.555845072512347833e-02 -1.317982338238726422e-05
7.396379395189090454e-03 -1.543426624557444476e-02 -1.614026167250206793e-05
7.659511994739280454e-03 -1.530558418518821427e-02 -1.909591725474226991e-05
7.920423125129340269e-03 -1.517244105982570347e-02 -2.204591430458600399e-05
8.179038002058779816e-03 -1.503487461917991930e-02 -2.498937867422666042e-05
8.435282461521921918e-03 -1.489292383761714120e-02 -2.792543815164636101e-05
8.689082978856683959e-03 -1.474662890474712391e-02 -3.085322271907028213e-05
8.940366687678363844e-03 -1.459603121572937597e-02 -3.377186481072968013e-05
9.189061398702659533e-03 -1.444117336133541978e-02 -3.668049956999339957e-05
9.435095618438877479e-03 -1.428209911772663869e-02 -3.957826510559681022e-05
9.678398567771952232e-03 -1.411885343599417891e-02 -4.246430274708471776e-05
9.918900200413634932e-03 -1.395148243142754242e-02 -4.533775729922295437e-05
1.015653122122886325e-02 -1.378003337252042652e-02 -4.819777729538911835e-05
1.039122310443732315e-02 -1.360455466973303079e-02 -5.104351524995823127e-05
1.062290811167561702e-02 -1.342509586397324685e-02 -5.387412790934763003e-05
1.085151930993137094e-02 -1.324170761483458095e-02 -5.668877650193722954e-05
1.107699058933822416e-02 -1.305444168856926927e-02 -5.948662698661087684e-05
1.129925668082923905e-02 -1.286335094579462747e-02 -6.226685029987464909e-05
1.151825317365139795e-02 -1.266848932895889811e-02 -6.502862260157045253e-05
1.173391653272833242e-02 -1.246991184952319504e-02 -6.777112551895380429e-05
1.194618411587958229e-02 -1.226767457490340191e-02 -7.049354638922567060e-05
1.215499419088638886e-02 -1.206183461514541595e-02 -7.319507850033560574e-05
1.236028595239492024e-02 -1.185245010933403884e-02 -7.587492132998922844e-05
1.256199953867529265e-02 -1.163958021176299956e-02 -7.853228078295316215e-05
1.276007604820265928e-02 -1.142328507781821198e-02 -8.116636942625192030e-05
1.295445755608128774e-02 -1.120362584962580725e-02 -8.377640672256821445e-05
1.314508713029960939e-02 -1.098066464142859536e-02 -8.636161926154426046e-05
1.333190884780206288e-02 -1.075446452470386546e-02 -8.892124098888311659e-05
1.351486781040229027e-02 -1.052508951303394481e-02 -9.145451343344519616e-05
1.369391016049324207e-02 -1.029260454669978474e-02 -9.396068593192558646e-05
1.386898309658995271e-02 -1.005707547703552432e-02 -9.643901585132787571e-05
1.404003488867461812e-02 -9.818569050513469357e-03 -9.888876880901389379e-05
1.420701489334552127e-02 -9.577152892573504925e-03 -1.013092188902935744e-04
1.436987356878382388e-02 -9.332895491204572583e-03 -1.036996488635973037e-04
1.452856248949496547e-02 -9.085866180256486555e-03 -1.060593503929167845e-04
1.468303436086370109e-02 -8.836135122508564227e-03 -1.083876242477586053e-04
1.483324303349027075e-02 -8.583773292477963127e-03 -1.106837805103588290e-04
1.497914351730376264e-02 -8.328852458969407055e-03 -1.129471387800229701e-04
1.512069199547535873e-02 -8.071445167388944728e-03 -1.151770283748744565e-04
1.525784583808127530e-02 -7.811624721783566594e-03 -1.173727885304965139e-04
1.539056361555442461e-02 -7.549465166646052855e-03 -1.195337685957600303e-04
1.551880511189578961e-02 -7.285041268468564132e-03 -1.216593282256500235e-04
1.564253133763634368e-02 -7.018428497036127700e-03 -1.237488375709484378e-04
1.576170454257675921e-02 -6.749703006492884481e-03 -1.258016774649635329e-04
1.587628822824726019e-02 -6.478941616144051792e-03 -1.278172396069243754e-04
1.598624716013703415e-02 -6.206221791028677937e-03 -1.297949267422619487e-04
1.609154737965130810e-02 -5.931621622240750881e-03 -1.317341528396135200e-04
1.619215621579763592e-02 -5.655219807016445381e-03 -1.336343432644069315e-04
1.628804229662008524e-02 -5.377095628585771246e-03 -1.354949349492359789e-04
1.637917556032978533e-02 -5.097328935777328818e-03 -1.373153765606174273e-04
1.646552726617586324e-02 -4.816000122405500634e-03 -1.390951286624118833e-04
1.654707000501817044e-02 -4.533190106415434066e-03 -1.408336638756789157e-04
1.662377770960045409e-02 -4.248980308804315743e-03 -1.425304670348789024e-04
1.669562566454537919e-02 -3.963452632318503234e-03 -1.441850353406511846e-04
1.676259051601777100e-02 -3.676689439927218264e-03 -1.457968785086800119e-04
1.682465028109798866e-02 -3.388773533076704179e-03 -1.473655189150507091e-04
1.688178435683248060e-02 -3.099788129730564421e-03 -1.488904917377703412e-04
1.693397352895384400e-02 -2.809816842194555551e-03 -1.503713450944477832e-04
1.698119998029600647e-02 -2.518943654738007784e-03 -1.518076401763093753e-04
1.702344729884755492e-02 -2.227252901005387798e-03 -1.531989513781046935e-04
1.706070048548865431e-02 -1.934829241228426663e-03 -1.545448664242985478e-04
1.709294596137541852e-02 -1.641757639243470856e-03 -1.558449864912350344e-04
1.712017157496554046e-02 -1.348123339314766722e-03 -1.570989263252424971e-04
1.714236660871101825e-02 -1.054011842769394950e-03 -1.583063143569205520e-04
1.715952178536019751e-02 -7.595088844495659873e-04 -1.594667928111223425e-04
1.717162927391574501e-02 -4.647004089878799325e-04 -1.605800178130332859e-04
1.717868269521136831e-02 -1.696725469076527080e-04 -1.616456594900826898e-04
1.718067712710229927e-02 1.254884094468369652e-04 -1.626634020696028290e-04
1.717760910929496190e-02 4.206960301361152002e-04 -1.636329439725402797e-04
1.716947664775849910e-02 7.158637720161495355e-04 -1.645539979026869239e-04
1.715627921876454465e-02 1.010905003276593717e-03 -1.654262909318860158e-04
1.713801777251962311e-02 1.305733028121206646e-03 -1.662495645809056947e-04
1.711469473638374539e-02 1.600261111596688662e-03 -1.670235748959559034e-04
1.708631401770218869e-02 1.894402504543560902e-03 -1.677480925211170500e-04
1.705288100619345090e-02 2.188070468681542653e-03 -1.684229027661597003e-04
1.701440257593957867e-02 2.481178301810461721e-03 -1.690478056702457920e-04
1.697088708694396986e-02 2.773639363124604223e-03 -1.696226160611751606e-04
1.692234438625096760e-02 3.065367098635063490e-03 -1.701471636101869176e-04
1.686878580865472030e-02 3.356275066688906277e-03 -1.706212928825613347e-04
1.681022417693976007e-02 3.646276963575612907e-03 -1.710448633835401149e-04
1.674667380170227066e-02 3.935286649226470840e-03 -1.714177496000446495e-04
1.667815048071495665e-02 4.223218172980825781e-03 -1.717398410378607641e-04
1.660467149783365071e-02 4.509985799423623862e-03 -1.720110422543033991e-04
1.652625562146997629e-02 4.795504034284006969e-03 -1.722312728866400543e-04
1.644292310257756615e-02 5.079687650383618754e-03 -1.724004676757613067e-04
1.635469567219771658e-02 5.362451713626550064e-03 -1.725185764855991432e-04
1.626159653852984194e-02 5.643711609028001681e-03 -1.725855643179850026e-04
1.616365038352702427e-02 5.923383066767141242e-03 -1.726014113229370377e-04
1.606088335903827283e-02 6.201382188252195157e-03 -1.725661128046871416e-04
1.595332308244966704e-02 6.477625472200584066e-03 -1.724796792229272646e-04
1.584099863186754290e-02 6.752029840713057000e-03 -1.723421361897929747e-04
1.572394054081431569e-02 7.024512665340488550e-03 -1.721535244622750987e-04
1.560218079243367445e-02 7.294991793125558954e-03 -1.719138999300558418e-04
1.547575281322929701e-02 7.563385572621699783e-03 -1.716233335990986016e-04
1.534469146629358939e-02 7.829612879866009595e-03 -1.712819115704570193e-04
1.520903304406518580e-02 8.093593144308143181e-03 -1.708897350148458046e-04
1.506881526058957525e-02 8.355246374677969406e-03 -1.704469201426650113e-04
1.492407724328134386e-02 8.614493184782400295e-03 -1.699535981694742977e-04
1.477485952421409530e-02 8.871254819229125801e-03 -1.694099152772628387e-04
1.462120403088779455e-02 9.125453179052011449e-03 -1.688160325709866703e-04
1.446315407652873017e-02 9.377010847245688396e-03 -1.681721260309065110e-04
1.430075434988142477e-02 9.625851114183538865e-03 -1.674783864604481544e-04
1.413405090450097976e-02 9.871898002917349133e-03 -1.667350194295782486e-04
1.396309114757352844e-02 1.011507629434946730e-02 -1.659422452140293979e-04
1.378792382821174452e-02 1.035531155225438184e-02 -1.651002987298943385e-04
1.360859902528390245e-02 1.059253014815809968e-02 -1.642094294640845606e-04
1.342516813473746545e-02 1.082665928604711544e-02 -1.632699014004094856e-04
1.323768385642670048e-02 1.105762702690496133e-02 -1.622819929412761984e-04
1.304620018047159685e-02 1.128536231306953574e-02 -1.612459968253111158e-04
1.285077237310215670e-02 1.150979499238686393e-02 -1.601622200405244457e-04
1.265145696203245559e-02 1.173085584216067463e-02 -1.590309837333339692e-04
1.244831172135549800e-02 1.194847659289332079e-02 -1.578526231135080765e-04
1.224139565593823469e-02 1.216258995178533427e-02 -1.566274873547131752e-04
1.203076898535676738e-02 1.237312962600400391e-02 -1.553559394911103748e-04
1.181649312734686132e-02 1.258003034570584142e-02 -1.540383563097978876e-04
1.159863068078023467e-02 1.278322788678316890e-02 -1.526751282390686538e-04
1.137724540818641460e-02 1.298265909336351540e-02 -1.512666592328548265e-04
1.115240221778967394e-02 1.317826190000201576e-02 -1.498133666509078739e-04
1.092416714510312768e-02 1.336997535359795743e-02 -1.483156811351820216e-04
1.069260733406088640e-02 1.355773963500212127e-02 -1.467740464822303516e-04
1.045779101769321942e-02 1.374149608030516070e-02 -1.451889195116475755e-04
1.021978749837032172e-02 1.392118720181665346e-02 -1.435607699307885185e-04
9.978667127591000358e-03 1.409675670868959854e-02 -1.418900801955093978e-04
9.734501285340591004e-03 1.426814952721040634e-02 -1.401773453672163622e-04
9.487362359030590900e-03 1.443531182073907668e-02 -1.384230729662250345e-04
9.237323721995432599e-03 1.459819100926613468e-02 -1.366277828212975087e-04
8.984459711591015474e-03 1.475673578860994296e-02 -1.347920069156495102e-04
8.728845606874126306e-03 1.491089614922192289e-02 -1.329162892293113852e-04
8.470557605875804474e-03 1.506062339458716370e-02 -1.310011855778901062e-04
8.209672802495114954e-03 1.520587015924387136e-02 -1.290472634479560227e-04
7.946269162982022571e-03 1.534659042635678691e-02 -1.270551018287911630e-04
7.680425502058439366e-03 1.548273954488937898e-02 -1.250252910408808653e-04
7.412221458658160150e-03 1.561427424633493426e-02 -1.229584325609752631e-04
7.141737471303387375e-03 1.574115266099549923e-02 -1.208551388438283014e-04
6.869054753129027330e-03 1.586333433383209715e-02 -1.187160331407842993e-04
6.594255266556140263e-03 1.598078023982611728e-02 -1.165417493150125525e-04
6.317421697628115146e-03 1.609345279889335539e-02 -1.143329316537439275e-04
6.038637430022216965e-03 1.620131589031240452e-02 -1.120902346773293602e-04
5.757986518735391974e-03 1.630433486665964354e-02 -1.098143229452589029e-04
5.475553663467451308e-03 1.640247656727335940e-02 -1.075058708593208082e-04
5.191424181699293670e-03 1.649570933118660321e-02 -1.051655624636791753e-04
4.905683981482748465e-03 1.658400300957493453e-02 -1.027940912422162483e-04
4.618419533957057732e-03 1.666732897767873520e-02 -1.003921599130534449e-04
4.329717845584118638e-03 1.674566014619521120e-02 -9.796048022025595286e-05
4.039666430142473640e-03 1.681897097216071557e-02 -9.549977272301334442e-05
3.748353280460949444e-03 1.688723746927036501e-02 -9.301076658205440482e-05
3.455866839921020034e-03 1.695043721767475545e-02 -9.049419934362178727e-05
3.162295973739530711e-03 1.700854937322035521e-02 -8.795081672090905231e-05
2.867729940029066157e-03 1.706155467612692142e-02 -8.538137237305169281e-05
2.572258360665860034e-03 1.710943545912624666e-02 -8.278662768189069268e-05
2.275971191964293750e-03 1.715217565500702299e-02 -8.016735152626171940e-05
1.978958695173374006e-03 1.718976080361106495e-02 -7.752432005422326181e-05
1.681311406810117931e-03 1.722217805824616602e-02 -7.485831645304499588e-05
1.383120108835710028e-03 1.724941619151016889e-02 -7.217013071711713865e-05
1.084475798698729659e-03 1.727146560055474456e-02 -6.946055941390753352e-05
7.854696592416184455e-04 1.728831831173106154e-02 -6.673040544785639326e-05
4.861930284960553944e-04 1.729996798466787791e-02 -6.398047782251170817e-05
1.867373693765293340e-04 1.730640991574606061e-02 -6.121159140078520329e-05
-1.128057607215058770e-04 1.730764104096740169e-02 -5.842456666345802749e-05
-4.123447403934465657e-04 1.730365993824631299e-02 -5.562022946613164905e-05
-7.117879147644434138e-04 1.729446682906956440e-02 -5.279941079443397191e-05
-1.011043626085347726e-03 1.728006357957468167e-02 -4.996294651780430681e-05
-1.310020244355584226e-03 1.726045370101390516e-02 -4.711167714184006007e-05
-1.608626197976972426e-03 1.723564234960222458e-02 -4.424644755918120644e-05
-1.906770004422133138e-03 1.720563632577998270e-02 -4.136810679919772138e-05
-2.204360300891131715e-03 1.717044407283687193e-02 -3.847750777637151193e-05
-2.501305874967438888e-03 1.713007567494972613e-02 -3.557550703757460275e-05
-2.797515695227913417e-03 1.708454285460209165e-02 -3.266296450826872383e-05
-3.092898941827925286e-03 1.703385896938573382e-02 -2.974074323764784188e-05
-3.387365037021126436e-03 1.697803900821748951e-02 -2.680970914294587625e-05
-3.680823675610386380e-03 1.691709958691807111e-02 -2.387073075283033090e-05
-3.973184855328932077e-03 1.685105894320766337e-02 -2.092467895001611040e-05
-4.264358907108272388e-03 1.677993693108862858e-02 -1.797242671323950099e-05
-4.554256525251912727e-03 1.670375501461584047e-02 -1.501484885855081346e-05
-4.842788797485338831e-03 1.662253626109067017e-02 -1.205282178009556210e-05
-5.129867234865604156e-03 1.653630533362687380e-02 -9.087223190428911707e-06
-5.415403801547737095e-03 1.644508848314283483e-02 -6.118931860412651513e-06
-5.699310944392200692e-03 1.634891353975571893e-02 -3.148827358825122069e-06
-5.981501622391555140e-03 1.624780990357795399e-02 -1.777897917385646497e-07
-6.261889335921894117e-03 1.614180853494988008e-02 2.793300458303587804e-06
-6.540388155781041123e-03 1.603094194406619322e-02 5.763562993135721869e-06
-6.816912752027405251e-03 1.591524418004664973e-02 8.732117659862279971e-06
-7.091378422589034690e-03 1.579475081942721335e-02 1.169808481167570352e-05
-7.363701121630477665e-03 1.566949895407965948e-02 1.466058556848841617e-05
-7.633797487686559864e-03 1.553952717858809139e-02 1.761874207739869209e-05
-7.901584871512339417e-03 1.540487557704658082e-02 2.057167777279129411e-05
-8.166981363679715056e-03 1.526558570932679687e-02 2.351851763608189732e-05
-8.429905821880944936e-03 1.512170059679663822e-02 2.645838845502750990e-05
-8.690277897928462211e-03 1.497326470749334865e-02 2.939041908245487050e-05
-8.948018064462994262e-03 1.482032394078845912e-02 3.231374069440977158e-05
-9.203047641324485495e-03 1.466292561150736064e-02 3.522748704761472947e-05
-9.455288821603319294e-03 1.450111843354720195e-02 3.813079473612740098e-05
-9.704664697347795826e-03 1.433495250298822896e-02 4.102280344723798828e-05
-9.951099284912235873e-03 1.416447928069364606e-02 4.390265621633706174e-05
-1.019451754995625258e-02 1.398975157443827812e-02 4.676949968090250232e-05
-1.043484543205230181e-02 1.381082352053205654e-02 4.962248433335047799e-05
-1.067200986892633680e-02 1.362775056498674066e-02 5.246076477273973397e-05
-1.090593882029575017e-02 1.344058944421113420e-02 5.528349995533883956e-05
-1.113656129130212100e-02 1.324939816524316021e-02 5.808985344377942520e-05
-1.136380735554482456e-02 1.305423598555391362e-02 6.087899365496985809e-05
-1.158760817767476130e-02 1.285516339239180066e-02 6.365009410645593353e-05
-1.180789603557150236e-02 1.265224208171680277e-02 6.640233366138165139e-05
-1.202460434207615163e-02 1.244553493670977166e-02 6.913489677176636202e-05
-1.223766766627121423e-02 1.223510600587209354e-02 7.184697372017809930e-05
-1.244702175431930055e-02 1.202102048073936530e-02 7.453776085969745222e-05
-1.265260354981951815e-02 1.180334467319381353e-02 7.720646085201139772e-05
-1.285435121370623497e-02 1.158214599241326123e-02 7.985228290372650760e-05
-1.305220414366579755e-02 1.135749292145033125e-02 8.247444300067012025e-05
-1.324610299305898319e-02 1.112945499345463149e-02 8.507216414019563161e-05
-1.343598968937072952e-02 1.089810276756338070e-02 8.764467656148586109e-05
-1.362180745213690050e-02 1.066350780444635243e-02 9.019121797358102945e-05
-1.380350081038166435e-02 1.042574264154158027e-02 9.271103378131002523e-05
-1.398101561954327721e-02 1.018488076798071754e-02 9.520337730886262347e-05
-1.415429907787122896e-02 9.940996599210183762e-03 9.766751002104782713e-05
-1.432329974232158382e-02 9.694165451344457715e-03 1.001027017421916702e-04
-1.448796754390137970e-02 9.444463515225395497e-03 1.025082308724057761e-04
-1.464825380250232498e-02 9.191967830237202444e-03 1.048833846015113290e-04
-1.480411124118910168e-02 8.936756257864395328e-03 1.072274591201895748e-04
-1.495549399994088383e-02 8.678907455013354713e-03 1.095397598285637112e-04
-1.510235764887003264e-02 8.418500847116344721e-03 1.118196015420491041e-04
-1.524465920086822725e-02 8.155616601008842600e-03 1.140663086943276565e-04
-1.538235712372021564e-02 7.890335597625150812e-03 1.162792155375868723e-04
-1.551541135165842786e-02 7.622739404489793126e-03 1.184576663397804934e-04
-1.564378329635600362e-02 7.352910248040099572e-03 1.206010155788988814e-04
-1.576743585737852907e-02 7.080930985792825011e-03 1.227086281343254691e-04
-1.588633343205283349e-02 6.806885078345547430e-03 1.247798794749646893e-04
-1.600044192479337449e-02 6.530856561248875314e-03 1.268141558443441528e-04
-1.610972875585946207e-02 6.252930016756041293e-03 1.288108544424822167e-04
-1.621416286953916361e-02 5.973190545445448973e-03 1.307693836044678329e-04
-1.631371474179198894e-02 5.691723737757073409e-03 1.326891629758678167e-04
-1.640835638729767898e-02 5.408615645430321466e-03 1.345696236846074232e-04
-1.649806136596290024e-02 5.123952752868580172e-03 1.364102085095978019e-04
-1.658280478885398174e-02 4.837821948435862794e-03 1.382103720458453778e-04
-1.666256332355873018e-02 4.550310495705638981e-03 1.399695808660110399e-04
-1.673731519900520728e-02 4.261506004670494868e-03 1.416873136785900341e-04
-1.680704020969162743e-02 3.971496402911085279e-03 1.433630614822587943e-04
-1.687171971937595494e-02 3.680369906767668071e-03 1.449963277167780503e-04
-1.693133666419798997e-02 3.388214992492610735e-03 1.465866284101347830e-04
-1.698587555523748543e-02 3.095120367411351159e-03 1.481334923218707432e-04
-1.703532248053686929e-02 2.801174941112897273e-03 1.496364610828655750e-04
-1.707966510654428810e-02 2.506467796657370784e-03 1.510950893310164772e-04
-1.711889267902860778e-02 2.211088161833647554e-03 1.525089448432974978e-04
-1.715299602343853258e-02 1.915125380468657391e-03 1.538776086638225132e-04
-1.718196754470994320e-02 1.618668883795797587e-03 1.552006752279273415e-04
-1.720580122655603408e-02 1.321808161908215838e-03 1.564777524824746864e-04
-1.722449263019053614e-02 1.024632735291309323e-03 1.577084620018886249e-04
-1.723803889254219360e-02 7.272321264489151060e-04 1.588924391003795878e-04
-1.724643872393208377e-02 4.296958316503956426e-04 1.600293329400037548e-04
-1.724969240521832467e-02 1.321132927800584443e-04 1.611188066345369137e-04
-1.724780178444465517e-02 -1.654261306749605558e-04 1.621605373494502337e-04
-1.724077027294527303e-02 -4.628331895002153838e-04 1.631542163974345210e-04
-1.722860284096305872e-02 -7.600187724874874970e-04 1.640995493299378632e-04
-1.721130601275572269e-02 -1.056893934000545680e-03 1.649962560244318699e-04
-1.718888786119461554e-02 -1.353369921381061174e-03 1.658440707673330809e-04
-1.716135800189404204e-02 -1.649358202172201146e-03 1.666427423328727380e-04
-1.712872758682423488e-02 -1.944770491164559290e-03 1.673920340574096559e-04
-1.709100929746595540e-02 -2.239518777234983209e-03 1.680917239096370829e-04
-1.704821733748267815e-02 -2.533515349990994592e-03 1.687416045563681314e-04
-1.700036742491649322e-02 -2.826672826199981819e-03 1.693414834239043317e-04
-1.694747678394224744e-02 -3.118904175999040896e-03 1.698911827552222547e-04
-1.688956413614423058e-02 -3.410122748870228655e-03 1.703905396625367990e-04
-1.682664969136115837e-02 -3.700242299387791322e-03 1.708394061756371462e-04
-1.675875513807678976e-02 -3.989177012715262871e-03 1.712376492856610983e-04
-1.668590363338964475e-02 -4.276841529848631092e-03 1.715851509845656207e-04
-1.660811979255575124e-02 -4.563150972612425686e-03 1.718818083001646241e-04
-1.652542967808610930e-02 -4.848020968368100744e-03 1.721275333264308974e-04
-1.643786078847096419e-02 -5.131367674471791311e-03 1.723222532497346675e-04
-1.634544204648107762e-02 -5.413107802441226649e-03 1.724659103704248336e-04
-1.624820378705252311e-02 -5.693158641832228237e-03 1.725584621197278029e-04
-1.614617774482456081e-02 -5.971438083835260702e-03 1.725998810725787520e-04
-1.603939704126556079e-02 -6.247864644563996470e-03 1.725901549556699852e-04
-1.592789617143230974e-02 -6.522357488045710076e-03 1.725292866510598911e-04
-1.581171099036572658e-02 -6.794836448896985834e-03 1.724172941953190251e-04
-1.569087869913338498e-02 -7.065222054690867629e-03 1.722542107742125038e-04
-1.556543783052686050e-02 -7.333435548006978465e-03 1.720400847129462249e-04
-1.543542823438906128e-02 -7.599398908140625464e-03 1.717749794616295583e-04
-1.530089106265196744e-02 -7.863034872506438275e-03 1.714589735766697330e-04
-1.516186875402579688e-02 -8.124266957697792377e-03 1.710921606974947205e-04
-1.501840501835810700e-02 -8.383019480198941609e-03 1.706746495186071651e-04
-1.487054482072034355e-02 -8.639217576780579277e-03 1.702065637575988751e-04
-1.471833436517014544e-02 -8.892787224527994375e-03 1.696880421184029822e-04
-1.456182107822182915e-02 -9.143655260536636201e-03 1.691192382501711022e-04
-1.440105359204258556e-02 -9.391749401244741877e-03 1.685003207017454362e-04
-1.423608172737321140e-02 -9.636998261421343692e-03 1.678314728717358135e-04
-1.406695647618137757e-02 -9.879331372800470926e-03 1.671128929542570001e-04
-1.389372998404057175e-02 -1.011867920233534834e-02 1.663447938799827129e-04
-1.371645553228682465e-02 -1.035497317011800644e-02 1.655274032532480977e-04
-1.353518751991763733e-02 -1.058814566692247577e-02 1.646609632845960093e-04
-1.334998144524258100e-02 -1.081813007137174924e-02 1.637457307188225255e-04
-1.316089388734043193e-02 -1.104486076676042088e-02 1.627819767591099807e-04
-1.296798248727315181e-02 -1.126827315749422478e-02 1.617699869865688652e-04
-1.277130592909548820e-02 -1.148830368515614889e-02 1.607100612756144360e-04
-1.257092392066385886e-02 -1.170488984421154226e-02 1.596025137050892709e-04
-1.236689717425257067e-02 -1.191797019733570849e-02 1.584476724652254137e-04
-1.215928738698819449e-02 -1.212748439037455300e-02 1.572458797604677665e-04
-1.194815722108103460e-02 -1.233337316691509103e-02 1.559974917078722312e-04
-1.173357028391762945e-02 -1.253557838250162620e-02 1.547028782317668208e-04
-1.151559110797235191e-02 -1.273404301847625396e-02 1.533624229541167303e-04
-1.129428513055319785e-02 -1.292871119542025535e-02 1.519765230806896939e-04
-1.106971867342278551e-02 -1.311952818625605234e-02 1.505455892835445711e-04
-1.084195892225652512e-02 -1.330644042895533577e-02 1.490700455792663887e-04
-1.061107390597527955e-02 -1.348939553887358242e-02 1.475503292032967657e-04
-1.037713247594683648e-02 -1.366834232071590348e-02 1.459868904803822160e-04
-1.014020428506860923e-02 -1.384323078013146267e-02 1.443801926911400589e-04
-9.900359766742658149e-03 -1.401401213494254602e-02 1.427307119348590852e-04
-9.657670113720860997e-03 -1.418063882597768270e-02 1.410389369882364440e-04
-9.412207256878378503e-03 -1.434306452756846893e-02 1.393053691606931663e-04
-9.164043843879036283e-03 -1.450124415766306483e-02 1.375305221458500416e-04
-8.913253217741140544e-03 -1.465513388755639891e-02 1.357149218691209116e-04
-8.659909395343671351e-03 -1.480469115128841238e-02 1.338591063320666939e-04
-8.404087045845385837e-03 -1.494987465465305067e-02 1.319636254529013813e-04
-8.145861469033210608e-03 -1.509064438385108314e-02 1.300290409035139317e-04
-7.885308573605481416e-03 -1.522696161378172923e-02 1.280559259430458631e-04
-7.622504855406895923e-03 -1.535878891597865399e-02 1.260448652480260202e-04
-7.357527375604104233e-03 -1.548609016619446194e-02 1.239964547391946199e-04
-7.090453738806021602e-03 -1.560883055160141274e-02 1.219113014047476827e-04
-6.821362071162541223e-03 -1.572697657767692034e-02 1.197900231206168339e-04
-6.550330998411037914e-03 -1.584049607472055518e-02 1.176332484673846100e-04
-6.277439623888249332e-03 -1.594935820400326595e-02 1.154416165438800450e-04
-6.002767506536748308e-03 -1.605353346360601993e-02 1.132157767779552645e-04
-5.726394638865933348e-03 -1.615299369388974518e-02 1.109563887339814326e-04
-5.448401424910661629e-03 -1.624771208262495645e-02 1.086641219174014014e-04
-5.168868658171473993e-03 -1.633766316978292957e-02 1.063396555763232481e-04
-4.887877499548109149e-03 -1.642282285199482203e-02 1.039836785002872693e-04
-4.605509455275008483e-03 -1.650316838667597111e-02 1.015968888161861183e-04
-4.321846354844225899e-03 -1.657867839579231159e-02 9.917999378127562128e-05
-4.036970328945561730e-03 -1.664933286933278217e-02 9.673370957371445287e-05
-3.750963787414547147e-03 -1.671511316843606043e-02 9.425876108034860975e-05
-3.463909397178367277e-03 -1.677600202817132111e-02 9.175588168178861826e-05
-3.175890060239110364e-03 -1.683198356003554746e-02 8.922581303522833507e-05
-2.886988891662751935e-03 -1.688304325410103918e-02 8.666930485462188613e-05
-2.597289197590822631e-03 -1.692916798084861604e-02 8.408711468851230492e-05
-2.306874453289036505e-03 -1.697034599268710392e-02 8.148000769557427951e-05
-2.015828281215269711e-03 -1.700656692516131982e-02 7.884875641785634467e-05
-1.724234429128530940e-03 -1.703782179785345505e-02 7.619414055193717732e-05
-1.432176748224333034e-03 -1.706410301494528867e-02 7.351694671775813505e-05
-1.139739171321166745e-03 -1.708540436551444705e-02 7.081796822563611040e-05
-8.470056910823117778e-04 -1.710172102350582604e-02 6.809800484116449479e-05
-5.540603382784202403e-04 -1.711304954738156886e-02 6.535786254817689002e-05
-2.609871601066401990e-04 -1.711938787950945118e-02 6.259835330996933365e-05
3.212980144569581585e-05 -1.712073534522818435e-02 5.982029482870377507e-05
3.252065311842763907e-04 -1.711709265161041882e-02 5.702451030305195944e-05
6.181590622347307848e-04 -1.710846188595743084e-02 5.421182818430862120e-05
9.109034975134838773e-04 -1.709484651397068927e-02 5.138308193088393785e-05
1.203356031137719833e-03 -1.707625137765858558e-02 4.853910976134055060e-05
1.495432969773125833e-03 -1.705268269294993658e-02 4.568075440602493048e-05
1.787050753918339964e-03 -1.702414804699459508e-02 4.280886285730535500e-05
2.078125979123234858e-03 -1.699065639521966931e-02 3.992428611862288660e-05
2.368575417137077851e-03 -1.695221805808345625e-02 3.702787895233700973e-05
2.658316036988698974e-03 -1.690884471752800502e-02 3.412049962638075297e-05
2.947265025989877045e-03 -1.686054941319308290e-02 3.120300966000772407e-05
3.235339810671432163e-03 -1.680734653832300848e-02 2.827627356846150553e-05
3.522458077635280162e-03 -1.674925183540078300e-02 2.534115860679636738e-05
3.808537794331781634e-03 -1.668628239151053599e-02 2.239853451293638876e-05
4.093497229758150634e-03 -1.661845663342844878e-02 1.944927324989753826e-05
4.377254975074447094e-03 -1.654579432244464646e-02 1.649424874744532534e-05
4.659729964128883975e-03 -1.646831654888683896e-02 1.353433664311387363e-05
4.940841493910298581e-03 -1.638604572641238002e-02 1.057041402273676947e-05
5.220509244905121270e-03 -1.629900558601195260e-02 7.603359160564852387e-06
5.498653301357798139e-03 -1.620722116972558857e-02 4.634051258973845034e-06
5.775194171459662427e-03 -1.611071882413326814e-02 1.663370187983793181e-06
6.050052807428186151e-03 -1.600952619354786832e-02 -1.307803775490180117e-06
6.323150625495026905e-03 -1.590367221294839220e-02 -4.278590208483849836e-06
6.594409525800912220e-03 -1.579318710065229225e-02 -7.248108802853540343e-06
6.863751912190598631e-03 -1.567810235072377226e-02 -1.021547962615940425e-05
7.131100711910115519e-03 -1.555845072512439947e-02 -1.317982338238753018e-05
7.396379395189263059e-03 -1.543426624557445344e-02 -1.614026167249967930e-05
7.659511994738825956e-03 -1.530558418518753599e-02 -1.909591725474385894e-05
7.920423125129706296e-03 -1.517244105982637654e-02 -2.204591430458494351e-05
8.179038002059097270e-03 -1.503487461918057329e-02 -2.498937867422718897e-05
8.435282461521370276e-03 -1.489292383761623047e-02 -2.792543815164622210e-05
8.689082978856749878e-03 -1.474662890474711524e-02 -3.085322271906855418e-05
8.940366687678762830e-03 -1.459603121573020169e-02 -3.377186481073153005e-05
9.189061398702322997e-03 -1.444117336133476578e-02 -3.668049956998789725e-05
9.435095618438481962e-03 -1.428209911772604541e-02 -3.957826510559873468e-05
9.678398567772151725e-03 -1.411885343599486239e-02 -4.246430274708983384e-05
9.918900200413843099e-03 -1.395148243142773845e-02 -4.533775729921930196e-05
1.015653122122824915e-02 -1.378003337251960773e-02 -4.819777729538685508e-05
1.039122310443772734e-02 -1.360455466973352866e-02 -5.104351524995974916e-05
1.062290811167605070e-02 -1.342509586397398411e-02 -5.387412790935135019e-05
1.085151930993067185e-02 -1.324170761483385757e-02 -5.668877650193344838e-05
1.107699058933841151e-02 -1.305444168856935774e-02 -5.948662698660895238e-05
1.129925668082972130e-02 -1.286335094579541503e-02 -6.226685029987876906e-05
1.151825317365088967e-02 -1.266848932895820769e-02 -6.502862260156740321e-05
1.173391653272787966e-02 -1.246991184952265380e-02 -6.777112551895186627e-05
1.194618411588022240e-02 -1.226767457490417733e-02 -7.049354638922900452e-05
1.215499419088644437e-02 -1.206183461514526850e-02 -7.319507850033129604e-05
1.236028595239401298e-02 -1.185245010933345250e-02 -7.587492132998844240e-05
1.256199953867584949e-02 -1.163958021176366570e-02 -7.853228078295652317e-05
1.276007604820324215e-02 -1.142328507781871505e-02 -8.116636942625316713e-05
1.295445755608061814e-02 -1.120362584962511163e-02 -8.377640672256436553e-05
1.314508713029952439e-02 -1.098066464142875669e-02 -8.636161926154439599e-05
1.333190884780272902e-02 -1.075446452470450905e-02 -8.892124098888811747e-05
1.351486781040180975e-02 -1.052508951303340358e-02 -9.145451343344188934e-05
1.369391016049243369e-02 -1.029260454669925565e-02 -9.396068593192030097e-05
1.386898309659075068e-02 -1.005707547703624770e-02 -9.643901585133077595e-05
1.404003488867455046e-02 -9.818569050513595992e-03 -9.888876880901508641e-05
1.420701489334484473e-02 -9.577152892572778076e-03 -1.013092188902892375e-04
1.436987356878435471e-02 -9.332895491204801566e-03 -1.036996488635993636e-04
1.452856248949551364e-02 -9.085866180256979216e-03 -1.060593503929218396e-04
1.468303436086310435e-02 -8.836135122508199935e-03 -1.083876242477542278e-04
1.483324303349013717e-02 -8.583773292478079353e-03 -1.106837805103564302e-04
1.497914351730464909e-02 -8.328852458970078393e-03 -1.129471387800297328e-04
1.512069199547465791e-02 -8.071445167388387881e-03 -1.151770283748718680e-04
1.525784583808053284e-02 -7.811624721783240466e-03 -1.173727885304902391e-04
1.539056361555528850e-02 -7.549465166646705978e-03 -1.195337685957656139e-04
1.551880511189564042e-02 -7.285041268468251882e-03 -1.216593282256494814e-04
1.564253133763563938e-02 -7.018428497035681009e-03 -1.237488375709408213e-04
1.576170454257735942e-02 -6.749703006493416174e-03 -1.258016774649702279e-04
1.587628822824801653e-02 -6.478941616144329348e-03 -1.278172396069267606e-04
1.598624716013619801e-02 -6.206221791028381299e-03 -1.297949267422556061e-04
1.609154737965130116e-02 -5.931621622240912210e-03 -1.317341528396139536e-04
1.619215621579856920e-02 -5.655219807016691712e-03 -1.336343432644144396e-04
1.628804229661922134e-02 -5.377095628585517109e-03 -1.354949349492310458e-04
1.637917556032906369e-02 -5.097328935777091161e-03 -1.373153765606102716e-04
1.646552726617686591e-02 -4.816000122405909162e-03 -1.390951286624208280e-04
1.654707000501809064e-02 -4.533190106415510394e-03 -1.408336638756765304e-04
1.662377770959948958e-02 -4.248980308803865583e-03 -1.425304670348717466e-04
1.669562566454620492e-02 -3.963452632318961201e-03 -1.441850353406582590e-04
1.676259051601845795e-02 -3.676689439927268571e-03 -1.457968785086851077e-04
1.682465028109709007e-02 -3.388773533076687265e-03 -1.473655189150419541e-04
1.688178435683244938e-02 -3.099788129730420439e-03 -1.488904917377706664e-04
1.693397352895473218e-02 -2.809816842194793642e-03 -1.503713450944566736e-04
1.698119998029525013e-02 -2.518943654737990437e-03 -1.518076401763019214e-04
1.702344729884679858e-02 -2.227252901004996618e-03 -1.531989513780968872e-04
1.706070048548958759e-02 -1.934829241228740648e-03 -1.545448664243071130e-04
1.709294596137541158e-02 -1.641757639243675120e-03 -1.558449864912355494e-04
1.712017157496464187e-02 -1.348123339314783635e-03 -1.570989263252326308e-04
1.714236660871175030e-02 -1.054011842769377819e-03 -1.583063143569275722e-04
1.715952178536095038e-02 -7.595088844494130064e-04 -1.594667928111298506e-04
1.717162927391482907e-02 -4.647004089880414786e-04 -1.605800178130250731e-04
1.717868269521136831e-02 -1.696725469077462476e-04 -1.616456594900823917e-04
1.718067712710321868e-02 1.254884094469134828e-04 -1.626634020696115569e-04
1.717760910929422985e-02 4.206960301361237654e-04 -1.636329439725329885e-04
1.716947664775771848e-02 7.158637720161495355e-04 -1.645539979026795243e-04
1.715627921876548487e-02 1.010905003276576586e-03 -1.654262909318950417e-04
1.713801777251964739e-02 1.305733028121045317e-03 -1.662495645809055321e-04
1.711469473638275660e-02 1.600261111596722706e-03 -1.670235748959469587e-04
1.708631401770298666e-02 1.894402504543263614e-03 -1.677480925211238534e-04
1.705288100619417255e-02 2.188070468681840158e-03 -1.684229027661672898e-04
1.701440257593869049e-02 2.481178301810384960e-03 -1.690478056702366305e-04
1.697088708694401843e-02 2.773639363124392153e-03 -1.696226160611754587e-04
1.692234438625183149e-02 3.065367098635495870e-03 -1.701471636101964315e-04
1.686878580865397784e-02 3.356275066688456116e-03 -1.706212928825533387e-04
1.681022417693905577e-02 3.646276963575655408e-03 -1.710448633835325255e-04
1.674667380170317271e-02 3.935286649226607016e-03 -1.714177496000537026e-04
1.667815048071500869e-02 4.223218172981190940e-03 -1.717398410378608725e-04
1.660467149783266885e-02 4.509985799423003698e-03 -1.720110422542941021e-04
1.652625562147072569e-02 4.795504034284117124e-03 -1.722312728866477521e-04
1.644292310257843004e-02 5.079687650383636968e-03 -1.724004676757688419e-04
1.635469567219670003e-02 5.362451713625801530e-03 -1.725185764855896294e-04
1.626159653852982806e-02 5.643711609028859502e-03 -1.725855643179851652e-04
1.616365038352791245e-02 5.923383066767294765e-03 -1.726014113229462263e-04
1.606088335903764486e-02 6.201382188251880305e-03 -1.725661128046795522e-04
1.595332308244904601e-02 6.477625472199915330e-03 -1.724796792229196752e-04
1.584099863186831658e-02 6.752029840713397006e-03 -1.723421361898025157e-04
1.572394054081442324e-02 7.024512665340720136e-03 -1.721535244622749360e-04
1.560218079243271168e-02 7.294991793125020323e-03 -1.719138999300467074e-04
1.547575281322996314e-02 7.563385572621975604e-03 -1.716233335991060012e-04
1.534469146629447930e-02 7.829612879866379091e-03 -1.712819115704648256e-04
1.520903304406432191e-02 8.093593144307752868e-03 -1.708897350148364533e-04
1.506881526058938443e-02 8.355246374677948590e-03 -1.704469201426647945e-04
1.492407724328237428e-02 8.614493184782979693e-03 -1.699535981694834863e-04
1.477485952421319325e-02 8.871254819228596711e-03 -1.694099152772556558e-04
1.462120403088735740e-02 9.125453179051615932e-03 -1.688160325709800295e-04
1.446315407652951773e-02 9.377010847246064831e-03 -1.681721260309154285e-04
1.430075434988124089e-02 9.625851114183426108e-03 -1.674783864604478291e-04
1.413405090450044893e-02 9.871898002917064638e-03 -1.667350194295691684e-04
1.396309114757398467e-02 1.011507629434974485e-02 -1.659422452140367433e-04
1.378792382821257025e-02 1.035531155225484154e-02 -1.651002987299012232e-04
1.360859902528329356e-02 1.059253014815739712e-02 -1.642094294640753177e-04
1.342516813473730759e-02 1.082665928604717963e-02 -1.632699014004110306e-04
1.323768385642747764e-02 1.105762702690550429e-02 -1.622819929412832728e-04
1.304620018047140256e-02 1.128536231306927033e-02 -1.612459968253079174e-04
1.285077237310072035e-02 1.150979499238582136e-02 -1.601622200405102697e-04
1.265145696203302632e-02 1.173085584216106321e-02 -1.590309837333417483e-04
1.244831172135630638e-02 1.194847659289394008e-02 -1.578526231135169941e-04
1.224139565593733957e-02 1.216258995178443221e-02 -1.566274873546998395e-04
1.203076898535746821e-02 1.237312962600481403e-02 -1.553559394911220028e-04
1.181649312734685785e-02 1.258003034570564713e-02 -1.540383563097970203e-04
1.159863068077982007e-02 1.278322788678245246e-02 -1.526751282390603867e-04
1.137724540818696277e-02 1.298265909336421102e-02 -1.512666592328631206e-04
1.115240221778973466e-02 1.317826190000256047e-02 -1.498133666509109910e-04
1.092416714510304268e-02 1.336997535359749426e-02 -1.483156811351769530e-04
1.069260733406011445e-02 1.355773963500084105e-02 -1.467740464822206480e-04
1.045779101769362188e-02 1.374149608030589102e-02 -1.451889195116543789e-04
1.021978749837121336e-02 1.392118720181750695e-02 -1.435607699307958911e-04
9.978667127589524108e-03 1.409675670868780831e-02 -1.418900801954949508e-04
9.734501285341281424e-03 1.426814952721137605e-02 -1.401773453672253340e-04
9.487362359031087031e-03 1.443531182073969597e-02 -1.384230729662315668e-04
9.237323721994643300e-03 1.459819100926504701e-02 -1.366277828212880490e-04
8.984459711591818651e-03 1.475673578861099594e-02 -1.347920069156566117e-04
8.728845606873834873e-03 1.491089614922151523e-02 -1.329162892293105449e-04
8.470557605875719473e-03 1.506062339458683584e-02 -1.310011855778861218e-04
8.209672802495071586e-03 1.520587015924325554e-02 -1.290472634479510625e-04
7.946269162982112777e-03 1.534659042635729692e-02 -1.270551018287982916e-04
7.680425502058895598e-03 1.548273954489047186e-02 -1.250252910408870995e-04
7.412221458657637131e-03 1.561427424633292892e-02 -1.229584325609621442e-04
7.141737471303573857e-03 1.574115266099656435e-02 -1.208551388438350505e-04
6.869054753129329172e-03 1.586333433383267308e-02 -1.187160331407868200e-04
6.594255266555630254e-03 1.598078023982490298e-02 -1.165417493150078634e-04
6.317421697628591327e-03 1.609345279889463215e-02 -1.143329316537534956e-04
6.038637430022490184e-03 1.620131589031201594e-02 -1.120902346773254300e-04
5.757986518735077990e-03 1.630433486665926884e-02 -1.098143229452548371e-04
5.475553663467408808e-03 1.640247656727267939e-02 -1.075058708593182197e-04
5.191424181699284129e-03 1.649570933118714444e-02 -1.051655624636838238e-04
4.905683981483437150e-03 1.658400300957598925e-02 -1.027940912422244883e-04
4.618419533956446242e-03 1.666732897767667088e-02 -1.003921599130402854e-04
4.329717845583991136e-03 1.674566014619632143e-02 -9.796048022026031677e-05
4.039666430142720838e-03 1.681897097216139558e-02 -9.549977272301849438e-05
3.748353280461017099e-03 1.688723746926909172e-02 -9.301076658204894315e-05
3.455866839921427260e-03 1.695043721767599404e-02 -9.049419934362758775e-05
3.162295973739386295e-03 1.700854937322006030e-02 -8.795081672090772416e-05
2.867729940028887481e-03 1.706155467612658141e-02 -8.538137237305123202e-05
2.572258360665936362e-03 1.710943545912542441e-02 -8.278662768188822612e-05
2.275971191964421252e-03 1.715217565500755381e-02 -8.016735152626400978e-05
1.978958695173714012e-03 1.718976080361233477e-02 -7.752432005422785612e-05
1.681311406810016016e-03 1.722217805824395598e-02 -7.485831645303670174e-05
1.383120108835234063e-03 1.724941619151134156e-02 -7.217013071712119086e-05
1.084475798699103492e-03 1.727146560055549396e-02 -6.946055941391104363e-05
7.854696592416608378e-04 1.728831831172972580e-02 -6.673040544785453657e-05
4.861930284960553944e-04 1.729996798466914773e-02 -6.398047782251574682e-05
1.867373693765208230e-04 1.730640991574573448e-02 -6.121159140078253345e-05
-1.128057607215568752e-04 1.730764104096707209e-02 -5.842456666345928788e-05
-4.123447403931150166e-04 1.730365993824554624e-02 -5.562022946612799664e-05
-7.117879147644433054e-04 1.729446682907009175e-02 -5.279941079443549657e-05
-1.011043626085662145e-03 1.728006357957593414e-02 -4.996294651780961940e-05
-1.310020244355363265e-03 1.726045370101172982e-02 -4.711167714183329736e-05
-1.608626197976938598e-03 1.723564234960340072e-02 -4.424644755918644449e-05
-1.906770004422065484e-03 1.720563632578074251e-02 -4.136810679919843966e-05
-2.204360300891267891e-03 1.717044407283551885e-02 -3.847750777636698539e-05
-2.501305874967218144e-03 1.713007567495098554e-02 -3.557550703758125026e-05
-2.797515695228066073e-03 1.708454285460182798e-02 -3.266296450826778870e-05
-3.092898941827959547e-03 1.703385896938533137e-02 -2.974074323764459266e-05
-3.387365037020532293e-03 1.697803900821676787e-02 -2.680970914294740430e-05
-3.680823675611057284e-03 1.691709958691865398e-02 -2.387073075282953130e-05
-3.973184855328711768e-03 1.685105894320884645e-02 -2.092467895001923426e-05
-4.264358907107856922e-03 1.677993693108641854e-02 -1.797242671323916896e-05
-4.554256525252209364e-03 1.670375501461697498e-02 -1.501484885855067962e-05
-4.842788797485347504e-03 1.662253626109152713e-02 -1.205282178009496579e-05
-5.129867234865347417e-03 1.653630533362562480e-02 -9.087223190429707918e-06
-5.415403801547695462e-03 1.644508848314394159e-02 -6.118931860414576819e-06
-5.699310944392074058e-03 1.634891353975542402e-02 -3.148827358824059890e-06
-5.981501622391928105e-03 1.624780990357764174e-02 -1.777897917392286706e-07
-6.261889335921596612e-03 1.614180853494928333e-02 2.793300458302458286e-06
-6.540388155781054133e-03 1.603094194406671710e-02 5.763562993137979211e-06
-6.816912752027748726e-03 1.591524418004764199e-02 8.732117659859623676e-06
-7.091378422587936610e-03 1.579475081942525311e-02 1.169808481167311329e-05
-7.363701121631280842e-03 1.566949895408084256e-02 1.466058556849153495e-05
-7.633797487686909411e-03 1.553952717858871416e-02 1.761874207739942393e-05
-7.901584871511629915e-03 1.540487557704530580e-02 2.057167777278864120e-05
-8.166981363680238942e-03 1.526558570932809097e-02 2.351851763608129762e-05
-8.429905821880660441e-03 1.512170059679631903e-02 2.645838845503049823e-05
-8.690277897928292208e-03 1.497326470749283170e-02 2.939041908245254285e-05
-8.948018064462484253e-03 1.482032394078797166e-02 3.231374069440936500e-05
-9.203047641324610395e-03 1.466292561150769891e-02 3.522748704761352330e-05
-9.455288821604098184e-03 1.450111843354832952e-02 3.813079473612832933e-05
-9.704664697346734176e-03 1.433495250298671628e-02 4.102280344723558948e-05
-9.951099284912931497e-03 1.416447928069454118e-02 4.390265621633824081e-05
-1.019451754995636533e-02 1.398975157443877251e-02 4.676949968090363395e-05
-1.043484543205148475e-02 1.381082352053104520e-02 4.962248433334748966e-05
-1.067200986892725967e-02 1.362775056498786649e-02 5.246076477274133317e-05
-1.090593882029538067e-02 1.344058944421093124e-02 5.528349995533864304e-05
-1.113656129130192150e-02 1.324939816524278551e-02 5.808985344378122091e-05
-1.136380735554415843e-02 1.305423598555344872e-02 6.087899365496241775e-05
-1.158760817767501457e-02 1.285516339239218576e-02 6.365009410645833233e-05
-1.180789603557246166e-02 1.265224208171762850e-02 6.640233366138667938e-05
-1.202460434207470487e-02 1.244553493670850532e-02 6.913489677176176771e-05
-1.223766766627207639e-02 1.223510600587285162e-02 7.184697372017963073e-05
-1.244702175431979495e-02 1.202102048073984929e-02 7.453776085969788590e-05
-1.265260354981851895e-02 1.180334467319284555e-02 7.720646085200814511e-05
-1.285435121370706937e-02 1.158214599241398114e-02 7.985228290373230808e-05
-1.305220414366557551e-02 1.135749292145022717e-02 8.247444300066587831e-05
-1.324610299305870216e-02 1.112945499345437302e-02 8.507216414019232479e-05
-1.343598968937035829e-02 1.089810276756310314e-02 8.764467656148367913e-05
-1.362180745213723357e-02 1.066350780444682775e-02 9.019121797358235759e-05
-1.380350081038225589e-02 1.042574264154226202e-02 9.271103378131719452e-05
-1.398101561954184086e-02 1.018488076797923782e-02 9.520337730884896252e-05
-1.415429907787216571e-02 9.940996599211033777e-03 9.766751002105406130e-05
-1.432329974232194984e-02 9.694165451344865375e-03 1.001027017421962103e-04
-1.448796754390031284e-02 9.444463515224776201e-03 1.025082308723984577e-04
-1.464825380250343694e-02 9.191967830237755821e-03 1.048833846015190946e-04
-1.480411124118881719e-02 8.936756257864324204e-03 1.072274591201902253e-04
-1.495549399994048831e-02 8.678907455013205527e-03 1.095397598285607703e-04
-1.510235764886943763e-02 8.418500847115872876e-03 1.118196015420401323e-04
-1.524465920086860715e-02 8.155616601009338731e-03 1.140663086943328336e-04
-1.538235712372125127e-02 7.890335597625888070e-03 1.162792155375939196e-04
-1.551541135165657517e-02 7.622739404488736679e-03 1.184576663397675101e-04
-1.564378329635711731e-02 7.352910248040554070e-03 1.206010155789061591e-04
-1.576743585737920561e-02 7.080930985793404409e-03 1.227086281343295348e-04
-1.588633343205156714e-02 6.806885078344616750e-03 1.247798794749550670e-04
-1.600044192479447430e-02 6.530856561249828544e-03 1.268141558443523114e-04
-1.610972875585908390e-02 6.252930016755665725e-03 1.288108544424823522e-04
-1.621416286953888605e-02 5.973190545444827942e-03 1.307693836044622221e-04
-1.631371474179122219e-02 5.691723737757219126e-03 1.326891629758622060e-04
-1.640835638729826185e-02 5.408615645430739534e-03 1.345696236846134406e-04
-1.649806136596405903e-02 5.123952752869107528e-03 1.364102085096056353e-04
-1.658280478885187578e-02 4.837821948434978953e-03 1.382103720458272445e-04
-1.666256332355978489e-02 4.550310495706318126e-03 1.399695808660218277e-04
-1.673731519900595668e-02 4.261506004670682218e-03 1.416873136785951840e-04
-1.680704020969030210e-02 3.971496402910584811e-03 1.433630614822470849e-04
-1.687171971937713802e-02 3.680369906768339843e-03 1.449963277167898410e-04
-1.693133666419772976e-02 3.388214992492330577e-03 1.465866284101310696e-04
-1.698587555523711767e-02 3.095120367411130415e-03 1.481334923218684122e-04
-1.703532248053611642e-02 2.801174941112719030e-03 1.496364610828572266e-04
-1.707966510654485015e-02 2.506467796657489613e-03 1.510950893310208953e-04
-1.711889267902980821e-02 2.211088161834131541e-03 1.525089448433086380e-04
-1.715299602343631213e-02 1.915125380468368560e-03 1.538776086638028078e-04
-1.718196754471114709e-02 1.618668883795806260e-03 1.552006752279386714e-04
-1.720580122655680430e-02 1.321808161908632605e-03 1.564777524824804598e-04
-1.722449263018917265e-02 1.024632735291258366e-03 1.577084620018757771e-04
-1.723803889254344607e-02 7.272321264488131910e-04 1.588924391003931403e-04
-1.724643872393175764e-02 4.296958316503021844e-04 1.600293329399993367e-04
-1.724969240521797079e-02 1.321132927800924882e-04 1.611188066345328751e-04
-1.724780178444390577e-02 -1.654261306745611086e-04 1.621605373494439725e-04
-1.724077027294578651e-02 -4.628331895004364526e-04 1.631542163974382344e-04
-1.722860284096433200e-02 -7.600187724875808468e-04 1.640995493299497623e-04
-1.721130601275352653e-02 -1.056893934000358547e-03 1.649962560244121375e-04
-1.718888786119578474e-02 -1.353369921380806170e-03 1.658440707673434350e-04
-1.716135800189485389e-02 -1.649358202172345562e-03 1.666427423328797582e-04
-1.712872758682288873e-02 -1.944770491164567313e-03 1.673920340573969707e-04
-1.709100929746710726e-02 -2.239518777234889967e-03 1.680917239096486296e-04
-1.704821733748244222e-02 -2.533515349990909157e-03 1.687416045563648246e-04
-1.700036742491602137e-02 -2.826672826200058580e-03 1.693414834238998322e-04
-1.694747678394199764e-02 -3.118904175999058243e-03 1.698911827552199508e-04
-1.688956413614560448e-02 -3.410122748870322330e-03 1.703905396625500263e-04
-1.682664969136144634e-02 -3.700242299387823848e-03 1.708394061756403446e-04
-1.675875513807475320e-02 -3.989177012714743321e-03 1.712376492856393872e-04
-1.668590363339159457e-02 -4.276841529849251256e-03 1.715851509845860308e-04
-1.660811979255566798e-02 -4.563150972612426554e-03 1.718818083001648681e-04
-1.652542967808415253e-02 -4.848020968367479713e-03 1.721275333264101078e-04
-1.643786078847310136e-02 -5.131367674472301320e-03 1.723222532497565684e-04
-1.634544204648076884e-02 -5.413107802441073126e-03 1.724659103704214726e-04
-1.624820378705124982e-02 -5.693158641831785882e-03 1.725584621197150364e-04
-1.614617774482460591e-02 -5.971438083835276314e-03 1.725998810725786706e-04
-1.603939704126684448e-02 -6.247864644564595817e-03 1.725901549556827516e-04
-1.592789617143248321e-02 -6.522357488045696199e-03 1.725292866510632522e-04
-1.581171099036387043e-02 -6.794836448895935459e-03 1.724172941952970429e-04
-1.569087869913534522e-02 -7.065222054691715041e-03 1.722542107742334831e-04
-1.556543783052670785e-02 -7.333435548007203111e-03 1.720400847129463333e-04
-1.543542823438724329e-02 -7.599398908139537792e-03 1.717749794616088772e-04
-1.530089106265392594e-02 -7.863034872507479109e-03 1.714589735766912544e-04
-1.516186875402559565e-02 -8.124266957697599822e-03 1.710921606974911155e-04
-1.501840501835687014e-02 -8.383019480198334455e-03 1.706746495185953202e-04
-1.487054482072056906e-02 -8.639217576780298252e-03 1.702065637575987125e-04
-1.471833436517113076e-02 -8.892787224528721224e-03 1.696880421184149084e-04
-1.456182107822198875e-02 -9.143655260536894674e-03 1.691192382501754390e-04
-1.440105359204089941e-02 -9.391749401243387058e-03 1.685003207017236708e-04
-1.423608172737501204e-02 -9.636998261422578815e-03 1.678314728717561423e-04
-1.406695647618133420e-02 -9.879331372800361638e-03 1.671128929542574338e-04
-1.389372998403877110e-02 -1.011867920233425894e-02 1.663447938799619775e-04
-1.371645553228861836e-02 -1.035497317011940983e-02 1.655274032532686162e-04
-1.353518751991728344e-02 -1.058814566692209413e-02 1.646609632845931362e-04
-1.334998144524164772e-02 -1.081813007137098423e-02 1.637457307188117648e-04
-1.316089388734053081e-02 -1.104486076676046424e-02 1.627819767591080291e-04
-1.296798248727426550e-02 -1.126827315749497072e-02 1.617699869865814690e-04
-1.277130592909583688e-02 -1.148830368515625991e-02 1.607100612756193149e-04
-1.257092392066223516e-02 -1.170488984420998274e-02 1.596025137050684271e-04
-1.236689717425400528e-02 -1.191797019733717433e-02 1.584476724652438993e-04
-1.215928738698824653e-02 -1.212748439037477158e-02 1.572458797604668721e-04
-1.194815722107965550e-02 -1.233337316691335110e-02 1.559974917078544231e-04
-1.173357028391890620e-02 -1.253557838250332103e-02 1.547028782317867160e-04
-1.151559110797224089e-02 -1.273404301847608396e-02 1.533624229541145077e-04
-1.129428513055234437e-02 -1.292871119541916074e-02 1.519765230806780930e-04
-1.106971867342290521e-02 -1.311952818625600550e-02 1.505455892835448422e-04
-1.084195892225732309e-02 -1.330644042895639222e-02 1.490700455792771223e-04
-1.061107390597539231e-02 -1.348939553887388426e-02 1.475503292033000997e-04
-1.037713247594568636e-02 -1.366834232071389640e-02 1.459868904803643538e-04
-1.014020428506995711e-02 -1.384323078013323209e-02 1.443801926911573790e-04
-9.900359766742592230e-03 -1.401401213494250959e-02 1.427307119348596002e-04
-9.657670113719667507e-03 -1.418063882597594624e-02 1.410389369882177957e-04
-9.412207256879624034e-03 -1.434306452757007876e-02 1.393053691607128446e-04
-9.164043843879249654e-03 -1.450124415766290177e-02 1.375305221458465992e-04
-8.913253217740195120e-03 -1.465513388755544308e-02 1.357149218691104762e-04
-8.659909395343385122e-03 -1.480469115128807238e-02 1.338591063320666668e-04
-8.404087045846437079e-03 -1.494987465465436385e-02 1.319636254529118710e-04
-8.145861469033358060e-03 -1.509064438385131907e-02 1.300290409035181872e-04
-7.885308573604343438e-03 -1.522696161377984532e-02 1.280559259430276214e-04
-7.622504855407928950e-03 -1.535878891598054831e-02 1.260448652480423916e-04
-7.357527375603839688e-03 -1.548609016619448102e-02 1.239964547391964088e-04
-7.090453738805282610e-03 -1.560883055159948372e-02 1.219113014047324225e-04
-6.821362071163773744e-03 -1.572697657767881813e-02 1.197900231206302103e-04
-6.550330998410328412e-03 -1.584049607472029844e-02 1.176332484673833496e-04
-6.277439623888180810e-03 -1.594935820400197532e-02 1.154416165438719948e-04
-6.002767506536926985e-03 -1.605353346360599565e-02 1.132157767779567282e-04
-5.726394638866086004e-03 -1.615299369389100112e-02 1.109563887339909465e-04
-5.448401424911084902e-03 -1.624771208262531033e-02 1.086641219174013201e-04
-5.168868658170657805e-03 -1.633766316978085831e-02 1.063396555763085165e-04
-4.887877499548711965e-03 -1.642282285199677880e-02 1.039836785003033425e-04
-4.605509455275161139e-03 -1.650316838667597805e-02 1.015968888161844648e-04
-4.321846354843469559e-03 -1.657867839579022298e-02 9.917999378126274637e-05
-4.036970328946207047e-03 -1.664933286933492282e-02 9.673370957373158326e-05
-3.750963787414292143e-03 -1.671511316843571696e-02 9.425876108034335137e-05
-3.463909397178435799e-03 -1.677600202817011374e-02 9.175588168178257383e-05
-3.175890060239288607e-03 -1.683198356003549889e-02 8.922581303522752192e-05
-2.886988891662768848e-03 -1.688304325410230552e-02 8.666930485462638557e-05
-2.597289197590797478e-03 -1.692916798084898033e-02 8.408711468851721093e-05
-2.306874453288850022e-03 -1.697034599268491817e-02 8.148000769556166211e-05
-2.015828281215882069e-03 -1.700656692516339455e-02 7.884875641786869103e-05
-1.724234429128174238e-03 -1.703782179785346199e-02 7.619414055193656746e-05
-1.432176748224307664e-03 -1.706410301494321047e-02 7.351694671775203642e-05
-1.139739171321336748e-03 -1.708540436551660158e-02 7.081796822564188378e-05
-8.470056910823117778e-04 -1.710172102350552420e-02 6.809800484116297690e-05
-5.540603382782671510e-04 -1.711304954738020884e-02 6.535786254817476228e-05
-2.609871601067847231e-04 -1.711938787950968363e-02 6.259835330997014680e-05
3.212980144574680046e-05 -1.712073534522889212e-02 5.982029482870762399e-05
3.252065311841233555e-04 -1.711709265161224028e-02 5.702451030305627592e-05
6.181590622347985474e-04 -1.710846188595551223e-02 5.421182818430257677e-05
9.109034975134668553e-04 -1.709484651397058519e-02 5.138308193088527277e-05
1.203356031137473069e-03 -1.707625137766072276e-02 4.853910976134692028e-05
1.495432969773185248e-03 -1.705268269294780634e-02 4.568075440602140683e-05
1.787050753918373791e-03 -1.702414804699467141e-02 4.280886285730330180e-05
2.078125979123455602e-03 -1.699065639522155322e-02 3.992428611862554289e-05
2.368575417136746953e-03 -1.695221805808186377e-02 3.702787895233268647e-05
2.658316036988528537e-03 -1.690884471752678378e-02 3.412049962638042094e-05
2.947265025990208811e-03 -1.686054941319429720e-02 3.120300966000911320e-05
3.235339810671525405e-03 -1.680734653832457320e-02 2.827627356846250164e-05
3.522458077635050745e-03 -1.674925183539903439e-02 2.534115860679822069e-05
3.808537794331976790e-03 -1.668628239151043191e-02 2.239853451293479634e-05
4.093497229758574774e-03 -1.661845663343045065e-02 1.944927324989933058e-05
4.377254975073486057e-03 -1.654579432244263765e-02 1.649424874744552185e-05
4.659729964128942956e-03 -1.646831654888699856e-02 1.353433664311387363e-05
4.940841493910995072e-03 -1.638604572641418414e-02 1.057041402273676947e-05
5.220509244904373604e-03 -1.629900558601048155e-02 7.603359160564852387e-06
5.498653301357219608e-03 -1.620722116972393365e-02 4.634051258973845034e-06
5.775194171460622597e-03 -1.611071882413568981e-02 1.663370187983793181e-06
6.050052807429086472e-03 -1.600952619355027612e-02 -1.307803775490113837e-06
6.323150625494634858e-03 -1.590367221294666442e-02 -4.278590208483252678e-06
6.594409525800417823e-03 -1.579318710065127224e-02 -7.248108802854337401e-06
6.863751912191028842e-03 -1.567810235072465697e-02 -1.021547962616099498e-05
7.131100711909072083e-03 -1.555845072512252424e-02 -1.317982338238334754e-05
7.396379395189727098e-03 -1.543426624557538845e-02 -1.614026167250206793e-05
7.659511994740279654e-03 -1.530558418519032196e-02 -1.909591725474611544e-05
7.920423125128651584e-03 -1.517244105982453427e-02 -2.204591430458480459e-05
8.179038002058835327e-03 -1.503487461917990368e-02 -2.498937867422393975e-05
8.435282461521564565e-03 -1.489292383761661558e-02 -2.792543815164675404e-05
8.689082978856231196e-03 -1.474662890474624094e-02 -3.085322271906982134e-05
8.940366687677657812e-03 -1.459603121572871851e-02 -3.377186481072476734e-05
9.189061398703629244e-03 -1.444117336133687868e-02 -3.668049956999745856e-05
9.435095618440036275e-03 -1.428209911772801953e-02 -3.957826510560285465e-05
9.678398567771239261e-03 -1.411885343599349023e-02 -4.246430274708166844e-05
9.918900200413307069e-03 -1.395148243142687802e-02 -4.533775729921917322e-05
1.015653122122851457e-02 -1.378003337251999458e-02 -4.819777729538745817e-05
1.039122310443729713e-02 -1.360455466973296314e-02 -5.104351524995748589e-05
1.062290811167456578e-02 -1.342509586397232051e-02 -5.387412790934251395e-05
1.085151930993260606e-02 -1.324170761483661404e-02 -5.668877650194559822e-05
1.107699058933907764e-02 -1.305444168856967346e-02 -5.948662698661446826e-05
1.129925668082850526e-02 -1.286335094579400817e-02 -6.226685029986906545e-05
1.151825317365121580e-02 -1.266848932895873331e-02 -6.502862260157046609e-05
1.173391653272808956e-02 -1.246991184952294524e-02 -6.777112551895280140e-05
1.194618411587899422e-02 -1.226767457490273230e-02 -7.049354638922163195e-05
1.215499419088710009e-02 -1.206183461514586698e-02 -7.319507850033635113e-05
1.236028595239623863e-02 -1.185245010933614132e-02 -7.587492132999985363e-05
1.256199953867437498e-02 -1.163958021176187026e-02 -7.853228078294751074e-05
1.276007604820262459e-02 -1.142328507781813565e-02 -8.116636942624971124e-05
1.295445755608108651e-02 -1.120362584962552449e-02 -8.377640672256582920e-05
1.314508713029866396e-02 -1.098066464142811484e-02 -8.636161926154092654e-05
1.333190884780131522e-02 -1.075446452470321494e-02 -8.892124098887917280e-05
1.351486781040377866e-02 -1.052508951303510708e-02 -9.145451343345476424e-05
1.369391016049454485e-02 -1.029260454670113956e-02 -9.396068593193323008e-05
1.386898309658927790e-02 -1.005707547703485472e-02 -9.643901585132215654e-05
1.404003488867379239e-02 -9.818569050512976695e-03 -9.888876880900825594e-05
1.420701489334514483e-02 -9.577152892573118081e-03 -1.013092188902895899e-04
1.436987356878357061e-02 -9.332895491204359212e-03 -1.036996488636000277e-04
1.452856248949381708e-02 -9.085866180255711133e-03 -1.060593503929038283e-04
1.468303436086579837e-02 -8.836135122510141091e-03 -1.083876242477762236e-04
1.483324303349103576e-02 -8.583773292478240682e-03 -1.106837805103650225e-04
1.497914351730287447e-02 -8.328852458969245726e-03 -1.129471387800136731e-04
1.512069199547508118e-02 -8.071445167388851052e-03 -1.151770283748744565e-04
1.525784583808104979e-02 -7.811624721783210108e-03 -1.173727885304927463e-04
1.539056361555350000e-02 -7.549465166645916679e-03 -1.195337685957546228e-04
1.551880511189671075e-02 -7.285041268468892862e-03 -1.216593282256569759e-04
1.564253133763842882e-02 -7.018428497036919601e-03 -1.237488375709632101e-04
1.576170454257542000e-02 -6.749703006492170643e-03 -1.258016774649540191e-04
1.587628822824723243e-02 -6.478941616144451646e-03 -1.278172396069222612e-04
1.598624716013655883e-02 -6.206221791028456759e-03 -1.297949267422577203e-04
1.609154737965048584e-02 -5.931621622240529704e-03 -1.317341528396069605e-04
1.619215621579670958e-02 -5.655219807016225071e-03 -1.336343432643991253e-04
1.628804229662175057e-02 -5.377095628586290796e-03 -1.354949349492499380e-04
1.637917556033160679e-02 -5.097328935777720865e-03 -1.373153765606331754e-04
1.646552726617491955e-02 -4.816000122405527523e-03 -1.390951286624044565e-04
1.654707000501720593e-02 -4.533190106415315238e-03 -1.408336638756710010e-04
1.662377770960003776e-02 -4.248980308803984411e-03 -1.425304670348737524e-04
1.669562566454525776e-02 -3.963452632318606450e-03 -1.441850353406509406e-04
1.676259051601640751e-02 -3.676689439926954586e-03 -1.457968785086675165e-04
1.682465028110021257e-02 -3.388773533077282709e-03 -1.473655189150696284e-04
1.688178435683334797e-02 -3.099788129730751771e-03 -1.488904917377793671e-04
1.693397352895300786e-02 -2.809816842194155697e-03 -1.503713450944391366e-04
1.698119998029568728e-02 -2.518943654738050285e-03 -1.518076401763069900e-04
1.702344729884722532e-02 -2.227252901005387798e-03 -1.531989513780991641e-04
1.706070048548778001e-02 -1.934829241228375272e-03 -1.545448664242915818e-04
1.709294596137635874e-02 -1.641757639243802405e-03 -1.558449864912446296e-04
1.712017157496779560e-02 -1.348123339314800766e-03 -1.570989263252618230e-04
1.714236660870962700e-02 -1.054011842769386493e-03 -1.583063143569088968e-04
1.715952178536009343e-02 -7.595088844494896595e-04 -1.594667928111204451e-04
1.717162927391532867e-02 -4.647004089879819559e-04 -1.605800178130301959e-04
1.717868269521041075e-02 -1.696725469078906633e-04 -1.616456594900740433e-04
1.718067712710133824e-02 1.254884094470664637e-04 -1.626634020695925833e-04
1.717760910929679030e-02 4.206960301361406789e-04 -1.636329439725568680e-04
1.716947664776037261e-02 7.158637720161664490e-04 -1.645539979027061956e-04
1.715627921876346218e-02 1.010905003276729676e-03 -1.654262909318753364e-04
1.713801777251894309e-02 1.305733028120883987e-03 -1.662495645808989455e-04
1.711469473638264210e-02 1.600261111596663075e-03 -1.670235748959452782e-04
1.708631401770408301e-02 1.894402504543654577e-03 -1.677480925211351562e-04
1.705288100619523073e-02 2.188070468681628088e-03 -1.684229027661773999e-04
1.701440257593863845e-02 2.481178301810359806e-03 -1.690478056702354650e-04
1.697088708694304005e-02 2.773639363124366132e-03 -1.696226160611665954e-04
1.692234438625060330e-02 3.065367098635266886e-03 -1.701471636101831229e-04
1.686878580865457458e-02 3.356275066688643467e-03 -1.706212928825596542e-04
1.681022417693839657e-02 3.646276963575298923e-03 -1.710448633835263727e-04
1.674667380170447722e-02 3.935286649226997328e-03 -1.714177496000672009e-04
1.667815048071590034e-02 4.223218172981352270e-03 -1.717398410378702779e-04
1.660467149783270008e-02 4.509985799423318550e-03 -1.720110422542948340e-04
1.652625562146973690e-02 4.795504034283794466e-03 -1.722312728866368559e-04
1.644292310257735104e-02 5.079687650383441812e-03 -1.724004676757579185e-04
1.635469567219677983e-02 5.362451713625861378e-03 -1.725185764855902528e-04
1.626159653853069889e-02 5.643711609028836083e-03 -1.725855643179947333e-04
1.616365038352909900e-02 5.923383066767760538e-03 -1.726014113229596704e-04
1.606088335903706893e-02 6.201382188251667801e-03 -1.725661128046731554e-04
1.595332308244958031e-02 6.477625472200567586e-03 -1.724796792229259636e-04
1.584099863186717166e-02 6.752029840712632860e-03 -1.723421361897890987e-04
1.572394054081355935e-02 7.024512665340309006e-03 -1.721535244622652595e-04
1.560218079243265617e-02 7.294991793125112263e-03 -1.719138999300460840e-04
1.547575281323105602e-02 7.563385572622455255e-03 -1.716233335991172227e-04
1.534469146629537442e-02 7.829612879866883896e-03 -1.712819115704751255e-04
1.520903304406419181e-02 8.093593144307723378e-03 -1.708897350148362636e-04
1.506881526058861595e-02 8.355246374677514909e-03 -1.704469201426553619e-04
1.492407724328122937e-02 8.614493184782112331e-03 -1.699535981694703132e-04
1.477485952421368071e-02 8.871254819229052943e-03 -1.694099152772619171e-04
1.462120403088678668e-02 9.125453179051246436e-03 -1.688160325709735514e-04
1.446315407653078061e-02 9.377010847246866274e-03 -1.681721260309283305e-04
1.430075434988200070e-02 9.625851114183955198e-03 -1.674783864604573430e-04
1.413405090450038822e-02 9.871898002916899839e-03 -1.667350194295696834e-04
1.396309114757309996e-02 1.011507629434925046e-02 -1.659422452140259284e-04
1.378792382821176013e-02 1.035531155225428990e-02 -1.651002987298910317e-04
1.360859902528324672e-02 1.059253014815740579e-02 -1.642094294640760496e-04
1.342516813473808301e-02 1.082665928604785617e-02 -1.632699014004191079e-04
1.323768385642846296e-02 1.105762702690630747e-02 -1.622819929412969880e-04
1.304620018047058030e-02 1.128536231306877594e-02 -1.612459968253011683e-04
1.285077237310151485e-02 1.150979499238628107e-02 -1.601622200405163142e-04
1.265145696203223181e-02 1.173085584216035544e-02 -1.590309837333297408e-04
1.244831172135538351e-02 1.194847659289337283e-02 -1.578526231135075344e-04
1.224139565593741243e-02 1.216258995178417200e-02 -1.566274873547001648e-04
1.203076898535826444e-02 1.237312962600571088e-02 -1.553559394911312999e-04
1.181649312734758643e-02 1.258003034570648500e-02 -1.540383563098079165e-04
1.159863068077960843e-02 1.278322788678233450e-02 -1.526751282390585978e-04
1.137724540818624112e-02 1.298265909336341131e-02 -1.512666592328534170e-04
1.115240221778906853e-02 1.317826190000151269e-02 -1.498133666509021819e-04
1.092416714510328381e-02 1.336997535359813090e-02 -1.483156811351821029e-04
1.069260733405984903e-02 1.355773963500037094e-02 -1.467740464822130044e-04
1.045779101769441291e-02 1.374149608030676012e-02 -1.451889195116670369e-04
1.021978749837152908e-02 1.392118720181845064e-02 -1.435607699308037515e-04
9.978667127589720132e-03 1.409675670868790719e-02 -1.418900801954939479e-04
9.734501285340835600e-03 1.426814952721056767e-02 -1.401773453672175006e-04
9.487362359030237016e-03 1.443531182073868810e-02 -1.384230729662230559e-04
9.237323721994983305e-03 1.459819100926503140e-02 -1.366277828212861787e-04
8.984459711592321721e-03 1.475673578861189800e-02 -1.347920069156663154e-04
8.728845606874232124e-03 1.491089614922247800e-02 -1.329162892293201943e-04
8.470557605875506102e-03 1.506062339458644032e-02 -1.310011855778820831e-04
8.209672802495050770e-03 1.520587015924372218e-02 -1.290472634479556703e-04
7.946269162981699913e-03 1.534659042635613292e-02 -1.270551018287868804e-04
7.680425502058482734e-03 1.548273954488974501e-02 -1.250252910408813803e-04
7.412221458657334422e-03 1.561427424633283698e-02 -1.229584325609600843e-04
7.141737471304335401e-03 1.574115266099755314e-02 -1.208551388438428432e-04
6.869054753130093317e-03 1.586333433383366187e-02 -1.187160331407977976e-04
6.594255266555344892e-03 1.598078023982494461e-02 -1.165417493150045565e-04
6.317421697627940806e-03 1.609345279889346988e-02 -1.143329316537424097e-04
6.038637430022166658e-03 1.620131589031123184e-02 -1.120902346773227059e-04
5.757986518735018142e-03 1.630433486665885945e-02 -1.098143229452527771e-04
5.475553663467952643e-03 1.640247656727500392e-02 -1.075058708593328293e-04
5.191424181699702198e-03 1.649570933118841773e-02 -1.051655624636935275e-04
4.905683981482909795e-03 1.658400300957403248e-02 -1.027940912422097567e-04
4.618419533956632725e-03 1.666732897767774640e-02 -1.003921599130466009e-04
4.329717845583930420e-03 1.674566014619473589e-02 -9.796048022025397419e-05
4.039666430142660122e-03 1.681897097216064965e-02 -9.549977272301189430e-05
3.748353280460558698e-03 1.688723746926895294e-02 -9.301076658204868565e-05
3.455866839921920789e-03 1.695043721767701753e-02 -9.049419934363162640e-05
3.162295973739725433e-03 1.700854937322139257e-02 -8.795081672091508318e-05
2.867729940028402626e-03 1.706155467612591528e-02 -8.538137237304938888e-05
2.572258360665800620e-03 1.710943545912613564e-02 -8.278662768188817191e-05
2.275971191964404339e-03 1.715217565500619379e-02 -8.016735152625909021e-05
1.978958695173612097e-03 1.718976080361138414e-02 -7.752432005422404786e-05
1.681311406809896753e-03 1.722217805824388312e-02 -7.485831645303675595e-05
1.383120108835786356e-03 1.724941619151246566e-02 -7.217013071712551412e-05
1.084475798698874074e-03 1.727146560055653826e-02 -6.946055941391456729e-05
7.854696592413209404e-04 1.728831831172976050e-02 -6.673040544785259856e-05
4.861930284962764090e-04 1.729996798466796465e-02 -6.398047782251281947e-05
1.867373693765378450e-04 1.730640991574487753e-02 -6.121159140078108333e-05
-1.128057607216418360e-04 1.730764104096651698e-02 -5.842456666345477488e-05
-4.123447403931404412e-04 1.730365993824813445e-02 -5.562022946613642631e-05
-7.117879147645879380e-04 1.729446682907141361e-02 -5.279941079443908121e-05
-1.011043626085458098e-03 1.728006357957371369e-02 -4.996294651780423227e-05
-1.310020244355652097e-03 1.726045370101291637e-02 -4.711167714183501853e-05
-1.608626197976691617e-03 1.723564234960182906e-02 -4.424644755918339517e-05
-1.906770004421793350e-03 1.720563632577983698e-02 -4.136810679919791789e-05
-2.204360300891344219e-03 1.717044407283549803e-02 -3.847750777636526422e-05
-2.501305874967421107e-03 1.713007567495205760e-02 -3.557550703758377103e-05
-2.797515695228330185e-03 1.708454285460304575e-02 -3.266296450826865606e-05
-3.092898941827917046e-03 1.703385896938476238e-02 -2.974074323764399635e-05
-3.387365037020633775e-03 1.697803900821739931e-02 -2.680970914294721118e-05
-3.680823675610505209e-03 1.691709958691725579e-02 -2.387073075282820315e-05
-3.973184855328872229e-03 1.685105894320797909e-02 -2.092467895001910212e-05
-4.264358907107593244e-03 1.677993693108635956e-02 -1.797242671323930109e-05
-4.554256525252718506e-03 1.670375501461809215e-02 -1.501484885855200947e-05
-4.842788797485714399e-03 1.662253626109249857e-02 -1.205282178009483365e-05
-5.129867234865118433e-03 1.653630533362555541e-02 -9.087223190427249828e-06
-5.415403801547567959e-03 1.644508848314297708e-02 -6.118931860416105714e-06
-5.699310944391834666e-03 1.634891353975457401e-02 -3.148827358822399705e-06
-5.981501622391410290e-03 1.624780990357716295e-02 -1.777897917403575538e-07
-6.261889335922536833e-03 1.614180853495157664e-02 2.793300458302458709e-06
-6.540388155781695113e-03 1.603094194406794182e-02 5.763562993139373428e-06
-6.816912752026993254e-03 1.591524418004577890e-02 8.732117659860553718e-06
-7.091378422588493456e-03 1.579475081942629047e-02 1.169808481167417547e-05
-7.363701121630553993e-03 1.566949895407921539e-02 1.466058556848834671e-05
-7.633797487686483536e-03 1.553952717858806711e-02 1.761874207739902413e-05
-7.901584871511569200e-03 1.540487557704524162e-02 2.057167777278824479e-05
-8.166981363680880790e-03 1.526558570932887160e-02 2.351851763608388954e-05
-8.429905821881246777e-03 1.512170059679762528e-02 2.645838845503076250e-05
-8.690277897928141287e-03 1.497326470749227138e-02 2.939041908245274614e-05
-8.948018064462871096e-03 1.482032394078850422e-02 3.231374069441103196e-05
-9.203047641323666705e-03 1.466292561150654705e-02 3.522748704761027746e-05
-9.455288821603808486e-03 1.450111843354747951e-02 3.813079473612654717e-05
-9.704664697346562438e-03 1.433495250298660872e-02 4.102280344723452561e-05
-9.951099284913569876e-03 1.416447928069549354e-02 4.390265621634236077e-05
-1.019451754995706963e-02 1.398975157443958610e-02 4.676949968090662229e-05
-1.043484543205151598e-02 1.381082352053103826e-02 4.962248433334696111e-05
-1.067200986892647904e-02 1.362775056498699913e-02 5.246076477273965943e-05
-1.090593882029501117e-02 1.344058944421022868e-02 5.528349995533545142e-05
-1.113656129130126751e-02 1.324939816524259469e-02 5.808985344377803607e-05
-1.136380735554593478e-02 1.305423598555517997e-02 6.087899365497303616e-05
-1.158760817767615775e-02 1.285516339239319364e-02 6.365009410646237098e-05
-1.180789603557090041e-02 1.265224208171603429e-02 6.640233366137765340e-05
-1.202460434207550111e-02 1.244553493670911247e-02 6.913489677176576571e-05
-1.223766766627088463e-02 1.223510600587183160e-02 7.184697372017656786e-05
-1.244702175431939770e-02 1.202102048073926642e-02 7.453776085969459264e-05
-1.265260354981838711e-02 1.180334467319279351e-02 7.720646085200501448e-05
-1.285435121370778408e-02 1.158214599241486238e-02 7.985228290373721409e-05
-1.305220414366652787e-02 1.135749292145105289e-02 8.247444300067209892e-05
-1.324610299305839164e-02 1.112945499345386821e-02 8.507216414019133546e-05
-1.343598968937081105e-02 1.089810276756344835e-02 8.764467656148705371e-05
-1.362180745213589263e-02 1.066350780444582681e-02 9.019121797357803434e-05
-1.380350081038167302e-02 1.042574264154186650e-02 9.271103378130942892e-05
-1.398101561954167085e-02 1.018488076797928986e-02 9.520337730884836621e-05
-1.415429907787309899e-02 9.940996599211484805e-03 9.766751002106245031e-05
-1.432329974232304966e-02 9.694165451345540183e-03 1.001027017422018346e-04
-1.448796754390026427e-02 9.444463515224777936e-03 1.025082308723997994e-04
-1.464825380250233712e-02 9.191967830237126116e-03 1.048833846015075343e-04
-1.480411124118828810e-02 8.936756257863902667e-03 1.072274591201841944e-04
-1.495549399993982218e-02 8.678907455013061545e-03 1.095397598285593202e-04
-1.510235764887171012e-02 8.418500847116948405e-03 1.118196015420572492e-04
-1.524465920087003483e-02 8.155616601010069050e-03 1.140663086943409244e-04
-1.538235712371918348e-02 7.890335597624684172e-03 1.162792155375804484e-04
-1.551541135165764376e-02 7.622739404489343833e-03 1.184576663397752080e-04
-1.564378329635561851e-02 7.352910248039956458e-03 1.206010155788956966e-04
-1.576743585737850131e-02 7.080930985792907410e-03 1.227086281343230567e-04
-1.588633343205144224e-02 6.806885078344497922e-03 1.247798794749546605e-04
-1.600044192479535901e-02 6.530856561249998547e-03 1.268141558443606598e-04
-1.610972875586039882e-02 6.252930016756566914e-03 1.288108544424903211e-04
-1.621416286953830319e-02 5.973190545444521764e-03 1.307693836044595116e-04
-1.631371474179179118e-02 5.691723737757405609e-03 1.326891629758686299e-04
-1.640835638729705448e-02 5.408615645430449835e-03 1.345696236845992646e-04
-1.649806136596317779e-02 5.123952752868504712e-03 1.364102085096001601e-04
-1.658280478885177864e-02 4.837821948435097781e-03 1.382103720458272174e-04
-1.666256332356089859e-02 4.550310495706411801e-03 1.399695808660295798e-04
-1.673731519900695935e-02 4.261506004670638850e-03 1.416873136786040474e-04
-1.680704020969038537e-02 3.971496402910890122e-03 1.433630614822489009e-04
-1.687171971937593412e-02 3.680369906768101752e-03 1.449963277167800560e-04
-1.693133666419687280e-02 3.388214992492134987e-03 1.465866284101225586e-04
-1.698587555523666318e-02 3.095120367411138655e-03 1.481334923218639670e-04
-1.703532248053862830e-02 2.801174941113015668e-03 1.496364610828801304e-04
-1.707966510654615466e-02 2.506467796657880793e-03 1.510950893310334991e-04
-1.711889267902762940e-02 2.211088161833596379e-03 1.525089448432888242e-04
-1.715299602343750909e-02 1.915125380468478931e-03 1.538776086638143816e-04
-1.718196754470957544e-02 1.618668883795806260e-03 1.552006752279248478e-04
-1.720580122655590918e-02 1.321808161908462386e-03 1.564777524824713525e-04
-1.722449263018912755e-02 1.024632735291241019e-03 1.577084620018754247e-04
-1.723803889254445568e-02 7.272321264488131910e-04 1.588924391004017055e-04
-1.724643872393308991e-02 4.296958316503021844e-04 1.600293329400126452e-04
-1.724969240521733241e-02 1.321132927800924882e-04 1.611188066345276167e-04
-1.724780178444455456e-02 -1.654261306745525976e-04 1.621605373494490953e-04
-1.724077027294442649e-02 -4.628331895003598537e-04 1.631542163974253866e-04
-1.722860284096337097e-02 -7.600187724876573915e-04 1.640995493299406008e-04
-1.721130601275348490e-02 -1.056893934000367220e-03 1.649962560244117851e-04
-1.718888786119689496e-02 -1.353369921380814843e-03 1.658440707673546565e-04
-1.716135800189586350e-02 -1.649358202172455934e-03 1.666427423328896516e-04
-1.712872758682291302e-02 -1.944770491164797164e-03 1.673920340573974315e-04
-1.709100929746602826e-02 -2.239518777234566875e-03 1.680917239096372184e-04
-1.704821733748154364e-02 -2.533515349990781654e-03 1.687416045563572894e-04
-1.700036742491548708e-02 -2.826672826199999166e-03 1.693414834238937607e-04
-1.694747678394452686e-02 -3.118904175999448990e-03 1.698911827552451314e-04
-1.688956413614688817e-02 -3.410122748870883080e-03 1.703905396625639312e-04
-1.682664969135929528e-02 -3.700242299387246185e-03 1.708394061756178474e-04
-1.675875513807597098e-02 -3.989177012715066847e-03 1.712376492856516115e-04
-1.668590363339005067e-02 -4.276841529848936403e-03 1.715851509845704725e-04
-1.660811979255477633e-02 -4.563150972612197570e-03 1.718818083001560047e-04
-1.652542967808410396e-02 -4.848020968367232515e-03 1.721275333264091862e-04
-1.643786078847410403e-02 -5.131367674472599692e-03 1.723222532497666515e-04
-1.634544204648195193e-02 -5.413107802441745331e-03 1.724659103704349980e-04
-1.624820378705068430e-02 -5.693158641831555164e-03 1.725584621197087209e-04
-1.614617774482518878e-02 -5.971438083835581626e-03 1.725998810725851216e-04
-1.603939704126556426e-02 -6.247864644563766619e-03 1.725901549556691720e-04
-1.592789617143169564e-02 -6.522357488045407367e-03 1.725292866510536028e-04
-1.581171099036371777e-02 -6.794836448896063828e-03 1.724172941952965279e-04
-1.569087869913644503e-02 -7.065222054692380307e-03 1.722542107742445962e-04
-1.556543783052761858e-02 -7.333435548007473728e-03 1.720400847129568229e-04
-1.543542823438723115e-02 -7.599398908139483148e-03 1.717749794616094193e-04
-1.530089106265289552e-02 -7.863034872507088796e-03 1.714589735766797619e-04
-1.516186875402473870e-02 -8.124266957697072467e-03 1.710921606974821166e-04
-1.501840501835660126e-02 -8.383019480198159248e-03 1.706746495185899534e-04
-1.487054482072255532e-02 -8.639217576781614907e-03 1.702065637576240015e-04
-1.471833436517260528e-02 -8.892787224529406440e-03 1.696880421184284338e-04
-1.456182107821985677e-02 -9.143655260535807003e-03 1.691192382501528334e-04
-1.440105359204188994e-02 -9.391749401243947373e-03 1.685003207017357054e-04
-1.423608172737379947e-02 -9.636998261421812068e-03 1.678314728717415598e-04
-1.406695647618047031e-02 -9.879331372799886324e-03 1.671128929542471339e-04
-1.389372998403904866e-02 -1.011867920233413751e-02 1.663447938799627094e-04
-1.371645553228930184e-02 -1.035497317011991290e-02 1.655274032532791329e-04
-1.353518751991827571e-02 -1.058814566692298231e-02 1.646609632846047101e-04
-1.334998144524098332e-02 -1.081813007137066504e-02 1.637457307188054222e-04
-1.316089388734113796e-02 -1.104486076676092741e-02 1.627819767591143717e-04
-1.296798248727307548e-02 -1.126827315749411550e-02 1.617699869865698952e-04
-1.277130592909492615e-02 -1.148830368515557122e-02 1.607100612756083373e-04
-1.257092392066235659e-02 -1.170488984420994284e-02 1.596025137050683458e-04
-1.236689717425481019e-02 -1.191797019733787689e-02 1.584476724652541450e-04
-1.215928738698900460e-02 -1.212748439037553486e-02 1.572458797604775515e-04
-1.194815722107974050e-02 -1.233337316691350723e-02 1.559974917078553447e-04
-1.173357028391818456e-02 -1.253557838250243979e-02 1.547028782317755758e-04
-1.151559110797163374e-02 -1.273404301847546813e-02 1.533624229541067556e-04
-1.129428513055210845e-02 -1.292871119541867675e-02 1.519765230806724280e-04
-1.106971867342408135e-02 -1.311952818625802819e-02 1.505455892835673123e-04
-1.084195892225831362e-02 -1.330644042895731162e-02 1.490700455792903225e-04
-1.061107390597419535e-02 -1.348939553887240281e-02 1.475503292032798251e-04
-1.037713247594606973e-02 -1.366834232071484183e-02 1.459868904803736508e-04
-1.014020428506921985e-02 -1.384323078013177319e-02 1.443801926911447210e-04
-9.900359766742201917e-03 -1.401401213494219214e-02 1.427307119348516042e-04
-9.657670113719507912e-03 -1.418063882597567389e-02 1.410389369882175518e-04
-9.412207256880049042e-03 -1.434306452757096347e-02 1.393053691607214098e-04
-9.164043843879844664e-03 -1.450124415766401026e-02 1.375305221458564113e-04
-8.913253217739943585e-03 -1.465513388755488797e-02 1.357149218691061665e-04
-8.659909395343988806e-03 -1.480469115128883392e-02 1.338591063320718167e-04
-8.404087045845649515e-03 -1.494987465465299516e-02 1.319636254528995111e-04
-8.145861469032785601e-03 -1.509064438385052803e-02 1.300290409035126035e-04
-7.885308573604487420e-03 -1.522696161377975338e-02 1.280559259430278382e-04
-7.622504855408260283e-03 -1.535878891598160823e-02 1.260448652480494931e-04
-7.357527375604451178e-03 -1.548609016619536573e-02 1.239964547392016130e-04
-7.090453738805184598e-03 -1.560883055159948719e-02 1.219113014047341843e-04
-6.821362071163059905e-03 -1.572697657767779464e-02 1.197900231206230274e-04
-6.550330998410374382e-03 -1.584049607471962884e-02 1.176332484673752994e-04
-6.277439623887772283e-03 -1.594935820400150348e-02 1.154416165438718457e-04
-6.002767506537810827e-03 -1.605353346360823344e-02 1.132157767779702807e-04
-5.726394638866901324e-03 -1.615299369389233339e-02 1.109563887340005552e-04
-5.448401424910013710e-03 -1.624771208262314193e-02 1.086641219173877947e-04
-5.168868658170852962e-03 -1.633766316978206221e-02 1.063396555763193721e-04
-4.887877499548475176e-03 -1.642282285199524183e-02 1.039836785002889498e-04
-4.605509455274939962e-03 -1.650316838667517660e-02 1.015968888161780274e-04
-4.321846354843240576e-03 -1.657867839579025421e-02 9.917999378126612095e-05
-4.036970328946640728e-03 -1.664933286933582834e-02 9.673370957373239641e-05
-3.750963787414649062e-03 -1.671511316843697290e-02 9.425876108035339380e-05
-3.463909397178214621e-03 -1.677600202816946148e-02 9.175588168177879268e-05
-3.175890060239229193e-03 -1.683198356003619278e-02 8.922581303523100492e-05
-2.886988891662446190e-03 -1.688304325410098367e-02 8.666930485461975839e-05
-2.597289197590924546e-03 -1.692916798084800195e-02 8.408711468851210163e-05
-2.306874453288773261e-03 -1.697034599268485225e-02 8.148000769556345104e-05
-2.015828281215805307e-03 -1.700656692516449089e-02 7.884875641787188942e-05
-1.724234429128310197e-03 -1.703782179785449935e-02 7.619414055194000980e-05
-1.432176748224086704e-03 -1.706410301494327639e-02 7.351694671775096577e-05
-1.139739171321481163e-03 -1.708540436551544278e-02 7.081796822564069116e-05
-8.470056910823203430e-04 -1.710172102350471929e-02 6.809800484115845036e-05
-5.540603382781992799e-04 -1.711304954737965373e-02 6.535786254817065586e-05
-2.609871601069377041e-04 -1.711938787951221286e-02 6.259835330997930831e-05
3.212980144582331125e-05 -1.712073534523023827e-02 5.982029482871114765e-05
3.252065311841998460e-04 -1.711709265161001636e-02 5.702451030304983847e-05
6.181590622346540232e-04 -1.710846188595671960e-02 5.421182818430663575e-05
9.109034975136028143e-04 -1.709484651396902394e-02 5.138308193088022446e-05
1.203356031137337327e-03 -1.707625137765980336e-02 4.853910976134380320e-05
1.495432969773363924e-03 -1.705268269294781328e-02 4.568075440602200314e-05
1.787050753918620555e-03 -1.702414804699565673e-02 4.280886285730569382e-05
2.078125979123243098e-03 -1.699065639522284732e-02 3.992428611862885649e-05
2.368575417136890935e-03 -1.695221805808128090e-02 3.702787895233115503e-05
2.658316036988511624e-03 -1.690884471752734236e-02 3.412049962638141705e-05
2.947265025989877479e-03 -1.686054941319301698e-02 3.120300966000779183e-05
3.235339810671567905e-03 -1.680734653832362258e-02 2.827627356846084823e-05
3.522458077634973983e-03 -1.674925183539893378e-02 2.534115860679637077e-05
3.808537794332011051e-03 -1.668628239151156989e-02 2.239853451293712398e-05
4.093497229759016261e-03 -1.661845663343147414e-02 1.944927324989807020e-05
4.377254975073656060e-03 -1.654579432244255785e-02 1.649424874744372953e-05
4.659729964128509275e-03 -1.646831654888587793e-02 1.353433664311686365e-05
4.940841493910681087e-03 -1.638604572641348678e-02 1.057041402273577336e-05
5.220509244904296409e-03 -1.629900558600973562e-02 7.603359160564720250e-06
5.498653301358374934e-03 -1.620722116972683757e-02 4.634051258973845034e-06
5.775194171460460400e-03 -1.611071882413576267e-02 1.663370187983726901e-06
6.050052807428009209e-03 -1.600952619354712933e-02 -1.307803775490644927e-06
6.323150625494934098e-03 -1.590367221294785791e-02 -4.278590208482056667e-06
6.594409525800282515e-03 -1.579318710065077611e-02 -7.248108802854868491e-06
6.863751912190939504e-03 -1.567810235072484779e-02 -1.021547962616106444e-05
7.131100711909198718e-03 -1.555845072512257281e-02 -1.317982338238341530e-05
7.396379395189819038e-03 -1.543426624557537458e-02 -1.614026167250279977e-05
7.659511994740247562e-03 -1.530558418519016931e-02 -1.909591725474658639e-05
7.920423125128682809e-03 -1.517244105982466437e-02 -2.204591430458241935e-05
8.179038002058762469e-03 -1.503487461917990022e-02 -2.498937867422566770e-05
8.435282461521633954e-03 -1.489292383761646986e-02 -2.792543815164675404e-05
8.689082978856153133e-03 -1.474662890474646819e-02 -3.085322271906821537e-05
8.940366687677657812e-03 -1.459603121572861963e-02 -3.377186481072788442e-05
9.189061398703710776e-03 -1.444117336133686653e-02 -3.668049956999134637e-05
9.435095618440003315e-03 -1.428209911772802820e-02 -3.957826510560385076e-05
9.678398567771244465e-03 -1.411885343599360992e-02 -4.246430274708484651e-05
9.918900200413414622e-03 -1.395148243142682598e-02 -4.533775729921704547e-05
1.015653122122861518e-02 -1.378003337252009346e-02 -4.819777729538858303e-05
1.039122310443636558e-02 -1.360455466973216863e-02 -5.104351524995304743e-05
1.062290811167680184e-02 -1.342509586397467626e-02 -5.387412790935498905e-05
1.085151930993239096e-02 -1.324170761483658108e-02 -5.668877650194400580e-05
1.107699058933716597e-02 -1.305444168856740098e-02 -5.948662698660550326e-05
1.129925668082933966e-02 -1.286335094579487033e-02 -6.226685029987291437e-05
1.151825317365067804e-02 -1.266848932895837596e-02 -6.502862260156595309e-05
1.173391653272835844e-02 -1.246991184952287932e-02 -6.777112551895487494e-05
1.194618411587897860e-02 -1.226767457490296302e-02 -7.049354638922149642e-05
1.215499419088705846e-02 -1.206183461514606647e-02 -7.319507850033885835e-05
1.236028595239628200e-02 -1.185245010933583254e-02 -7.587492132999931152e-05
1.256199953867440794e-02 -1.163958021176192056e-02 -7.853228078294618260e-05
1.276007604820251010e-02 -1.142328507781816514e-02 -8.116636942625038886e-05
1.295445755608116284e-02 -1.120362584962569796e-02 -8.377640672256722511e-05
1.314508713029869692e-02 -1.098066464142778004e-02 -8.636161926154060128e-05
1.333190884780117297e-02 -1.075446452470344219e-02 -8.892124098887471402e-05
1.351486781040395387e-02 -1.052508951303519034e-02 -9.145451343345644476e-05
1.369391016049436617e-02 -1.029260454670087588e-02 -9.396068593193455823e-05
1.386898309658933168e-02 -1.005707547703506635e-02 -9.643901585132043537e-05
1.404003488867372994e-02 -9.818569050512912511e-03 -9.888876880900990935e-05
1.420701489334555596e-02 -9.577152892573385229e-03 -1.013092188902935066e-04
1.436987356878262866e-02 -9.332895491203576852e-03 -1.036996488635876543e-04
1.452856248949645039e-02 -9.085866180257570757e-03 -1.060593503929261493e-04
1.468303436086579490e-02 -8.836135122509839249e-03 -1.083876242477757628e-04
1.483324303348835735e-02 -8.583773292476688105e-03 -1.106837805103443549e-04
1.497914351730381122e-02 -8.328852458970010739e-03 -1.129471387800241628e-04
1.512069199547464576e-02 -8.071445167388446862e-03 -1.151770283748699978e-04
1.525784583808130132e-02 -7.811624721783248272e-03 -1.173727885304938712e-04
1.539056361555343408e-02 -7.549465166645975660e-03 -1.195337685957522918e-04
1.551880511189660319e-02 -7.285041268468956180e-03 -1.216593282256579517e-04
1.564253133763847392e-02 -7.018428497036714904e-03 -1.237488375709629390e-04
1.576170454257552409e-02 -6.749703006492553149e-03 -1.258016774649565398e-04
1.587628822824714223e-02 -6.478941616144315470e-03 -1.278172396069216107e-04
1.598624716013662128e-02 -6.206221791028364819e-03 -1.297949267422552537e-04
1.609154737965055176e-02 -5.931621622240632052e-03 -1.317341528396092645e-04
1.619215621579662631e-02 -5.655219807016471402e-03 -1.336343432643987729e-04
1.628804229662167424e-02 -5.377095628586120793e-03 -1.354949349492503717e-04
1.637917556033157557e-02 -5.097328935777455453e-03 -1.373153765606316846e-04
1.646552726617505139e-02 -4.816000122405576962e-03 -1.390951286624050800e-04
1.654707000501697001e-02 -4.533190106415271869e-03 -1.408336638756697270e-04
1.662377770960053389e-02 -4.248980308804290590e-03 -1.425304670348784145e-04
1.669562566454414754e-02 -3.963452632318444253e-03 -1.441850353406399631e-04
1.676259051601946062e-02 -3.676689439927507529e-03 -1.457968785086957600e-04
1.682465028110027155e-02 -3.388773533077120946e-03 -1.473655189150679208e-04
1.688178435683024281e-02 -3.099788129730266916e-03 -1.488904917377502834e-04
1.693397352895406952e-02 -2.809816842194504810e-03 -1.503713450944523368e-04
1.698119998029523972e-02 -2.518943654737855128e-03 -1.518076401763020027e-04
1.702344729884742655e-02 -2.227252901005507060e-03 -1.531989513781010614e-04
1.706070048548767940e-02 -1.934829241228137398e-03 -1.545448664242908771e-04
1.709294596137641425e-02 -1.641757639243811078e-03 -1.558449864912446025e-04
1.712017157496779213e-02 -1.348123339315123641e-03 -1.570989263252625006e-04
1.714236660870962353e-02 -1.054011842769241860e-03 -1.583063143569088968e-04
1.715952178536009343e-02 -7.595088844493960928e-04 -1.594667928111197946e-04
1.717162927391533561e-02 -4.647004089880584464e-04 -1.605800178130301959e-04
1.717868269521040728e-02 -1.696725469078992014e-04 -1.616456594900743957e-04
1.718067712710132089e-02 1.254884094470664908e-04 -1.626634020695915533e-04
1.717760910929683194e-02 4.206960301361406789e-04 -1.636329439725589822e-04
1.716947664776028240e-02 7.158637720161495355e-04 -1.645539979027047049e-04
1.715627921876367035e-02 1.010905003276576586e-03 -1.654262909318769898e-04
1.713801777251847472e-02 1.305733028121045317e-03 -1.662495645808943106e-04
1.711469473638378355e-02 1.600261111596739620e-03 -1.670235748959567708e-04
1.708631401770094316e-02 1.894402504543407813e-03 -1.677480925211040396e-04
1.705288100619521685e-02 2.188070468681636328e-03 -1.684229027661777523e-04
1.701440257594180605e-02 2.481178301810682899e-03 -1.690478056702668255e-04
1.697088708694183268e-02 2.773639363124229523e-03 -1.696226160611536121e-04
1.692234438625126597e-02 3.065367098635224819e-03 -1.701471636101907665e-04
1.686878580865384947e-02 3.356275066688438769e-03 -1.706212928825524171e-04
1.681022417693966986e-02 3.646276963575723062e-03 -1.710448633835389223e-04
1.674667380170135125e-02 3.935286649226428339e-03 -1.714177496000344309e-04
1.667815048071597320e-02 4.223218172981097265e-03 -1.717398410378713079e-04
1.660467149783574972e-02 4.509985799423879733e-03 -1.720110422543256524e-04
1.652625562146862320e-02 4.795504034283785792e-03 -1.722312728866262578e-04
1.644292310257756268e-02 5.079687650383584926e-03 -1.724004676757601140e-04
1.635469567219725168e-02 5.362451713625675763e-03 -1.725185764855948064e-04
1.626159653852892600e-02 5.643711609028359034e-03 -1.725855643179755158e-04
1.616365038352623670e-02 5.923383066766665060e-03 -1.726014113229270902e-04
1.606088335904000061e-02 6.201382188252866495e-03 -1.725661128047057357e-04
1.595332308245131850e-02 6.477625472201102748e-03 -1.724796792229452353e-04
1.584099863186675533e-02 6.752029840712492348e-03 -1.723421361897841655e-04
1.572394054081331996e-02 7.024512665340220535e-03 -1.721535244622634706e-04
1.560218079243366404e-02 7.294991793125521658e-03 -1.719138999300566821e-04
1.547575281322817985e-02 7.563385572621184570e-03 -1.716233335990856995e-04
1.534469146629526687e-02 7.829612879866814507e-03 -1.712819115704748544e-04
1.520903304406725706e-02 8.093593144309081666e-03 -1.708897350148687083e-04
1.506881526058767920e-02 8.355246374676940715e-03 -1.704469201426425684e-04
1.492407724328157458e-02 8.614493184782434990e-03 -1.699535981694767642e-04
1.477485952421310998e-02 8.871254819228542934e-03 -1.694099152772556016e-04
1.462120403088780669e-02 9.125453179052198799e-03 -1.688160325709862095e-04
1.446315407652783852e-02 9.377010847244878280e-03 -1.681721260308962382e-04
1.430075434988219499e-02 9.625851114184052343e-03 -1.674783864604577766e-04
1.413405090450319673e-02 9.871898002918662318e-03 -1.667350194296004205e-04
1.396309114757232628e-02 1.011507629434869361e-02 -1.659422452140160080e-04
1.378792382821171329e-02 1.035531155225448419e-02 -1.651002987298930374e-04
1.360859902528371683e-02 1.059253014815746304e-02 -1.642094294640801153e-04
1.342516813473665534e-02 1.082665928604667829e-02 -1.632699014004010830e-04
1.323768385642605343e-02 1.105762702690430560e-02 -1.622819929412657358e-04
1.304620018047307310e-02 1.128536231307089056e-02 -1.612459968253338028e-04
1.285077237310285579e-02 1.150979499238762548e-02 -1.601622200405336343e-04
1.265145696203199936e-02 1.173085584215976564e-02 -1.590309837333241572e-04
1.244831172135499493e-02 1.194847659289318374e-02 -1.578526231135067483e-04
1.224139565593825030e-02 1.216258995178525620e-02 -1.566274873547093805e-04
1.203076898535614114e-02 1.237312962600332043e-02 -1.553559394911028938e-04
1.181649312734736786e-02 1.258003034570628551e-02 -1.540383563098067510e-04
1.159863068078205613e-02 1.278322788678481689e-02 -1.526751282390882507e-04
1.137724540818533560e-02 1.298265909336244507e-02 -1.512666592328433068e-04
1.115240221778956639e-02 1.317826190000214760e-02 -1.498133666509069524e-04
1.092416714510286747e-02 1.336997535359752375e-02 -1.483156811351763295e-04
1.069260733406030353e-02 1.355773963500118105e-02 -1.467740464822242530e-04
1.045779101769278227e-02 1.374149608030432283e-02 -1.451889195116397421e-04
1.021978749837154296e-02 1.392118720181842635e-02 -1.435607699308045376e-04
9.978667127591461794e-03 1.409675670869047458e-02 -1.418900801955196164e-04
9.734501285340230181e-03 1.426814952720940194e-02 -1.401773453672076615e-04
9.487362359030764372e-03 1.443531182073910617e-02 -1.384230729662266337e-04
9.237323721995080450e-03 1.459819100926553447e-02 -1.366277828212907053e-04
8.984459711590892309e-03 1.475673578861022052e-02 -1.347920069156488326e-04
8.728845606872979654e-03 1.491089614921967295e-02 -1.329162892292969924e-04
8.470557605877003168e-03 1.506062339458907363e-02 -1.310011855779068301e-04
8.209672802496108951e-03 1.520587015924558874e-02 -1.290472634479705239e-04
7.946269162981479603e-03 1.534659042635559342e-02 -1.270551018287813781e-04
7.680425502058345691e-03 1.548273954488958021e-02 -1.250252910408804587e-04
7.412221458657838359e-03 1.561427424633382230e-02 -1.229584325609679989e-04
7.141737471303187014e-03 1.574115266099462840e-02 -1.208551388438211592e-04
6.869054753129889487e-03 1.586333433383370697e-02 -1.187160331407967540e-04
6.594255266556573944e-03 1.598078023982789017e-02 -1.165417493150287885e-04
6.317421697627796824e-03 1.609345279889240476e-02 -1.143329316537363788e-04
6.038637430022013135e-03 1.620131589031141919e-02 -1.120902346773229092e-04
5.757986518735375495e-03 1.630433486665928619e-02 -1.098143229452557722e-04
5.475553663467366307e-03 1.640247656727322756e-02 -1.075058708593204152e-04
5.191424181698563352e-03 1.649570933118532645e-02 -1.051655624636728056e-04
4.905683981483869964e-03 1.658400300957696416e-02 -1.027940912422311290e-04
4.618419533957304063e-03 1.666732897767975521e-02 -1.003921599130583510e-04
4.329717845583743938e-03 1.674566014619426405e-02 -9.796048022025016593e-05
4.039666430142728644e-03 1.681897097216057679e-02 -9.549977272301028155e-05
3.748353280460592091e-03 1.688723746926952540e-02 -9.301076658205020354e-05
3.455866839921308865e-03 1.695043721767506770e-02 -9.049419934362663907e-05
3.162295973739479536e-03 1.700854937321817986e-02 -8.795081672089781726e-05
2.867729940029075265e-03 1.706155467612912799e-02 -8.538137237306492008e-05
2.572258360666030037e-03 1.710943545912800914e-02 -8.278662768189759091e-05
2.275971191964336251e-03 1.715217565500574970e-02 -8.016735152625762654e-05
1.978958695173611664e-03 1.718976080361116210e-02 -7.752432005422171682e-05
1.681311406809947928e-03 1.722217805824497253e-02 -7.485831645304074039e-05
1.383120108835455024e-03 1.724941619150927377e-02 -7.217013071711526841e-05
1.084475798698874074e-03 1.727146560055655561e-02 -6.946055941391364571e-05
7.854696592416524894e-04 1.728831831173293504e-02 -6.673040544786647634e-05
4.861930284962424735e-04 1.729996798466688565e-02 -6.398047782250810319e-05
1.867373693766993640e-04 1.730640991574510651e-02 -6.121159140077895558e-05
-1.128057607216333385e-04 1.730764104096698536e-02 -5.842456666345888808e-05
-4.123447403932170401e-04 1.730365993824620544e-02 -5.562022946613237411e-05
-7.117879147645115017e-04 1.729446682906817315e-02 -5.279941079442772420e-05
-1.011043626085458315e-03 1.728006357957692987e-02 -4.996294651781299398e-05
-1.310020244355745555e-03 1.726045370101492865e-02 -4.711167714184220137e-05
-1.608626197976785509e-03 1.723564234960124966e-02 -4.424644755918000704e-05
-1.906770004421810046e-03 1.720563632577982657e-02 -4.136810679919725382e-05
-2.204360300891412307e-03 1.717044407283608437e-02 -3.847750777636852360e-05
-2.501305874967184317e-03 1.713007567495008696e-02 -3.557550703757713029e-05
-2.797515695227582085e-03 1.708454285459983304e-02 -3.266296450826487491e-05
-3.092898941828264858e-03 1.703385896938796468e-02 -2.974074323765229388e-05
-3.387365037021475116e-03 1.697803900821928322e-02 -2.680970914294873584e-05
-3.680823675610130508e-03 1.691709958691681170e-02 -2.387073075282833529e-05
-3.973184855328558245e-03 1.685105894320777439e-02 -2.092467895001976280e-05
-4.264358907108137080e-03 1.677993693108743162e-02 -1.797242671323916896e-05
-4.554256525251793031e-03 1.670375501461504250e-02 -1.501484885854988680e-05
-4.842788797485916494e-03 1.662253626109246735e-02 -1.205282178009370202e-05
-5.129867234865644922e-03 1.653630533362869526e-02 -9.087223190430903928e-06
-5.415403801547533265e-03 1.644508848314180788e-02 -6.118931860414708956e-06
-5.699310944391869360e-03 1.634891353975481687e-02 -3.148827358824059890e-06
-5.981501622391775450e-03 1.624780990357764868e-02 -1.777897917392286706e-07
-6.261889335921814320e-03 1.614180853494973089e-02 2.793300458302259233e-06
-6.540388155780106974e-03 1.603094194406494422e-02 5.763562993136385095e-06
-6.816912752028564913e-03 1.591524418004872793e-02 8.732117659863542050e-06
-7.091378422589063313e-03 1.579475081942815010e-02 1.169808481167450581e-05
-7.363701121630331949e-03 1.566949895407872620e-02 1.466058556848834671e-05
-7.633797487686402004e-03 1.553952717858816772e-02 1.761874207739909189e-05
-7.901584871511780836e-03 1.540487557704570826e-02 2.057167777278863781e-05
-8.166981363679971795e-03 1.526558570932701024e-02 2.351851763608056917e-05
-8.429905821879605729e-03 1.512170059679471788e-02 2.645838845502386088e-05
-8.690277897929834378e-03 1.497326470749524817e-02 2.939041908245885494e-05
-8.948018064463835602e-03 1.482032394079013660e-02 3.231374069441362727e-05
-9.203047641323493233e-03 1.466292561150623133e-02 3.522748704760987767e-05
-9.455288821603451133e-03 1.450111843354727828e-02 3.813079473612740098e-05
-9.704664697347212959e-03 1.433495250298732343e-02 4.102280344723632810e-05
-9.951099284911687701e-03 1.416447928069323840e-02 4.390265621633354485e-05
-1.019451754995730555e-02 1.398975157443945773e-02 4.676949968090835701e-05
-1.043484543205326978e-02 1.381082352053364729e-02 4.962248433335340533e-05
-1.067200986892569668e-02 1.362775056498594962e-02 5.246076477273674564e-05
-1.090593882029509097e-02 1.344058944421048195e-02 5.528349995533876502e-05
-1.113656129130169078e-02 1.324939816524300928e-02 5.808985344377530524e-05
-1.136380735554474476e-02 1.305423598555371240e-02 6.087899365496699850e-05
-1.158760817767367536e-02 1.285516339239084135e-02 6.365009410645181356e-05
-1.180789603557326657e-02 1.265224208171834841e-02 6.640233366138926791e-05
-1.202460434207688195e-02 1.244553493671065117e-02 6.913489677177439867e-05
-1.223766766627035554e-02 1.223510600587134241e-02 7.184697372017225816e-05
-1.244702175431927280e-02 1.202102048073938091e-02 7.453776085969638157e-05
-1.265260354981893355e-02 1.180334467319318036e-02 7.720646085200761656e-05
-1.285435121370634599e-02 1.158214599241333756e-02 7.985228290372672444e-05
-1.305220414366395701e-02 1.135749292144898684e-02 8.247444300065750284e-05
-1.324610299306095904e-02 1.112945499345613723e-02 8.507216414020648718e-05
-1.343598968937223352e-02 1.089810276756472338e-02 8.764467656149556470e-05
-1.362180745213557864e-02 1.066350780444563946e-02 9.019121797357471397e-05
-1.380350081038165741e-02 1.042574264154150915e-02 9.271103378130914432e-05
-1.398101561954249138e-02 1.018488076797996640e-02 9.520337730885441063e-05
-1.415429907787043619e-02 9.940996599209831613e-03 9.766751002104456097e-05
-1.432329974232296292e-02 9.694165451345540183e-03 1.001027017422010485e-04
-1.448796754390287850e-02 9.444463515226448475e-03 1.025082308724164690e-04
-1.464825380250162588e-02 9.191967830236593556e-03 1.048833846015042004e-04
-1.480411124118821177e-02 8.936756257864018893e-03 1.072274591201863899e-04
-1.495549399994032871e-02 8.678907455013179506e-03 1.095397598285594422e-04
-1.510235764887018009e-02 8.418500847116120941e-03 1.118196015420468408e-04
-1.524465920086703549e-02 8.155616601008518207e-03 1.140663086943173024e-04
-1.538235712372195904e-02 7.890335597626321751e-03 1.162792155376030946e-04
-1.551541135165949818e-02 7.622739404490094101e-03 1.184576663397891535e-04
-1.564378329635520912e-02 7.352910248039827221e-03 1.206010155788901265e-04
-1.576743585737834519e-02 7.080930985792774704e-03 1.227086281343242765e-04
-1.588633343205195919e-02 6.806885078344965430e-03 1.247798794749594310e-04
-1.600044192479365551e-02 6.530856561249237871e-03 1.268141558443453183e-04
-1.610972875585732142e-02 6.252930016755276280e-03 1.288108544424650863e-04
-1.621416286954128344e-02 5.973190545445762958e-03 1.307693836044844483e-04
-1.631371474179363693e-02 5.691723737757720461e-03 1.326891629758817487e-04
-1.640835638729658957e-02 5.408615645430550449e-03 1.345696236845983431e-04
-1.649806136596298350e-02 5.123952752868555019e-03 1.364102085095977477e-04
-1.658280478885279866e-02 4.837821948435437787e-03 1.382103720458348068e-04
-1.666256332355770323e-02 4.550310495705595613e-03 1.399695808660037487e-04
-1.673731519900695588e-02 4.261506004670570329e-03 1.416873136786041558e-04
-1.680704020969357379e-02 3.971496402911842485e-03 1.433630614822752470e-04
-1.687171971937488288e-02 3.680369906767650724e-03 1.449963277167703795e-04
-1.693133666419710873e-02 3.388214992492492340e-03 1.465866284101242120e-04
-1.698587555523711767e-02 3.095120367411062327e-03 1.481334923218684393e-04
-1.703532248053669582e-02 2.801174941112608442e-03 1.496364610828639216e-04
-1.707966510654289338e-02 2.506467796657310503e-03 1.510950893310035752e-04
-1.711889267903083864e-02 2.211088161834182716e-03 1.525089448433170677e-04
-1.715299602343945545e-02 1.915125380469006071e-03 1.538776086638316747e-04
-1.718196754470904114e-02 1.618668883795449124e-03 1.552006752279201857e-04
-1.720580122655592306e-02 1.321808161908590105e-03 1.564777524824725722e-04
-1.722449263018967919e-02 1.024632735291258366e-03 1.577084620018793007e-04
-1.723803889254249197e-02 7.272321264488131910e-04 1.588924391003831114e-04
-1.724643872392984251e-02 4.296958316503021844e-04 1.600293329399820165e-04
-1.724969240522059369e-02 1.321132927800839772e-04 1.611188066345580557e-04
-1.724780178444646969e-02 -1.654261306746290881e-04 1.621605373494679062e-04
-1.724077027294396505e-02 -4.628331895002833090e-04 1.631542163974218629e-04
-1.722860284096315586e-02 -7.600187724876571746e-04 1.640995493299376464e-04
-1.721130601275455349e-02 -1.056893934000426418e-03 1.649962560244215700e-04
-1.718888786119374124e-02 -1.353369921380568079e-03 1.658440707673250578e-04
-1.716135800189587737e-02 -1.649358202172430564e-03 1.666427423328892721e-04
-1.712872758682605287e-02 -1.944770491164839448e-03 1.673920340574283313e-04
-1.709100929746490763e-02 -2.239518777234949382e-03 1.680917239096266474e-04
-1.704821733748182466e-02 -2.533515349990425169e-03 1.687416045563580754e-04
-1.700036742491593464e-02 -2.826672826200185649e-03 1.693414834238992630e-04
-1.694747678394261867e-02 -3.118904175999126331e-03 1.698911827552263747e-04
-1.688956413614373792e-02 -3.410122748870016585e-03 1.703905396625312696e-04
-1.682664969136245248e-02 -3.700242299388113981e-03 1.708394061756506445e-04
-1.675875513807778897e-02 -3.989177012715399047e-03 1.712376492856706664e-04
-1.668590363338965168e-02 -4.276841529848775074e-03 1.715851509845656207e-04
-1.660811979255462367e-02 -4.563150972612086548e-03 1.718818083001540261e-04
-1.652542967808512051e-02 -4.848020968367845740e-03 1.721275333264200012e-04
-1.643786078847105439e-02 -5.131367674471315997e-03 1.723222532497351012e-04
-1.634544204648195886e-02 -5.413107802441718443e-03 1.724659103704343204e-04
-1.624820378705380680e-02 -5.693158641832591661e-03 1.725584621197413283e-04
-1.614617774482392243e-02 -5.971438083835081158e-03 1.725998810725722738e-04
-1.603939704126619223e-02 -6.247864644564306118e-03 1.725901549556763278e-04
-1.592789617143115094e-02 -6.522357488044833174e-03 1.725292866510465825e-04
-1.581171099036485922e-02 -6.794836448896661441e-03 1.724172941953091859e-04
-1.569087869913350294e-02 -7.065222054691072326e-03 1.722542107742120973e-04
-1.556543783052767929e-02 -7.333435548007236071e-03 1.720400847129573650e-04
-1.543542823439000150e-02 -7.599398908141325425e-03 1.717749794616405359e-04
-1.530089106265194315e-02 -7.863034872506476439e-03 1.714589735766691096e-04
-1.516186875402497983e-02 -8.124266957697030833e-03 1.710921606974848000e-04
-1.501840501835682157e-02 -8.383019480198445478e-03 1.706746495185942902e-04
-1.487054482072115887e-02 -8.639217576780509888e-03 1.702065637576052990e-04
-1.471833436516955911e-02 -8.892787224527820902e-03 1.696880421183962601e-04
-1.456182107822265488e-02 -9.143655260537435908e-03 1.691192382501847090e-04
-1.440105359204399763e-02 -9.391749401245019432e-03 1.685003207017557361e-04
-1.423608172737300150e-02 -9.636998261421555328e-03 1.678314728717354883e-04
-1.406695647618035408e-02 -9.879331372799830813e-03 1.671128929542461310e-04
-1.389372998403987092e-02 -1.011867920233456772e-02 1.663447938799730364e-04
-1.371645553228674486e-02 -1.035497317011799950e-02 1.655274032532477453e-04
-1.353518751991838326e-02 -1.058814566692318701e-02 1.646609632846054419e-04
-1.334998144524375888e-02 -1.081813007137250038e-02 1.637457307188358612e-04
-1.316089388733986988e-02 -1.104486076676019189e-02 1.627819767591031773e-04
-1.296798248727381968e-02 -1.126827315749445897e-02 1.617699869865762649e-04
-1.277130592909443176e-02 -1.148830368515502826e-02 1.607100612756017779e-04
-1.257092392066296027e-02 -1.170488984421091082e-02 1.596025137050808413e-04
-1.236689717425267822e-02 -1.191797019733567900e-02 1.584476724652241397e-04
-1.215928738698889532e-02 -1.212748439037563374e-02 1.572458797604764130e-04
-1.194815722108200952e-02 -1.233337316691549695e-02 1.559974917078844555e-04
-1.173357028391747853e-02 -1.253557838250165569e-02 1.547028782317661161e-04
-1.151559110797190089e-02 -1.273404301847571619e-02 1.533624229541072435e-04
-1.129428513055231315e-02 -1.292871119541911043e-02 1.519765230806787706e-04
-1.106971867342309603e-02 -1.311952818625635765e-02 1.505455892835512661e-04
-1.084195892225636899e-02 -1.330644042895504087e-02 1.490700455792597751e-04
-1.061107390597587283e-02 -1.348939553887483662e-02 1.475503292033080143e-04
-1.037713247594759802e-02 -1.366834232071630593e-02 1.459868904803916486e-04
-1.014020428506884342e-02 -1.384323078013161359e-02 1.443801926911400047e-04
-9.900359766741716194e-03 -1.401401213494158499e-02 1.427307119348523632e-04
-9.657670113720047411e-03 -1.418063882597669564e-02 1.410389369882254394e-04
-9.412207256878794837e-03 -1.434306452756840995e-02 1.393053691606947655e-04
-9.164043843879797827e-03 -1.450124415766391138e-02 1.375305221458575497e-04
-8.913253217741546469e-03 -1.465513388755769648e-02 1.357149218691281758e-04
-8.659909395343303590e-03 -1.480469115128767686e-02 1.338591063320643357e-04
-8.404087045845895845e-03 -1.494987465465352425e-02 1.319636254529060705e-04
-8.145861469032445595e-03 -1.509064438384994863e-02 1.300290409035046617e-04
-7.885308573605205595e-03 -1.522696161378085666e-02 1.280559259430392224e-04
-7.622504855407058987e-03 -1.535878891597873379e-02 1.260448652480259117e-04
-7.357527375604293318e-03 -1.548609016619548195e-02 1.239964547392026701e-04
-7.090453738806506458e-03 -1.560883055160228010e-02 1.219113014047528597e-04
-6.821362071162587193e-03 -1.572697657767681279e-02 1.197900231206177555e-04
-6.550330998410600764e-03 -1.584049607471981272e-02 1.176332484673785114e-04
-6.277439623888053308e-03 -1.594935820400193716e-02 1.154416165438717508e-04
-6.002767506536893158e-03 -1.605353346360651259e-02 1.132157767779624338e-04
-5.726394638865907327e-03 -1.615299369388919007e-02 1.109563887339770009e-04
-5.448401424911093575e-03 -1.624771208262613259e-02 1.086641219174080828e-04
-5.168868658171676088e-03 -1.633766316978391836e-02 1.063396555763305800e-04
-4.887877499548032821e-03 -1.642282285199481509e-02 1.039836785002872964e-04
-4.605509455274863634e-03 -1.650316838667493721e-02 1.015968888161789761e-04
-4.321846354843715890e-03 -1.657867839579127076e-02 9.917999378126991566e-05
-4.036970328945637190e-03 -1.664933286933282727e-02 9.673370957371678390e-05
-3.750963787414988634e-03 -1.671511316843696943e-02 9.425876108035184881e-05
-3.463909397178520366e-03 -1.677600202817261174e-02 9.175588168179818634e-05
-3.175890060239356695e-03 -1.683198356003490562e-02 8.922581303522355103e-05
-2.886988891662582365e-03 -1.688304325410171572e-02 8.666930485462301099e-05
-2.597289197590568061e-03 -1.692916798084729418e-02 8.408711468850930981e-05
-2.306874453289190028e-03 -1.697034599268612554e-02 8.148000769556876363e-05
-2.015828281215363386e-03 -1.700656692516129206e-02 7.884875641785700875e-05
-1.724234429128454612e-03 -1.703782179785452711e-02 7.619414055194307267e-05
-1.432176748224341708e-03 -1.706410301494637460e-02 7.351694671776378646e-05
-1.139739171321336748e-03 -1.708540436551438460e-02 7.081796822563430792e-05
-8.470056910823033211e-04 -1.710172102350491011e-02 6.809800484116032061e-05
-5.540603382781992799e-04 -1.711304954738013251e-02 6.535786254817058810e-05
-2.609871601069377041e-04 -1.711938787951030466e-02 6.259835330997484952e-05
3.212980144582331125e-05 -1.712073534522700821e-02 5.982029482870072576e-05
3.252065311841998460e-04 -1.711709265161323601e-02 5.702451030306105996e-05
6.181590622346540232e-04 -1.710846188595863474e-02 5.421182818431154854e-05
9.109034975136028143e-04 -1.709484651396855556e-02 5.138308193087802895e-05
1.203356031137354024e-03 -1.707625137765962642e-02 4.853910976134439951e-05
1.495432969773465839e-03 -1.705268269294886799e-02 4.568075440602372431e-05
1.787050753917974587e-03 -1.702414804699250994e-02 4.280886285730217694e-05
2.078125979123421341e-03 -1.699065639522282997e-02 3.992428611862540737e-05
2.368575417137630361e-03 -1.695221805808447627e-02 3.702787895233906293e-05
2.658316036988188965e-03 -1.690884471752606560e-02 3.412049962637896404e-05
2.947265025990030568e-03 -1.686054941319372127e-02 3.120300966000758854e-05
3.235339810671016263e-03 -1.680734653832298073e-02 2.827627356846217299e-05
3.522458077635059418e-03 -1.674925183540014462e-02 2.534115860679623524e-05
3.808537794331748241e-03 -1.668628239150841616e-02 2.239853451293459982e-05
4.093497229758847125e-03 -1.661845663343151924e-02 1.944927324989946272e-05
4.377254975074693424e-03 -1.654579432244563872e-02 1.649424874744685000e-05
4.659729964128185749e-03 -1.646831654888486485e-02 1.353433664311400746e-05
4.940841493910595218e-03 -1.638604572641366719e-02 1.057041402273676947e-05
5.220509244904619935e-03 -1.629900558601017624e-02 7.603359160564852387e-06
5.498653301357373131e-03 -1.620722116972500224e-02 4.634051258973845034e-06
5.775194171459406556e-03 -1.611071882413272691e-02 1.663370187983726901e-06
6.050052807429384845e-03 -1.600952619355025877e-02 -1.307803775490644927e-06
6.323150625495451913e-03 -1.590367221294967243e-02 -4.278590208481923683e-06
6.594409525799828017e-03 -1.579318710065024875e-02 -7.248108802853607259e-06
6.863751912191089558e-03 -1.567810235072467431e-02 -1.021547962616192841e-05
7.131100711909789391e-03 -1.555845072512350609e-02 -1.317982338238600383e-05
7.396379395188426055e-03 -1.543426624557253483e-02 -1.614026167249542720e-05
7.659511994740040262e-03 -1.530558418519027339e-02 -1.909591725474903939e-05
7.920423125130096609e-03 -1.517244105982750238e-02 -2.204591430458819611e-05
8.179038002058424198e-03 -1.503487461917880040e-02 -2.498937867422174763e-05
8.435282461521753650e-03 -1.489292383761711344e-02 -2.792543815164748587e-05
8.689082978855858230e-03 -1.474662890474574134e-02 -3.085322271906721926e-05
8.940366687678464458e-03 -1.459603121572983220e-02 -3.377186481072927355e-05
9.189061398701714109e-03 -1.444117336133403547e-02 -3.668049956998696212e-05
9.435095618440187196e-03 -1.428209911772825198e-02 -3.957826510560471134e-05
9.678398567772970515e-03 -1.411885343599617211e-02 -4.246430274709095192e-05
9.918900200412418891e-03 -1.395148243142573831e-02 -4.533775729921192939e-05
1.015653122122907662e-02 -1.378003337252046816e-02 -4.819777729539030420e-05
1.039122310443665181e-02 -1.360455466973257282e-02 -5.104351524995583248e-05
1.062290811167551294e-02 -1.342509586397333012e-02 -5.387412790934695918e-05
1.085151930993027980e-02 -1.324170761483384889e-02 -5.668877650193358391e-05
1.107699058933914356e-02 -1.305444168856992326e-02 -5.948662698661460378e-05
1.129925668083068234e-02 -1.286335094579640556e-02 -6.226685029988227916e-05
1.151825317365058263e-02 -1.266848932895797350e-02 -6.502862260156448942e-05
1.173391653272799588e-02 -1.246991184952266248e-02 -6.777112551895186627e-05
1.194618411587954065e-02 -1.226767457490361181e-02 -7.049354638922487100e-05
1.215499419088508781e-02 -1.206183461514398134e-02 -7.319507850032385570e-05
1.236028595239624037e-02 -1.185245010933577182e-02 -7.587492133000325531e-05
1.256199953867674288e-02 -1.163958021176423122e-02 -7.853228078296079222e-05
1.276007604820157508e-02 -1.142328507781742788e-02 -8.116636942624186433e-05
1.295445755608148550e-02 -1.120362584962593736e-02 -8.377640672257153482e-05
1.314508713029826151e-02 -1.098066464142750422e-02 -8.636161926153621026e-05
1.333190884780230574e-02 -1.075446452470426965e-02 -8.892124098888222212e-05
1.351486781040124076e-02 -1.052508951303298031e-02 -9.145451343343877226e-05
1.369391016049461424e-02 -1.029260454670100598e-02 -9.396068593193382639e-05
1.386898309659167876e-02 -1.005707547703693985e-02 -9.643901585133755222e-05
1.404003488867292503e-02 -9.818569050512168314e-03 -9.888876880900446123e-05
1.420701489334565831e-02 -9.577152892573711357e-03 -1.013092188902940351e-04
1.436987356878289233e-02 -9.332895491203916857e-03 -1.036996488635928584e-04
1.452856248949483363e-02 -9.085866180256257571e-03 -1.060593503929157275e-04
1.468303436086302108e-02 -8.836135122508649228e-03 -1.083876242477531165e-04
1.483324303349119709e-02 -8.583773292478278846e-03 -1.106837805103641281e-04
1.497914351730562747e-02 -8.328852458970716771e-03 -1.129471387800352894e-04
1.512069199547425372e-02 -8.071445167388370534e-03 -1.151770283748681411e-04
1.525784583808096305e-02 -7.811624721783235262e-03 -1.173727885304933426e-04
1.539056361555443328e-02 -7.549465166646270563e-03 -1.195337685957604097e-04
1.551880511189375304e-02 -7.285041268467737537e-03 -1.216593282256349666e-04
1.564253133763837678e-02 -7.018428497036824192e-03 -1.237488375709616380e-04
1.576170454257843495e-02 -6.749703006493620004e-03 -1.258016774649789557e-04
1.587628822824598690e-02 -6.478941616143950311e-03 -1.278172396069114463e-04
1.598624716013722150e-02 -6.206221791028610282e-03 -1.297949267422639273e-04
1.609154737964989257e-02 -5.931621622240292047e-03 -1.317341528396022172e-04
1.619215621579794817e-02 -5.655219807016853908e-03 -1.336343432644066063e-04
1.628804229661855521e-02 -5.377095628585330626e-03 -1.354949349492265464e-04
1.637917556033153740e-02 -5.097328935777541321e-03 -1.373153765606310883e-04
1.646552726617806633e-02 -4.816000122406427844e-03 -1.390951286624294474e-04
1.654707000501603673e-02 -4.533190106415255390e-03 -1.408336638756612432e-04
1.662377770960072124e-02 -4.248980308804120587e-03 -1.425304670348802034e-04
1.669562566454459163e-02 -3.963452632318478080e-03 -1.441850353406450046e-04
1.676259051601762529e-02 -3.676689439927107676e-03 -1.457968785086785483e-04
1.682465028109701374e-02 -3.388773533076483869e-03 -1.473655189150402736e-04
1.688178435683342429e-02 -3.099788129730981188e-03 -1.488904917377795298e-04
1.693397352895600200e-02 -2.809816842194759381e-03 -1.503713450944677054e-04
1.698119998029473665e-02 -2.518943654737939696e-03 -1.518076401762968256e-04
1.702344729884717675e-02 -2.227252901005353537e-03 -1.531989513781004109e-04
1.706070048548875492e-02 -1.934829241228205703e-03 -1.545448664243009331e-04
1.709294596137330563e-02 -1.641757639243802405e-03 -1.558449864912150309e-04
1.712017157496775743e-02 -1.348123339314979442e-03 -1.570989263252624464e-04
1.714236660871285359e-02 -1.054011842769471494e-03 -1.583063143569375740e-04
1.715952178535881667e-02 -7.595088844493450269e-04 -1.594667928111085731e-04
1.717162927391605032e-02 -4.647004089881264801e-04 -1.605800178130378667e-04
1.717868269520969257e-02 -1.696725469078227109e-04 -1.616456594900664539e-04
1.718067712710260111e-02 1.254884094470580069e-04 -1.626634020696050517e-04
1.717760910929359494e-02 4.206960301359706760e-04 -1.636329439725270796e-04
1.716947664776031016e-02 7.158637720161410787e-04 -1.645539979027042441e-04
1.715627921876679979e-02 1.010905003276670261e-03 -1.654262909319077811e-04
1.713801777251741654e-02 1.305733028121138992e-03 -1.662495645808836854e-04
1.711469473638401254e-02 1.600261111596756533e-03 -1.670235748959589934e-04
1.708631401770140112e-02 1.894402504543458770e-03 -1.677480925211088643e-04
1.705288100619330172e-02 2.188070468681253822e-03 -1.684229027661586161e-04
1.701440257593863845e-02 2.481178301810172456e-03 -1.690478056702351939e-04
1.697088708694496906e-02 2.773639363124570396e-03 -1.696226160611854334e-04
1.692234438625319845e-02 3.065367098635751741e-03 -1.701471636102093335e-04
1.686878580865341232e-02 3.356275066688311701e-03 -1.706212928825481345e-04
1.681022417693946516e-02 3.646276963575655408e-03 -1.710448633835369707e-04
1.674667380170237821e-02 3.935286649226666864e-03 -1.714177496000450832e-04
1.667815048071285763e-02 4.223218172980229904e-03 -1.717398410378394595e-04
1.660467149783579136e-02 4.509985799424185045e-03 -1.720110422543255169e-04
1.652625562147173530e-02 4.795504034284355649e-03 -1.722312728866588923e-04
1.644292310257639347e-02 5.079687650383109612e-03 -1.724004676757471307e-04
1.635469567219797332e-02 5.362451713626177098e-03 -1.725185764856020977e-04
1.626159653852820089e-02 5.643711609028153470e-03 -1.725855643179681975e-04
1.616365038352734346e-02 5.923383066767226243e-03 -1.726014113229399922e-04
1.606088335903706546e-02 6.201382188251243661e-03 -1.725661128046731283e-04
1.595332308245129421e-02 6.477625472201094074e-03 -1.724796792229457232e-04
1.584099863186966967e-02 6.752029840714037986e-03 -1.723421361898157700e-04
1.572394054081241443e-02 7.024512665339693179e-03 -1.721535244622526828e-04
1.560218079243383058e-02 7.294991793125413237e-03 -1.719138999300592570e-04
1.547575281322863087e-02 7.563385572621567077e-03 -1.716233335990901448e-04
1.534469146629353908e-02 7.829612879865908981e-03 -1.712819115704557996e-04
1.520903304406439824e-02 8.093593144307322657e-03 -1.708897350148363178e-04
1.506881526059043568e-02 8.355246374678696256e-03 -1.704469201426747963e-04
1.492407724328350879e-02 8.614493184783326638e-03 -1.699535981694964425e-04
1.477485952421268671e-02 8.871254819228407626e-03 -1.694099152772507498e-04
1.462120403088745628e-02 9.125453179051867467e-03 -1.688160325709835803e-04
1.446315407652883599e-02 9.377010847245372677e-03 -1.681721260309071615e-04
1.430075434987955821e-02 9.625851114182622931e-03 -1.674783864604274461e-04
1.413405090450315336e-02 9.871898002918608542e-03 -1.667350194295994718e-04
1.396309114757494745e-02 1.011507629435035201e-02 -1.659422452140481546e-04
1.378792382821070889e-02 1.035531155225356825e-02 -1.651002987298798373e-04
1.360859902528430837e-02 1.059253014815824886e-02 -1.642094294640875692e-04
1.342516813473606727e-02 1.082665928604614053e-02 -1.632699014003943880e-04
1.323768385642707691e-02 1.105762702690486765e-02 -1.622819929412775807e-04
1.304620018047064449e-02 1.128536231306879849e-02 -1.612459968253037704e-04
1.285077237310272395e-02 1.150979499238757864e-02 -1.601622200405327127e-04
1.265145696203440022e-02 1.173085584216220292e-02 -1.590309837333544877e-04
1.244831172135432186e-02 1.194847659289237016e-02 -1.578526231134963942e-04
1.224139565593829020e-02 1.216258995178516773e-02 -1.566274873547097329e-04
1.203076898535656442e-02 1.237312962600380963e-02 -1.553559394911085858e-04
1.181649312734624202e-02 1.258003034570509548e-02 -1.540383563097910843e-04
1.159863068077976109e-02 1.278322788678225123e-02 -1.526751282390587062e-04
1.137724540818742594e-02 1.298265909336483899e-02 -1.512666592328712522e-04
1.115240221779096631e-02 1.317826190000353191e-02 -1.498133666509246791e-04
1.092416714510244073e-02 1.336997535359702761e-02 -1.483156811351722909e-04
1.069260733406036945e-02 1.355773963500142565e-02 -1.467740464822222201e-04
1.045779101769335993e-02 1.374149608030499937e-02 -1.451889195116481718e-04
1.021978749836971456e-02 1.392118720181572192e-02 -1.435607699307797365e-04
9.978667127591538122e-03 1.409675670869055437e-02 -1.418900801955194537e-04
9.734501285341947557e-03 1.426814952721203872e-02 -1.401773453672337094e-04
9.487362359029864051e-03 1.443531182073810176e-02 -1.384230729662154936e-04
9.237323721995574846e-03 1.459819100926606703e-02 -1.366277828212986471e-04
8.984459711590722306e-03 1.475673578860947112e-02 -1.347920069156423816e-04
8.728845606873430682e-03 1.491089614922081787e-02 -1.329162892293050968e-04
8.470557605875507837e-03 1.506062339458632583e-02 -1.310011855778849021e-04
8.209672802496232116e-03 1.520587015924548119e-02 -1.290472634479694939e-04
7.946269162982945444e-03 1.534659042635853031e-02 -1.270551018288059895e-04
7.680425502057767161e-03 1.548273954488855672e-02 -1.250252910408720562e-04
7.412221458658095966e-03 1.561427424633403914e-02 -1.229584325609705468e-04
7.141737471303102013e-03 1.574115266099501004e-02 -1.208551388438239239e-04
6.869054753129027330e-03 1.586333433383183694e-02 -1.187160331407825916e-04
6.594255266555671888e-03 1.598078023982496890e-02 -1.165417493150073755e-04
6.317421697628884496e-03 1.609345279889544053e-02 -1.143329316537587405e-04
6.038637430022854476e-03 1.620131589031325453e-02 -1.120902346773324095e-04
5.757986518735095337e-03 1.630433486665880741e-02 -1.098143229452547829e-04
5.475553663467237937e-03 1.640247656727306796e-02 -1.075058708593234645e-04
5.191424181699191322e-03 1.649570933118633259e-02 -1.051655624636770611e-04
4.905683981482783160e-03 1.658400300957400819e-02 -1.027940912422118844e-04
4.618419533957533914e-03 1.666732897767968236e-02 -1.003921599130589473e-04
4.329717845584619106e-03 1.674566014619732063e-02 -9.796048022026857026e-05
4.039666430142032152e-03 1.681897097215934861e-02 -9.549977272300332911e-05
3.748353280461050492e-03 1.688723746927021582e-02 -9.301076658205261589e-05
3.455866839920883858e-03 1.695043721767435646e-02 -9.049419934362146201e-05
3.162295973739666453e-03 1.700854937321946703e-02 -8.795081672090578615e-05
2.867729940028895721e-03 1.706155467612590487e-02 -8.538137237304658351e-05
2.572258360665724292e-03 1.710943545912805772e-02 -8.278662768190232074e-05
2.275971191964795085e-03 1.715217565500886526e-02 -8.016735152627142301e-05
1.978958695173518422e-03 1.718976080361010392e-02 -7.752432005421667528e-05
1.681311406810185802e-03 1.722217805824516335e-02 -7.485831645304220406e-05
1.383120108835472154e-03 1.724941619150975602e-02 -7.217013071711633906e-05
1.084475798698814443e-03 1.727146560055461966e-02 -6.946055941390746576e-05
7.854696592418819066e-04 1.728831831172965641e-02 -6.673040544785074186e-05
4.861930284960808732e-04 1.729996798467016775e-02 -6.398047782252073415e-05
1.867373693765123121e-04 1.730640991574702511e-02 -6.121159140078991957e-05
-1.128057607216333385e-04 1.730764104096652739e-02 -5.842456666345643507e-05
-4.123447403930300152e-04 1.730365993824597645e-02 -5.562022946613131701e-05
-7.117879147643329336e-04 1.729446682906923133e-02 -5.279941079443244048e-05
-1.011043626085509272e-03 1.728006357957378655e-02 -4.996294651780238235e-05
-1.310020244355626726e-03 1.726045370101486620e-02 -4.711167714184272991e-05
-1.608626197977193603e-03 1.723564234960453870e-02 -4.424644755918957513e-05
-1.906770004421835850e-03 1.720563632577855329e-02 -4.136810679919386568e-05
-2.204360300891233630e-03 1.717044407283676091e-02 -3.847750777637059036e-05
-2.501305874967098882e-03 1.713007567494941735e-02 -3.557550703757620872e-05
-2.797515695227692240e-03 1.708454285460109939e-02 -3.266296450826546444e-05
-3.092898941827738370e-03 1.703385896938474850e-02 -2.974074323764658488e-05
-3.387365037021177611e-03 1.697803900821937342e-02 -2.680970914294999961e-05
-3.680823675611015217e-03 1.691709958691982665e-02 -2.387073075283345136e-05
-3.973184855328481917e-03 1.685105894320679601e-02 -2.092467895001697776e-05
-4.264358907108137080e-03 1.677993693108761203e-02 -1.797242671323883692e-05
-4.554256525251878032e-03 1.670375501461541720e-02 -1.501484885855008331e-05
-4.842788797485049999e-03 1.662253626109070834e-02 -1.205282178009542996e-05
-5.129867234865271089e-03 1.653630533362552765e-02 -9.087223190428379770e-06
-5.415403801548051947e-03 1.644508848314499283e-02 -6.118931860414112645e-06
-5.699310944392328195e-03 1.634891353975670425e-02 -3.148827358827247275e-06
-5.981501622391621927e-03 1.624780990357712826e-02 -1.777897917388966602e-07
-6.261889335921647787e-03 1.614180853494959211e-02 2.793300458302524778e-06
-6.540388155780965662e-03 1.603094194406598505e-02 5.763562993137979211e-06
-6.816912752026885701e-03 1.591524418004570604e-02 8.732117659859491539e-06
-7.091378422589038159e-03 1.579475081942816744e-02 1.169808481167198504e-05
-7.363701121631811668e-03 1.566949895408168564e-02 1.466058556849319344e-05
-7.633797487686066335e-03 1.553952717858684586e-02 1.761874207739763161e-05
-7.901584871511895328e-03 1.540487557704632061e-02 2.057167777278850907e-05
-8.166981363679614442e-03 1.526558570932661126e-02 2.351851763608156528e-05
-8.429905821880273598e-03 1.512170059679589403e-02 2.645838845502664592e-05
-8.690277897928101389e-03 1.497326470749248128e-02 2.939041908245287828e-05
-8.948018064463587537e-03 1.482032394078995445e-02 3.231374069441089644e-05
-9.203047641326263587e-03 1.466292561150978231e-02 3.522748704762043508e-05
-9.455288821600515980e-03 1.450111843354329709e-02 3.813079473611810395e-05
-9.704664697347983177e-03 1.433495250298887601e-02 4.102280344723672112e-05
-9.951099284912022502e-03 1.416447928069297126e-02 4.390265621633439189e-05
-1.019451754995537307e-02 1.398975157443762066e-02 4.676949968090191278e-05
-1.043484543205271294e-02 1.381082352053264461e-02 4.962248433334622927e-05
-1.067200986892463156e-02 1.362775056498457746e-02 5.246076477273229363e-05
-1.090593882029917971e-02 1.344058944421606602e-02 5.528349995535869401e-05
-1.113656129130033076e-02 1.324939816524106813e-02 5.808985344376999265e-05
-1.136380735554496160e-02 1.305423598555408363e-02 6.087899365496581266e-05
-1.158760817767473007e-02 1.285516339239210597e-02 6.365009410645812904e-05
-1.180789603556966008e-02 1.265224208171452855e-02 6.640233366137028082e-05
-1.202460434208045201e-02 1.244553493671440511e-02 6.913489677179173235e-05
-1.223766766626906317e-02 1.223510600587000667e-02 7.184697372016389625e-05
-1.244702175431984699e-02 1.202102048073975908e-02 7.453776085969745222e-05
-1.265260354981880345e-02 1.180334467319325495e-02 7.720646085200875497e-05
-1.285435121370576833e-02 1.158214599241290561e-02 7.985228290372433919e-05
-1.305220414366539856e-02 1.135749292145049778e-02 8.247444300066839908e-05
-1.324610299305684948e-02 1.112945499345255329e-02 8.507216414017785069e-05
-1.343598968937643155e-02 1.089810276756835589e-02 8.764467656152199213e-05
-1.362180745213368259e-02 1.066350780444418750e-02 9.019121797356389905e-05
-1.380350081038252998e-02 1.042574264154209548e-02 9.271103378131402323e-05
-1.398101561954201433e-02 1.018488076797980507e-02 9.520337730885222868e-05
-1.415429907787071895e-02 9.940996599209906207e-03 9.766751002104823371e-05
-1.432329974232208342e-02 9.694165451344969459e-03 1.001027017421913314e-04
-1.448796754389829189e-02 9.444463515223633018e-03 1.025082308723861791e-04
-1.464825380250875560e-02 9.191967830241266901e-03 1.048833846015535451e-04
-1.480411124118547785e-02 8.936756257862381314e-03 1.072274591201642858e-04
-1.495549399994148577e-02 8.678907455013856048e-03 1.095397598285708805e-04
-1.510235764886951049e-02 8.418500847115911040e-03 1.118196015420400103e-04
-1.524465920086748132e-02 8.155616601008833927e-03 1.140663086943250002e-04
-1.538235712372087484e-02 7.890335597625761435e-03 1.162792155375928760e-04
-1.551541135165481269e-02 7.622739404487869318e-03 1.184576663397503797e-04
-1.564378329636282108e-02 7.352910248043397282e-03 1.206010155789494594e-04
-1.576743585737536840e-02 7.080930985791571673e-03 1.227086281343003698e-04
-1.588633343205330881e-02 6.806885078345335793e-03 1.247798794749711674e-04
-1.600044192479290958e-02 6.530856561249139859e-03 1.268141558443379186e-04
-1.610972875585785918e-02 6.252930016755419394e-03 1.288108544424699110e-04
-1.621416286954014546e-02 5.973190545445525301e-03 1.307693836044752597e-04
-1.631371474178873113e-02 5.691723737756291916e-03 1.326891629758397901e-04
-1.640835638730437848e-02 5.408615645433074472e-03 1.345696236846638560e-04
-1.649806136596002407e-02 5.123952752867747505e-03 1.364102085095729737e-04
-1.658280478885382561e-02 4.837821948435547074e-03 1.382103720458426402e-04
-1.666256332355819936e-02 4.550310495706046642e-03 1.399695808660077602e-04
-1.673731519900436074e-02 4.261506004669823530e-03 1.416873136785834746e-04
-1.680704020969218948e-02 3.971496402911391457e-03 1.433630614822620740e-04
-1.687171971937301632e-02 3.680369906767413067e-03 1.449963277167546044e-04
-1.693133666420408578e-02 3.388214992493767362e-03 1.465866284101858489e-04
-1.698587555523472029e-02 3.095120367410714515e-03 1.481334923218464571e-04
-1.703532248053704970e-02 2.801174941112879926e-03 1.496364610828649787e-04
-1.707966510654443035e-02 2.506467796657914186e-03 1.510950893310178324e-04
-1.711889267902580100e-02 2.211088161833273721e-03 1.525089448432724528e-04
-1.715299602344462493e-02 1.915125380469345859e-03 1.538776086638769401e-04
-1.718196754470703580e-02 1.618668883795695889e-03 1.552006752279025674e-04
-1.720580122655663083e-02 1.321808161908904307e-03 1.564777524824772885e-04
-1.722449263018970000e-02 1.024632735290875859e-03 1.577084620018805205e-04
-1.723803889254177726e-02 7.272321264488810621e-04 1.588924391003777989e-04
-1.724643872393183744e-02 4.296958316505571345e-04 1.600293329400006377e-04
-1.724969240521534442e-02 1.321132927800414765e-04 1.611188066345079113e-04
-1.724780178445173284e-02 -1.654261306744845639e-04 1.621605373495167495e-04
-1.724077027294187991e-02 -4.628331895004533661e-04 1.631542163974015070e-04
-1.722860284096408220e-02 -7.600187724878018072e-04 1.640995493299471873e-04
-1.721130601275405389e-02 -1.056893934000044128e-03 1.649962560244168266e-04
-1.718888786119420961e-02 -1.353369921380780582e-03 1.658440707673283646e-04
-1.716135800189469776e-02 -1.649358202172370932e-03 1.666427423328782945e-04
-1.712872758682083135e-02 -1.944770491164083542e-03 1.673920340573772654e-04
-1.709100929747334879e-02 -2.239518777235782049e-03 1.680917239097088841e-04
-1.704821733747860155e-02 -2.533515349990339300e-03 1.687416045563265251e-04
-1.700036742491733630e-02 -2.826672826200058580e-03 1.693414834239129511e-04
-1.694747678394192131e-02 -3.118904175998904720e-03 1.698911827552189479e-04
-1.688956413614422711e-02 -3.410122748870381745e-03 1.703905396625370430e-04
-1.682664969136132144e-02 -3.700242299387671626e-03 1.708394061756378509e-04
-1.675875513807274786e-02 -3.989177012714124025e-03 1.712376492856189229e-04
-1.668590363339779795e-02 -4.276841529850568778e-03 1.715851509846488333e-04
-1.660811979255165383e-02 -4.563150972611305055e-03 1.718818083001235058e-04
-1.652542967808590113e-02 -4.848020968368125898e-03 1.721275333264292982e-04
-1.643786078847163726e-02 -5.131367674471655135e-03 1.723222532497396006e-04
-1.634544204647946433e-02 -5.413107802440562250e-03 1.724659103704084893e-04
-1.624820378705254045e-02 -5.693158641832295024e-03 1.725584621197277758e-04
-1.614617774482238893e-02 -5.971438083834350839e-03 1.725998810725545471e-04
-1.603939704127247887e-02 -6.247864644566308856e-03 1.725901549557432772e-04
-1.592789617142968336e-02 -6.522357488044620670e-03 1.725292866510328132e-04
-1.581171099036304817e-02 -6.794836448895718618e-03 1.724172941952886674e-04
-1.569087869914073327e-02 -7.065222054694318861e-03 1.722542107742913253e-04
-1.556543783052320197e-02 -7.333435548005155270e-03 1.720400847129073291e-04
-1.543542823438879587e-02 -7.599398908140506635e-03 1.717749794616272815e-04
-1.530089106265258327e-02 -7.863034872506917058e-03 1.714589735766750727e-04
-1.516186875402430155e-02 -8.124266957696690827e-03 1.710921606974776985e-04
-1.501840501835810006e-02 -8.383019480198920792e-03 1.706746495186088999e-04
-1.487054482071844055e-02 -8.639217576779073537e-03 1.702065637575728000e-04
-1.471833436517675300e-02 -8.892787224532176793e-03 1.696880421184798792e-04
-1.456182107821824348e-02 -9.143655260534580553e-03 1.691192382501331009e-04
-1.440105359204279546e-02 -9.391749401244410544e-03 1.685003207017429425e-04
-1.423608172737362079e-02 -9.636998261421701045e-03 1.678314728717415327e-04
-1.406695647617987530e-02 -9.879331372799558461e-03 1.671128929542409539e-04
-1.389372998404076777e-02 -1.011867920233525120e-02 1.663447938799818184e-04
-1.371645553228503789e-02 -1.035497317011672622e-02 1.655274032532285549e-04
-1.353518751992238180e-02 -1.058814566692601634e-02 1.646609632846541768e-04
-1.334998144523993208e-02 -1.081813007136941431e-02 1.637457307187887526e-04
-1.316089388734113796e-02 -1.104486076676133161e-02 1.627819767591178954e-04
-1.296798248727389948e-02 -1.126827315749449193e-02 1.617699869865779454e-04
-1.277130592909282887e-02 -1.148830368515355374e-02 1.607100612755812594e-04
-1.257092392066807597e-02 -1.170488984421566396e-02 1.596025137051454055e-04
-1.236689717425129217e-02 -1.191797019733424091e-02 1.584476724652066841e-04
-1.215928738698824479e-02 -1.212748439037481148e-02 1.572458797604658963e-04
-1.194815722107999204e-02 -1.233337316691344998e-02 1.559974917078596544e-04
-1.173357028391783762e-02 -1.253557838250229581e-02 1.547028782317705613e-04
-1.151559110797225997e-02 -1.273404301847632161e-02 1.533624229541143992e-04
-1.129428513055081955e-02 -1.292871119541698366e-02 1.519765230806559481e-04
-1.106971867342762365e-02 -1.311952818626186193e-02 1.505455892836136890e-04
-1.084195892225486846e-02 -1.330644042895346921e-02 1.490700455792437018e-04
-1.061107390597554670e-02 -1.348939553887355813e-02 1.475503292032978228e-04
-1.037713247594591881e-02 -1.366834232071447233e-02 1.459868904803681214e-04
-1.014020428506894576e-02 -1.384323078013192411e-02 1.443801926911446396e-04
-9.900359766742538453e-03 -1.401401213494235000e-02 1.427307119348599526e-04
-9.657670113718475752e-03 -1.418063882597423060e-02 1.410389369882007467e-04
-9.412207256883190626e-03 -1.434306452757541997e-02 1.393053691607612271e-04
-9.164043843877069107e-03 -1.450124415765946875e-02 1.375305221458157808e-04
-8.913253217740916765e-03 -1.465513388755637289e-02 1.357149218691225379e-04
-8.659909395343525634e-03 -1.480469115128836902e-02 1.338591063320661518e-04
-8.404087045845620024e-03 -1.494987465465305240e-02 1.319636254529010560e-04
-8.145861469033378877e-03 -1.509064438385111784e-02 1.300290409035173198e-04
-7.885308573603578425e-03 -1.522696161377794927e-02 1.280559259430121715e-04
-7.622504855410381849e-03 -1.535878891598618616e-02 1.260448652480889310e-04
-7.357527375602224660e-03 -1.548609016619077391e-02 1.239964547391651838e-04
-7.090453738806444008e-03 -1.560883055160116467e-02 1.219113014047475878e-04
-6.821362071162672194e-03 -1.572697657767734361e-02 1.197900231206185009e-04
-6.550330998410120245e-03 -1.584049607471920557e-02 1.176332484673726567e-04
-6.277439623888818321e-03 -1.594935820400320350e-02 1.154416165438864960e-04
-6.002767506535389153e-03 -1.605353346360343866e-02 1.132157767779336211e-04
-5.726394638868992533e-03 -1.615299369389714551e-02 1.109563887340339622e-04
-5.448401424909377067e-03 -1.624771208262123026e-02 1.086641219173767358e-04
-5.168868658171277101e-03 -1.633766316978278385e-02 1.063396555763217302e-04
-4.887877499548567983e-03 -1.642282285199523836e-02 1.039836785002945199e-04
-4.605509455274617303e-03 -1.650316838667445149e-02 1.015968888161727826e-04
-4.321846354843962221e-03 -1.657867839579208261e-02 9.917999378127682745e-05
-4.036970328945212183e-03 -1.664933286933085316e-02 9.673370957370515584e-05
-3.750963787416161741e-03 -1.671511316844201400e-02 9.425876108038089187e-05
-3.463909397177407107e-03 -1.677600202816766778e-02 9.175588168177017327e-05
-3.175890060239526698e-03 -1.683198356003645299e-02 8.922581303523173676e-05
-2.886988891662973112e-03 -1.688304325410197940e-02 8.666930485462393256e-05
-2.597289197590126140e-03 -1.692916798084496272e-02 8.408711468849802055e-05
-2.306874453290210045e-03 -1.697034599269309912e-02 8.148000769560443388e-05
-2.015828281215159123e-03 -1.700656692515937693e-02 7.884875641784719672e-05
-1.724234429127876516e-03 -1.703782179785329198e-02 7.619414055193655391e-05
-1.432176748224681497e-03 -1.706410301494373088e-02 7.351694671775190089e-05
-1.139739171321132701e-03 -1.708540436551493971e-02 7.081796822563842788e-05
-8.470056910823713005e-04 -1.710172102350561787e-02 6.809800484116602622e-05
-5.540603382782756077e-04 -1.711304954737759981e-02 6.535786254815996292e-05
-2.609871601068017451e-04 -1.711938787951744478e-02 6.259835330999929828e-05
3.212980144558530177e-05 -1.712073534522503410e-02 5.982029482869574520e-05
3.252065311841743672e-04 -1.711709265161199395e-02 5.702451030305614039e-05
6.181590622346371097e-04 -1.710846188595600142e-02 5.421182818430304433e-05
9.109034975134753121e-04 -1.709484651396903435e-02 5.138308193088201339e-05
1.203356031137677116e-03 -1.707625137766052154e-02 4.853910976134558536e-05
1.495432969772786044e-03 -1.705268269294587039e-02 4.568075440601371577e-05
1.787050753919096520e-03 -1.702414804700081927e-02 4.280886285732362381e-05
2.078125979122818091e-03 -1.699065639521768825e-02 3.992428611861537850e-05
2.368575417137095199e-03 -1.695221805808320992e-02 3.702787895233362159e-05
2.658316036988537211e-03 -1.690884471752667276e-02 3.412049962638228441e-05
2.947265025989852325e-03 -1.686054941319303432e-02 3.120300966000612487e-05
3.235339810671253487e-03 -1.680734653832433381e-02 2.827627356846303697e-05
3.522458077634515582e-03 -1.674925183539705334e-02 2.534115860679490371e-05
3.808537794333404902e-03 -1.668628239151658671e-02 2.239853451294555704e-05
4.093497229757657105e-03 -1.661845663342638446e-02 1.944927324989322517e-05
4.377254975074387246e-03 -1.654579432244451115e-02 1.649424874744479341e-05
4.659729964128152789e-03 -1.646831654888536792e-02 1.353433664311387532e-05
4.940841493910459910e-03 -1.638604572641295942e-02 1.057041402273703544e-05
5.220509244904833306e-03 -1.629900558601168892e-02 7.603359160567308782e-06
5.498653301356640211e-03 -1.620722116972183463e-02 4.634051258972317833e-06
5.775194171462441455e-03 -1.611071882414069970e-02 1.663370187985453366e-06
6.050052807427150521e-03 -1.600952619354540502e-02 -1.307803775491043456e-06
6.323150625494974864e-03 -1.590367221294841649e-02 -4.278590208481127472e-06
6.594409525800124655e-03 -1.579318710065085243e-02 -7.248108802851681106e-06
6.863751912190999352e-03 -1.567810235072424063e-02 -1.021547962616292283e-05
7.131100711910094703e-03 -1.555845072512430580e-02 -1.317982338238474345e-05
7.396379395187301087e-03 -1.543426624557076889e-02 -1.614026167249529506e-05
7.659511994742377802e-03 -1.530558418519496235e-02 -1.909591725475468741e-05
7.920423125128053105e-03 -1.517244105982290189e-02 -2.204591430458003072e-05
8.179038002058842266e-03 -1.503487461917998695e-02 -2.498937867422540004e-05
8.435282461521875080e-03 -1.489292383761760090e-02 -2.792543815164662529e-05
8.689082978854735864e-03 -1.474662890474372386e-02 -3.085322271906224548e-05
8.940366687682041458e-03 -1.459603121573580832e-02 -3.377186481074515034e-05
9.189061398700669805e-03 -1.444117336133247421e-02 -3.668049956998111421e-05
9.435095618439569634e-03 -1.428209911772703594e-02 -3.957826510560045585e-05
9.678398567771234057e-03 -1.411885343599418585e-02 -4.246430274708272554e-05
9.918900200413079821e-03 -1.395148243142610260e-02 -4.533775729921797382e-05
1.015653122122928999e-02 -1.378003337252118460e-02 -4.819777729539249971e-05
1.039122310443509230e-02 -1.360455466973056575e-02 -5.104351524994726728e-05
1.062290811168001455e-02 -1.342509586397863143e-02 -5.387412790936954446e-05
1.085151930992899437e-02 -1.324170761483229979e-02 -5.668877650192707192e-05
1.107699058933848089e-02 -1.305444168856909580e-02 -5.948662698660941317e-05
1.129925668082881925e-02 -1.286335094579448002e-02 -6.226685029987231806e-05
1.151825317365084977e-02 -1.266848932895821289e-02 -6.502862260156707795e-05
1.173391653272848681e-02 -1.246991184952375188e-02 -6.777112551895339771e-05
1.194618411587758736e-02 -1.226767457490142085e-02 -7.049354638921458464e-05
1.215499419089091475e-02 -1.206183461514972674e-02 -7.319507850036004095e-05
1.236028595239236673e-02 -1.185245010933219482e-02 -7.587492132997827800e-05
1.256199953867610797e-02 -1.163958021176327885e-02 -7.853228078295374491e-05
1.276007604820178325e-02 -1.142328507781789626e-02 -8.116636942624559127e-05
1.295445755608099977e-02 -1.120362584962549327e-02 -8.377640672256813313e-05
1.314508713029948449e-02 -1.098066464142850689e-02 -8.636161926154167193e-05
1.333190884779955274e-02 -1.075446452470206482e-02 -8.892124098886732789e-05
1.351486781040777199e-02 -1.052508951303822785e-02 -9.145451343348251982e-05
1.369391016049073886e-02 -1.029260454669789215e-02 -9.396068593190535253e-05
1.386898309659061017e-02 -1.005707547703614188e-02 -9.643901585133232094e-05
1.404003488867306207e-02 -9.818569050512784141e-03 -9.888876880900446123e-05
1.420701489334529229e-02 -9.577152892572948079e-03 -1.013092188902905792e-04
1.436987356878408062e-02 -9.332895491204980243e-03 -1.036996488636006782e-04
1.452856248949208409e-02 -9.085866180254829894e-03 -1.060593503928930812e-04
1.468303436087001722e-02 -8.836135122512529805e-03 -1.083876242478074215e-04
1.483324303348689151e-02 -8.583773292476075747e-03 -1.106837805103317240e-04
1.497914351730411306e-02 -8.328852458969717570e-03 -1.129471387800260330e-04
1.512069199547549578e-02 -8.071445167389173711e-03 -1.151770283748761777e-04
1.525784583807846505e-02 -7.811624721781955903e-03 -1.173727885304740710e-04
1.539056361556099400e-02 -7.549465166649528373e-03 -1.195337685958106083e-04
1.551880511189198363e-02 -7.285041268466704509e-03 -1.216593282256203976e-04
1.564253133763728737e-02 -7.018428497036323724e-03 -1.237488375709560001e-04
1.576170454257592307e-02 -6.749703006492893155e-03 -1.258016774649565940e-04
1.587628822824655936e-02 -6.478941616143762960e-03 -1.278172396069167860e-04
1.598624716013783906e-02 -6.206221791028992789e-03 -1.297949267422686165e-04
1.609154737964742232e-02 -5.931621622239485400e-03 -1.317341528395823763e-04
1.619215621580472053e-02 -5.655219807019140274e-03 -1.336343432644625240e-04
1.628804229661673375e-02 -5.377095628584888272e-03 -1.354949349492100123e-04
1.637917556033037514e-02 -5.097328935777302797e-03 -1.373153765606229839e-04
1.646552726617551976e-02 -4.816000122405560482e-03 -1.390951286624073839e-04
1.654707000501656755e-02 -4.533190106415119214e-03 -1.408336638756654444e-04
1.662377770960130410e-02 -4.248980308804392939e-03 -1.425304670348858684e-04
1.669562566454207628e-02 -3.963452632318069553e-03 -1.441850353406231580e-04
1.676259051602468214e-02 -3.676689439928552267e-03 -1.457968785087391010e-04
1.682465028109506391e-02 -3.388773533076372847e-03 -1.473655189150237124e-04
1.688178435683224468e-02 -3.099788129730811186e-03 -1.488904917377692841e-04
1.693397352895340338e-02 -2.809816842194172611e-03 -1.503713450944440969e-04
1.698119998029516339e-02 -2.518943654738058525e-03 -1.518076401763007017e-04
1.702344729884808922e-02 -2.227252901005438539e-03 -1.531989513781093827e-04
1.706070048548572610e-02 -1.934829241228094897e-03 -1.545448664242724728e-04
1.709294596138162883e-02 -1.641757639244244326e-03 -1.558449864912906269e-04
1.712017157496257408e-02 -1.348123339314520174e-03 -1.570989263252148228e-04
1.714236660871162193e-02 -1.054011842769445907e-03 -1.583063143569265422e-04
1.715952178535936484e-02 -7.595088844495830093e-04 -1.594667928111148073e-04
1.717162927391532867e-02 -4.647004089880074347e-04 -1.605800178130295996e-04
1.717868269521112892e-02 -1.696725469080776882e-04 -1.616456594900801149e-04
1.718067712709933290e-02 1.254884094469134828e-04 -1.626634020695741519e-04
1.717760910930201529e-02 4.206960301364466408e-04 -1.636329439726062263e-04
1.716947664775511639e-02 7.158637720160220333e-04 -1.645539979026558886e-04
1.715627921876556813e-02 1.010905003276610630e-03 -1.654262909318950688e-04
1.713801777251797512e-02 1.305733028120713984e-03 -1.662495645808882933e-04
1.711469473638329436e-02 1.600261111596739836e-03 -1.670235748959535724e-04
1.708631401770278890e-02 1.894402504543654577e-03 -1.677480925211218476e-04
1.705288100619017574e-02 2.188070468680820575e-03 -1.684229027661269574e-04
1.701440257594688185e-02 2.481178301811414084e-03 -1.690478056703172409e-04
1.697088708693999387e-02 2.773639363124043040e-03 -1.696226160611356414e-04
1.692234438625161291e-02 3.065367098635063056e-03 -1.701471636101933415e-04
1.686878580865487642e-02 3.356275066688660380e-03 -1.706212928825624460e-04
1.681022417693662716e-02 3.646276963574975397e-03 -1.710448633835081852e-04
1.674667380170946629e-02 3.935286649228536028e-03 -1.714177496001180500e-04
1.667815048071090434e-02 4.223218172979626220e-03 -1.717398410378191307e-04
1.660467149783459787e-02 4.509985799423640342e-03 -1.720110422543132383e-04
1.652625562146924423e-02 4.795504034283888141e-03 -1.722312728866318956e-04
1.644292310257684797e-02 5.079687650383100071e-03 -1.724004676757529583e-04
1.635469567219860129e-02 5.362451713626397408e-03 -1.725185764856091450e-04
1.626159653852594922e-02 5.643711609027261822e-03 -1.725855643179427187e-04
1.616365038353401867e-02 5.923383066769665264e-03 -1.726014113230119561e-04
1.606088335903514339e-02 6.201382188250741459e-03 -1.725661128046532061e-04
1.595332308245037134e-02 6.477625472200859019e-03 -1.724796792229332278e-04
1.584099863186706758e-02 6.752029840712508828e-03 -1.723421361897891258e-04
1.572394054081277526e-02 7.024512665340015838e-03 -1.721535244622581580e-04
1.560218079243465283e-02 7.294991793125826102e-03 -1.719138999300663586e-04
1.547575281322630288e-02 7.563385572620160216e-03 -1.716233335990650184e-04
1.534469146630008246e-02 7.829612879869267406e-03 -1.712819115705269503e-04
1.520903304406261668e-02 8.093593144306489989e-03 -1.708897350148168022e-04
1.506881526058908433e-02 8.355246374677934712e-03 -1.704469201426620569e-04
1.492407724328128141e-02 8.614493184781957941e-03 -1.699535981694706656e-04
1.477485952421329213e-02 8.871254819228766714e-03 -1.694099152772547614e-04
1.462120403088825599e-02 9.125453179052413905e-03 -1.688160325709930942e-04
1.446315407652636574e-02 9.377010847243766323e-03 -1.681721260308782133e-04
1.430075434988650404e-02 9.625851114186951066e-03 -1.674783864605086257e-04
1.413405090449888421e-02 9.871898002915635226e-03 -1.667350194295493275e-04
1.396309114757377304e-02 1.011507629434986281e-02 -1.659422452140347105e-04
1.378792382821104542e-02 1.035531155225374172e-02 -1.651002987298868304e-04
1.360859902528391459e-02 1.059253014815776141e-02 -1.642094294640804677e-04
1.342516813473719137e-02 1.082665928604707381e-02 -1.632699014004088079e-04
1.323768385642452340e-02 1.105762702690285017e-02 -1.622819929412466810e-04
1.304620018047721562e-02 1.128536231307431664e-02 -1.612459968253809385e-04
1.285077237309899083e-02 1.150979499238402072e-02 -1.601622200404859023e-04
1.265145696203314775e-02 1.173085584216128872e-02 -1.590309837333430223e-04
1.244831172135494289e-02 1.194847659289277782e-02 -1.578526231135009479e-04
1.224139565593794152e-02 1.216258995178483467e-02 -1.566274873547041763e-04
1.203076898535746647e-02 1.237312962600469433e-02 -1.553559394911223010e-04
1.181649312734381861e-02 1.258003034570252636e-02 -1.540383563097602116e-04
1.159863068078545445e-02 1.278322788678853093e-02 -1.526751282391341125e-04
1.137724540818434681e-02 1.298265909336107291e-02 -1.512666592328273691e-04
1.115240221778968609e-02 1.317826190000229679e-02 -1.498133666509091750e-04
1.092416714510353708e-02 1.336997535359803722e-02 -1.483156811351869547e-04
1.069260733405855666e-02 1.355773963499923296e-02 -1.467740464821973376e-04
1.045779101769764123e-02 1.374149608031092866e-02 -1.451889195117097816e-04
1.021978749836864424e-02 1.392118720181397505e-02 -1.435607699307612779e-04
9.978667127590743618e-03 1.409675670868954477e-02 -1.418900801955088557e-04
9.734501285340580595e-03 1.426814952720979919e-02 -1.401773453672149256e-04
9.487362359030195383e-03 1.443531182073862391e-02 -1.384230729662185022e-04
9.237323721995881892e-03 1.459819100926653887e-02 -1.366277828213024689e-04
8.984459711589518408e-03 1.475673578860745710e-02 -1.347920069156263354e-04
8.728845606876855026e-03 1.491089614922708716e-02 -1.329162892293603369e-04
8.470557605874728946e-03 1.506062339458440723e-02 -1.310011855778675277e-04
8.209672802495565982e-03 1.520587015924450627e-02 -1.290472634479609558e-04
7.946269162981640932e-03 1.534659042635601496e-02 -1.270551018287869346e-04
7.680425502058212985e-03 1.548273954488900948e-02 -1.250252910408770164e-04
7.412221458658272040e-03 1.561427424633469833e-02 -1.229584325609745041e-04
7.141737471302121026e-03 1.574115266099268204e-02 -1.208551388438067664e-04
6.869054753132261722e-03 1.586333433383851563e-02 -1.187160331408302694e-04
6.594255266554435897e-03 1.598078023982307805e-02 -1.165417493149942973e-04
6.317421697628480305e-03 1.609345279889427480e-02 -1.143329316537520455e-04
6.038637430022073850e-03 1.620131589031074959e-02 -1.120902346773165802e-04
5.757986518735111817e-03 1.630433486665938680e-02 -1.098143229452582388e-04
5.475553663468002950e-03 1.640247656727382430e-02 -1.075058708593252534e-04
5.191424181697890279e-03 1.649570933118339050e-02 -1.051655624636568679e-04
4.905683981485493665e-03 1.658400300958205384e-02 -1.027940912422655524e-04
4.618419533956003888e-03 1.666732897767461349e-02 -1.003921599130295925e-04
4.329717845584007616e-03 1.674566014619613755e-02 -9.796048022025779600e-05
4.039666430142694817e-03 1.681897097215986903e-02 -9.549977272300896696e-05
3.748353280460685333e-03 1.688723746926955663e-02 -9.301076658205219576e-05
3.455866839921419020e-03 1.695043721767571301e-02 -9.049419934362817051e-05
3.162295973738952180e-03 1.700854937321625432e-02 -8.795081672088781550e-05
2.867729940030263984e-03 1.706155467613431481e-02 -8.538137237309072409e-05
2.572258360665146196e-03 1.710943545912283273e-02 -8.278662768187442964e-05
2.275971191964268163e-03 1.715217565500761626e-02 -8.016735152626558187e-05
1.978958695173951669e-03 1.718976080361063821e-02 -7.752432005422297721e-05
1.681311406809998885e-03 1.722217805824447986e-02 -7.485831645303716252e-05
1.383120108835607679e-03 1.724941619151119584e-02 -7.217013071712264098e-05
1.084475798698738115e-03 1.727146560055135838e-02 -6.946055941389518717e-05
7.854696592418055788e-04 1.728831831173805941e-02 -6.673040544788150610e-05
4.861930284962593871e-04 1.729996798466509195e-02 -6.398047782250266863e-05
1.867373693766908530e-04 1.730640991574538406e-02 -6.121159140078586737e-05
-1.128057607217013451e-04 1.730764104096799497e-02 -5.842456666346201193e-05
-4.123447403930724617e-04 1.730365993824311069e-02 -5.562022946611982447e-05
-7.117879147646387870e-04 1.729446682907655880e-02 -5.279941079445429393e-05
-1.011043626085211550e-03 1.728006357957175346e-02 -4.996294651779851988e-05
-1.310020244355643857e-03 1.726045370101364496e-02 -4.711167714183874547e-05
-1.608626197976853380e-03 1.723564234960184988e-02 -4.424644755918240584e-05
-1.906770004421725478e-03 1.720563632577910493e-02 -4.136810679919725382e-05
-2.204360300891284805e-03 1.717044407283749644e-02 -3.847750777637164068e-05
-2.501305874966979620e-03 1.713007567494685690e-02 -3.557550703757108586e-05
-2.797515695228899174e-03 1.708454285460822564e-02 -3.266296450827828514e-05
-3.092898941827432191e-03 1.703385896938278479e-02 -2.974074323764339665e-05
-3.387365037020973781e-03 1.697803900821808279e-02 -2.680970914294959642e-05
-3.680823675610283598e-03 1.691709958691731824e-02 -2.387073075282773897e-05
-3.973184855328821055e-03 1.685105894320730255e-02 -2.092467895001843804e-05
-4.264358907107992230e-03 1.677993693108832673e-02 -1.797242671323950099e-05
-4.554256525251103478e-03 1.670375501461296083e-02 -1.501484885854875686e-05
-4.842788797487371059e-03 1.662253626109760560e-02 -1.205282178010087639e-05
-5.129867234864260613e-03 1.653630533362362640e-02 -9.087223190425791237e-06
-5.415403801547931384e-03 1.644508848314374730e-02 -6.118931860415108756e-06
-5.699310944391605682e-03 1.634891353975426176e-02 -3.148827358827313767e-06
-5.981501622391902084e-03 1.624780990357754112e-02 -1.777897917383655440e-07
-6.261889335921678144e-03 1.614180853495045601e-02 2.793300458301064916e-06
-6.540388155779625588e-03 1.603094194406317133e-02 5.763562993136584995e-06
-6.816912752030342137e-03 1.591524418005345332e-02 8.732117659866066208e-06
-7.091378422587027615e-03 1.579475081942338655e-02 1.169808481166733652e-05
-7.363701121631391865e-03 1.566949895408057541e-02 1.466058556849199743e-05
-7.633797487685919751e-03 1.553952717858740618e-02 1.761874207739743171e-05
-7.901584871511884919e-03 1.540487557704579326e-02 2.057167777278744180e-05
-8.166981363679834752e-03 1.526558570932782036e-02 2.351851763608341859e-05
-8.429905821878785205e-03 1.512170059679293112e-02 2.645838845502192964e-05
-8.690277897932295950e-03 1.497326470749977406e-02 2.939041908246788770e-05
-8.948018064461112087e-03 1.482032394078584663e-02 3.231374069440259551e-05
-9.203047641324839379e-03 1.466292561150764166e-02 3.522748704761379435e-05
-9.455288821602837041e-03 1.450111843354697470e-02 3.813079473612601184e-05
-9.704664697347039487e-03 1.433495250298713088e-02 4.102280344723108327e-05
-9.951099284912856904e-03 1.416447928069428444e-02 4.390265621633997553e-05
-1.019451754995404774e-02 1.398975157443555113e-02 4.676949968089480448e-05
-1.043484543205639575e-02 1.381082352053789389e-02 4.962248433336642254e-05
-1.067200986892455350e-02 1.362775056498458960e-02 5.246076477273150081e-05
-1.090593882029522975e-02 1.344058944421060511e-02 5.528349995533764693e-05
-1.113656129130224069e-02 1.324939816524371185e-02 5.808985344378200696e-05
-1.136380735554268044e-02 1.305423598555154746e-02 6.087899365495352729e-05
-1.158760817767956301e-02 1.285516339239722514e-02 6.365009410648343161e-05
-1.180789603556963926e-02 1.265224208171441232e-02 6.640233366136803110e-05
-1.202460434207576132e-02 1.244553493670967452e-02 6.913489677176973660e-05
-1.223766766627089851e-02 1.223510600587195997e-02 7.184697372017564629e-05
-1.244702175431887728e-02 1.202102048073870957e-02 7.453776085968814163e-05
-1.265260354981986683e-02 1.180334467319423854e-02 7.720646085201718464e-05
-1.285435121370396075e-02 1.158214599241115528e-02 7.985228290371183021e-05
-1.305220414367024365e-02 1.135749292145477561e-02 8.247444300069694070e-05
-1.324610299305678703e-02 1.112945499345258972e-02 8.507216414018049344e-05
-1.343598968937141473e-02 1.089810276756399132e-02 8.764467656148771778e-05
-1.362180745213598110e-02 1.066350780444583375e-02 9.019121797357856289e-05
-1.380350081038113179e-02 1.042574264154136517e-02 9.271103378130728762e-05
-1.398101561954325812e-02 1.018488076798063774e-02 9.520337730885600983e-05
-1.415429907786878820e-02 9.940996599208322404e-03 9.766751002103380027e-05
-1.432329974232719391e-02 9.694165451348588092e-03 1.001027017422313113e-04
-1.448796754389846016e-02 9.444463515223690264e-03 1.025082308723869110e-04
-1.464825380250328428e-02 9.191967830237788781e-03 1.048833846015145003e-04
-1.480411124118761849e-02 8.936756257863659805e-03 1.072274591201795459e-04
-1.495549399994024371e-02 8.678907455013150016e-03 1.095397598285623018e-04
-1.510235764887074041e-02 8.418500847116608399e-03 1.118196015420496191e-04
-1.524465920086526954e-02 8.155616601007434005e-03 1.140663086943064197e-04
-1.538235712372672086e-02 7.890335597628871794e-03 1.162792155376370979e-04
-1.551541135165482310e-02 7.622739404487691509e-03 1.184576663397523177e-04
-1.564378329635690568e-02 7.352910248040556672e-03 1.206010155789048852e-04
-1.576743585737765130e-02 7.080930985792767765e-03 1.227086281343177441e-04
-1.588633343205203552e-02 6.806885078344790223e-03 1.247798794749603796e-04
-1.600044192479425920e-02 6.530856561249968190e-03 1.268141558443486251e-04
-1.610972875585543404e-02 6.252930016754242384e-03 1.288108544424522656e-04
-1.621416286954623434e-02 5.973190545447829014e-03 1.307693836045242114e-04
-1.631371474178869643e-02 5.691723737756249415e-03 1.326891629758385704e-04
-1.640835638729833817e-02 5.408615645431052651e-03 1.345696236846126274e-04
-1.649806136596239717e-02 5.123952752867926182e-03 1.364102085095955793e-04
-1.658280478885237885e-02 4.837821948436516785e-03 1.382103720458269735e-04
-1.666256332355974673e-02 4.550310495703615427e-03 1.399695808660312874e-04
-1.673731519900169620e-02 4.261506004675282705e-03 1.416873136785331405e-04
-1.680704020969880225e-02 3.971496402898963031e-03 1.433630614823797641e-04
-1.687171971937238835e-02 3.680369906800489907e-03 1.449963277166083997e-04
-1.693133666419914529e-02 3.388214992415686157e-03 1.465866284104708043e-04
-1.698587555523375925e-02 3.095120367593127194e-03 1.481334923210592450e-04
-1.703532248054565393e-02 2.801174940613561024e-03 1.496364610850786485e-04
-1.707966510647745614e-02 2.506467799582115432e-03 1.510950893178807986e-04
