-1.700677804423037301e-02 2.971400616565574981e-03 -1.493190490334256738e-04
-1.705699702689419603e-02 2.677575145314513641e-03 -1.478066638650805573e-04
-1.710212782333613013e-02 2.382874383578811612e-03 -1.462504803726643124e-04
-1.714215426112864968e-02 2.087386875426652279e-03 -1.446509597110709412e-04
-1.717706172552617774e-02 1.791201487545094001e-03 -1.430085758465363317e-04
-1.720683716482306058e-02 1.494407389212892715e-03 -1.413238154553399196e-04
-1.723146909813533245e-02 1.197094021736772214e-03 -1.395971777672854960e-04
-1.725094762165734624e-02 8.993510712024531699e-04 -1.378291744228569472e-04
-1.726526441481284271e-02 6.012684395803614404e-04 -1.360203293193713761e-04
-1.727441274568481192e-02 3.029362162906898545e-04 -1.341711784567815380e-04
-1.727838747598447328e-02 4.444649339070719750e-06 -1.322822697783548526e-04
-1.727718506544282176e-02 -2.941158835803166726e-04 -1.303541630085141363e-04
-1.727080357566026722e-02 -5.926549041635169194e-04 -1.283874294868951203e-04
-1.725924267340268534e-02 -8.910818626804062250e-04 -1.263826519990912970e-04
-1.724250363333449179e-02 -1.189306167287104091e-03 -1.243404246039498382e-04
-1.722058934019142507e-02 -1.487237213423494350e-03 -1.222613524574939637e-04
-1.719350429038498176e-02 -1.784784413316644995e-03 -1.201460516336981153e-04
-1.716125459303691897e-02 -2.081857225549938861e-03 -1.179951489418492352e-04
-1.712384797044259194e-02 -2.378365184707140548e-03 -1.158092817408072812e-04
-1.708129375795271881e-02 -2.674217931064522789e-03 -1.135890977502233070e-04
-1.703360290328398419e-02 -2.969325240327670180e-03 -1.113352548585309573e-04
-1.698078796524242484e-02 -3.263597053395703249e-03 -1.090484209279983659e-04
-1.692286311186647768e-02 -3.556943506147805870e-03 -1.067292735968891908e-04
-1.685984411798712931e-02 -3.849274959227813250e-03 -1.043785000786146629e-04
-1.679174836219766639e-02 -4.140502027820979793e-03 -1.019967969580968099e-04
-1.671859482324140889e-02 -4.430535611419099580e-03 -9.958486998535983562e-05
-1.664040407580858263e-02 -4.719286923540229155e-03 -9.714343386642827305e-05
-1.655719828574570354e-02 -5.006667521409367307e-03 -9.467321205152674855e-05
-1.646900120467948911e-02 -5.292589335579769155e-03 -9.217493652066333543e-05
-1.637583816404514919e-02 -5.576964699481344601e-03 -8.964934756681867750e-05
-1.627773606853752039e-02 -5.859706378883346688e-03 -8.709719357650628829e-05
-1.617472338896708967e-02 -6.140727601262842804e-03 -8.451923080801313198e-05
-1.606683015453369556e-02 -6.419942085059033264e-03 -8.191622316736043880e-05
-1.595408794451711604e-02 -6.697264068809443902e-03 -7.928894198188714975e-05
-1.583652987938194423e-02 -6.972608340145249571e-03 -7.663816577171690377e-05
-1.571419061130453071e-02 -7.245890264637626539e-03 -7.396468001903165677e-05
-1.558710631412229750e-02 -7.517025814489208813e-03 -7.126927693536626589e-05
-1.545531467270711522e-02 -7.785931597042703746e-03 -6.855275522683898308e-05
-1.531885487176470016e-02 -8.052524883107432807e-03 -6.581591985743871971e-05
-1.517776758406909343e-02 -8.316723635084611460e-03 -6.305958181056601369e-05
-1.503209495812653923e-02 -8.578446534879373420e-03 -6.028455784866449313e-05
-1.488188060528604362e-02 -8.837613011588489956e-03 -5.749167027122356323e-05
-1.472716958628516801e-02 -9.094143268954137452e-03 -5.468174667110695640e-05
-1.456800839724755291e-02 -9.347958312558345487e-03 -5.185561968932794584e-05
-1.440444495513307915e-02 -9.598979976766485941e-03 -4.901412676829964237e-05
-1.423652858264424191e-02 -9.847130951389585982e-03 -4.615810990369369063e-05
-1.406430999259820035e-02 -1.009233480806083494e-02 -4.328841539495496122e-05
-1.388784127176734447e-02 -1.033451602631826026e-02 -4.040589359448933511e-05
-1.370717586419310276e-02 -1.057360001937163174e-02 -3.751139865572499540e-05
-1.352236855398351173e-02 -1.080951315955185066e-02 -3.460578827997340547e-05
-1.333347544760118270e-02 -1.104218280342276516e-02 -3.168992346230110858e-05
-1.314055395564279506e-02 -1.127153731655571901e-02 -2.876466823638587395e-05
-1.294366277412423508e-02 -1.149750609794023860e-02 -2.583088941847344296e-05
-1.274286186527445221e-02 -1.172001960403234143e-02 -2.288945635055289422e-05
-1.253821243784986918e-02 -1.193900937242624652e-02 -1.994124064272585008e-05
-1.232977692697188876e-02 -1.215440804513295836e-02 -1.698711591491890738e-05
-1.211761897350142544e-02 -1.236614939146606605e-02 -1.402795753806404174e-05
-1.190180340295808950e-02 -1.257416833051478063e-02 -1.106464237464083685e-05
-1.168239620398648683e-02 -1.277840095319866809e-02 -8.098048518882689051e-06
-1.145946450639031416e-02 -1.297878454389568559e-02 -5.129055036581228605e-06
-1.123307655873038817e-02 -1.317525760162561316e-02 -2.158541704579164963e-06
-1.100330170551020413e-02 -1.336775986079852263e-02 8.126112499203593187e-07
-1.077021036394691482e-02 -1.355623231148953521e-02 3.783523410162664494e-06
-1.053387400034110077e-02 -1.374061721926019865e-02 6.753314430763457301e-06
-1.029436510606591797e-02 -1.392085814450452937e-02 9.721104298556047598e-06
-1.005175717316207640e-02 -1.409689996130285630e-02 1.268601359334068664e-05
-9.806124669581217992e-03 -1.426868887579767903e-02 1.564716374851271590e-05
-9.557543014062683251e-03 -1.443617244406140976e-02 1.860367731137237753e-05
-9.306088550659272207e-03 -1.459929958946004983e-02 2.155467820314209093e-05
-9.051838522942294921e-03 -1.475802061950765541e-02 2.449929197858029435e-05
-8.794871047867813124e-03 -1.491228724219195723e-02 2.743664608506037674e-05
-8.535265089340954986e-03 -1.506205258177921967e-02 3.036587012117087324e-05
-8.273100431476351421e-03 -1.520727119408655029e-02 3.328609609462426848e-05
-8.008457651566634056e-03 -1.534789908120369126e-02 3.619645867942229456e-05
-7.741418092782505547e-03 -1.548389370568237569e-02 3.909609547234069236e-05
-7.472063836598743548e-03 -1.561521400416441760e-02 4.198414724840240540e-05
-7.200477674977081438e-03 -1.574182040045682754e-02 4.485975821553989887e-05
-6.926743082304169519e-03 -1.586367481804855720e-02 4.772207626817451666e-05
-6.650944187102355958e-03 -1.598074069205197845e-02 5.057025323966998911e-05
-6.373165743529423874e-03 -1.609298298058382815e-02 5.340344515374490360e-05
-6.093493102671355965e-03 -1.620036817556410116e-02 5.622081247448090953e-05
-5.812012183651753608e-03 -1.630286431294009075e-02 5.902152035512833316e-05
-5.528809444559694593e-03 -1.640044098233089248e-02 6.180473888550717455e-05
-5.243971853217934721e-03 -1.649306933607927461e-02 6.456964333790819895e-05
-4.957586857797712139e-03 -1.658072209772580921e-02 6.731541441145679893e-05
-4.669742357297878080e-03 -1.666337356988493307e-02 7.004123847492145321e-05
-4.380526671899898604e-03 -1.674099964153461656e-02 7.274630780782184486e-05
-4.090028513210844374e-03 -1.681357779471080380e-02 7.542982083972324479e-05
-3.798336954405923897e-03 -1.688108711060261682e-02 7.809098238779732363e-05
-3.505541400289322561e-03 -1.694350827505877385e-02 8.072900389244983129e-05
-3.211731557281837218e-03 -1.700082358348843983e-02 8.334310365097660051e-05
-2.916997403346366022e-03 -1.705301694517164651e-02 8.593250704919789293e-05
-2.621429157872429312e-03 -1.710007388696913391e-02 8.849644679100271503e-05
-2.325117251523667154e-03 -1.714198155643096091e-02 9.103416312571681508e-05
-2.028152296065977803e-03 -1.717872872431542089e-02 9.354490407322583947e-05
-1.730625054189661614e-03 -1.721030578650342702e-02 9.602792564678198266e-05
-1.432626409337346132e-03 -1.723670476532464593e-02 9.848249207351860671e-05
-1.134247335548817150e-03 -1.725791931028668527e-02 1.009078760124359727e-04
-8.355788673394503848e-04 -1.727394469820901085e-02 1.033033587699085267e-04
-5.367120696200235663e-04 -1.728477783277418411e-02 1.056682305127138621e-04
-2.377380076749141774e-04 -1.729041724348266348e-02 1.080017904783182170e-04
6.125228278946324891e-05 -1.729086308403005728e-02 1.103033471825215327e-04
3.601678255185554196e-04 -1.728611713009880688e-02 1.125722186244177287e-04
6.589177334852523195e-04 -1.727618277656771048e-02 1.148077324884319838e-04
9.574112385630309009e-04 -1.726106503415336668e-02 1.170092263435610041e-04
1.255557721080796663e-03 -1.724077052547151948e-02 1.191760478396450317e-04
1.553266739243390005e-03 -1.721530748053777191e-02 1.213075549007290810e-04
1.850448058418428278e-03 -1.718468573170242250e-02 1.234031159152755987e-04
2.147011680261191879e-03 -1.714891670802272741e-02 1.254621099233026507e-04
2.442867871682639306e-03 -1.710801342908953651e-02 1.274839268004721005e-04
2.737927193633706967e-03 -1.706199049829590364e-02 1.294679674388093189e-04
3.032100529709117094e-03 -1.701086409557063181e-02 1.314136439242333081e-04
3.325299114552912171e-03 -1.695465196957018569e-02 1.333203797108273466e-04
3.617434562043480867e-03 -1.689337342933700317e-02 1.351876097916319757e-04
3.908418893278465395e-03 -1.682704933543727535e-02 1.370147808660678512e-04
4.198164564313446555e-03 -1.675570209057402823e-02 1.388013515039002339e-04
4.486584493666485353e-03 -1.667935562969160082e-02 1.405467923057082842e-04
4.773592089575157300e-03 -1.659803540957474274e-02 1.422505860597204084e-04
5.059101276988643703e-03 -1.651176839794027407e-02 1.439122278950429252e-04
5.343026524294063745e-03 -1.642058306205182797e-02 1.455312254313726112e-04
5.625282869760262622e-03 -1.632450935683545795e-02 1.471070989247839726e-04
5.905785947699027962e-03 -1.622357871252748385e-02 1.486393814099509834e-04
6.184452014323556235e-03 -1.611782402185390345e-02 1.501276188385145926e-04
6.461197973304382523e-03 -1.600727962673721000e-02 1.515713702135796303e-04
6.735941401012674953e-03 -1.589198130457248129e-02 1.529702077204863947e-04
7.008600571436868557e-03 -1.577196625403287991e-02 1.543237168534719475e-04
7.279094480772145895e-03 -1.564727308045910092e-02 1.556314965385748657e-04
7.547342871672536521e-03 -1.551794178081372481e-02 1.568931592524636369e-04
7.813266257154180897e-03 -1.538401372821057538e-02 1.581083311372115483e-04
8.076785944151792726e-03 -1.524553165605272570e-02 1.592766521112019221e-04
8.337824056707019912e-03 -1.510253964174472323e-02 1.603977759756967871e-04
8.596303558798795014e-03 -1.495508309003545921e-02 1.614713705174980842e-04
8.852148276795940990e-03 -1.480320871596531827e-02 1.624971176073923573e-04
9.105282921530044246e-03 -1.464696452743807255e-02 1.634747132943413311e-04
9.355633109990411228e-03 -1.448639980744939430e-02 1.644038678956845779e-04
9.603125386617157241e-03 -1.432156509592906815e-02 1.652843060828402513e-04
9.847687244207705207e-03 -1.415251217126562572e-02 1.661157669629708528e-04
1.008924714441844159e-02 -1.397929403148502787e-02 1.668980041562952491e-04
1.032773453785608940e-02 -1.380196487509656629e-02 1.676307858690101319e-04
1.056307988376990921e-02 -1.362058008164360179e-02 1.683138949621193730e-04
1.079521466931271205e-02 -1.343519619192364185e-02 1.689471290156361672e-04
1.102407142839565042e-02 -1.324587088793098728e-02 1.695303003886440649e-04
1.124958376011491942e-02 -1.305266297250656619e-02 1.700632362748988173e-04
1.147168634674645797e-02 -1.285563234870473574e-02 1.705457787539555554e-04
1.169031497132522884e-02 -1.265483999891144941e-02 1.709777848381058003e-04
1.190540653477021628e-02 -1.245034796368395258e-02 1.713591265146003880e-04
1.211689907259312290e-02 -1.224221932036105749e-02 1.716896907836717350e-04
1.232473177115707939e-02 -1.203051816142976412e-02 1.719693796920143810e-04
1.252884498349363107e-02 -1.181530957265980973e-02 1.721981103617254078e-04
1.272918024468861278e-02 -1.159665961103918848e-02 1.723758150150132438e-04
1.292568028680388635e-02 -1.137463528247803848e-02 1.725024409941338115e-04
1.311828905337280443e-02 -1.114930451933359747e-02 1.725779507770755169e-04
1.330695171343296811e-02 -1.092073615774549408e-02 1.726023219886816469e-04
1.349161467511241635e-02 -1.068899991477964551e-02 1.725755474071944231e-04
1.367222559878014838e-02 -1.045416636542720497e-02 1.724976349665415301e-04
1.384873340971979651e-02 -1.021630691942126100e-02 1.723686077538400657e-04
1.402108831037954424e-02 -9.975493797919079975e-03 1.721885040026376783e-04
1.418924179215287455e-02 -9.731800010044897725e-03 1.719573770815840908e-04
1.435314664671135700e-02 -9.485299329290835038e-03 1.716752954785319538e-04
1.451275697689944667e-02 -9.236066269815719487e-03 1.713423427803894411e-04
1.466802820715596041e-02 -8.984176062611261629e-03 1.709586176482069924e-04
1.481891709350830789e-02 -8.729704631583635674e-03 1.705242337880213000e-04
1.496538173310462544e-02 -8.472728569534007312e-03 1.700393199171663830e-04
1.510738157329640646e-02 -8.213325114047667630e-03 1.695040197260475458e-04
1.524487742029229619e-02 -7.951572123327692310e-03 1.689184918357029407e-04
1.537783144734049777e-02 -7.687548051937207784e-03 1.682829097506630535e-04
1.550620720248943075e-02 -7.421331926500226994e-03 1.675974618076180131e-04
1.562996961589848549e-02 -7.153003321350045324e-03 1.668623511196073907e-04
1.574908500670119463e-02 -6.882642334124290315e-03 1.660777955157486416e-04
1.586352108945250985e-02 -6.610329561346958357e-03 1.652440274768436819e-04
1.597324698011326136e-02 -6.336146073965991284e-03 1.643612940663366235e-04
1.607823320162408975e-02 -6.060173392882601748e-03 1.634298568571838494e-04
1.617845168903922493e-02 -5.782493464472536482e-03 1.624499918543565705e-04
1.627387579422737152e-02 -5.503188636098384039e-03 1.614219894129617422e-04
1.636448029016805694e-02 -5.222341631636373549e-03 1.603461541523461471e-04
1.645024137479941112e-02 -4.940035527005177951e-03 1.592228048656970274e-04
1.653113667446880902e-02 -4.656353725725290854e-03 1.580522744256554284e-04
1.660714524696070213e-02 -4.371379934500985165e-03 1.568349096856690877e-04
1.667824758410478558e-02 -4.085198138831855688e-03 1.555710713771438246e-04
1.674442561399689874e-02 -3.797892578673184218e-03 1.542611340026846191e-04
1.680566270278857285e-02 -3.509547724140128083e-03 1.529054857249932946e-04
1.686194365609597692e-02 -3.220248251262093804e-03 1.515045282519044366e-04
1.691325472000470773e-02 -2.930079017802806902e-03 1.500586767173737394e-04
1.695958358167252641e-02 -2.639125039142347327e-03 1.485683595583783421e-04
1.700091936956464947e-02 -2.347471464233712949e-03 1.470340183880925237e-04
1.703725265327500973e-02 -2.055203551635478854e-03 1.454561078649034220e-04
1.706857544298932133e-02 -1.762406645627242639e-03 1.438350955577471070e-04
1.709488118856136024e-02 -1.469166152416618437e-03 1.421714618075747838e-04
1.711616477820826834e-02 -1.175567516436194348e-03 1.404656995849382561e-04
1.713242253686022079e-02 -8.816961967458742137e-04 1.387183143440315943e-04
1.714365222411508641e-02 -5.876376435298545252e-04 1.369298238727925416e-04
1.714985303185681195e-02 -2.934772747120458045e-04 1.351007581395508711e-04
1.715102558150849443e-02 6.995473189107466061e-07 1.332316591359728657e-04
1.714717192092573075e-02 2.948075388698357009e-04 1.313230807163973547e-04
1.713829552096551856e-02 5.887615179737961616e-04 1.293755884338321108e-04
1.712440127168284032e-02 8.824764273013829558e-04 1.273897593722611132e-04
1.710549547821178101e-02 1.175867356935813733e-03 1.253661819756874134e-04
1.708158585630388526e-02 1.468849567018107750e-03 1.233054558737816081e-04
1.705268152752865279e-02 1.761338510250127186e-03 1.212081917041311755e-04
1.701879301417117199e-02 2.053249854259185138e-03 1.190750109314077777e-04
1.697993223377997074e-02 2.344499503814897676e-03 1.169065456630944972e-04
1.693611249342080044e-02 2.635003622901053132e-03 1.147034384622414927e-04
1.688734848360978411e-02 2.924678656629640851e-03 1.124663421570843666e-04
1.683365627193057767e-02 3.213441353006923646e-03 1.101959196475075722e-04
1.677505329636989201e-02 3.501208784540324210e-03 1.078928437087267334e-04
1.671155835832549910e-02 3.787898369678617625e-03 1.055577967918337447e-04
1.664319161534074526e-02 4.073427894100606177e-03 1.031914708216262694e-04
1.656997457354050102e-02 4.357715531826240017e-03 1.007945669915678296e-04
1.649193007977120540e-02 4.640679866170338563e-03 9.836779555596816414e-05
1.640908231348155513e-02 4.922239910517095009e-03 9.591187561961144218e-05
1.632145677829447208e-02 5.202315128929491106e-03 9.342753492455218884e-05
1.622908029332767454e-02 5.480825456580002905e-03 9.091550963456372300e-05
1.613198098423417395e-02 5.757691320003995201e-03 8.837654411696102357e-05
1.603018827396887960e-02 6.032833657179966294e-03 8.581139072200272126e-05
1.592373287331252246e-02 6.306173937424635299e-03 8.322080956002155135e-05
1.581264677110885697e-02 6.577634181106259935e-03 8.060556827610812806e-05
1.569696322426800128e-02 6.847136979178596039e-03 7.796644182270542065e-05
1.557671674750806153e-02 7.114605512525957846e-03 7.530421222994564958e-05
1.545194310284250631e-02 7.379963571121530078e-03 7.261966837389377798e-05
1.532267928884075564e-02 7.643135573002700529e-03 6.991360574284518552e-05
1.518896352962239606e-02 7.904046583049245678e-03 6.718682620155625655e-05
1.505083526363160118e-02 8.162622331579326082e-03 6.444013775364938875e-05
1.490833513216849315e-02 8.418789232746134304e-03 6.167435430220342670e-05
1.476150496768410814e-02 8.672474402745917674e-03 5.889029540852800261e-05
1.461038778186077997e-02 8.923605677834980238e-03 5.608878604937039863e-05
1.445502775344416346e-02 9.172111632139476334e-03 5.327065637240701148e-05
1.429547021587343307e-02 9.417921595284832817e-03 5.043674145028798322e-05
1.413176164467752453e-02 9.660965669817273352e-03 4.758788103316974945e-05
1.396394964465313450e-02 9.901174748425618788e-03 4.472491929985740992e-05
1.379208293684261975e-02 1.013848053097692568e-02 4.184870460772544047e-05
1.361621134527636612e-02 1.037281554133453153e-02 3.896008924124286737e-05
1.343638578352534217e-02 1.060411314398874809e-02 3.605992915948975415e-05
1.325265824103447586e-02 1.083230756047919019e-02 3.314908374249656340e-05
1.306508176925050800e-02 1.105733388561137669e-02 3.022841553656726194e-05
1.287371046756015380e-02 1.127912810348127501e-02 2.729878999873437649e-05
1.267859946900793018e-02 1.149762710327980469e-02 2.436107524027214191e-05
1.247980492582715165e-02 1.171276869489921643e-02 2.141614176945657959e-05
1.227738399477854882e-02 1.192449162433744519e-02 1.846486223363614517e-05
1.207139482227789079e-02 1.213273558888401486e-02 1.550811116063658470e-05
1.186189652934957310e-02 1.233744125210454318e-02 1.254676469960480592e-05
1.164894919637806357e-02 1.253855025861546138e-02 9.581700361409421028e-06
1.143261384766904899e-02 1.273600524864039636e-02 6.613796758607110431e-06
1.121295243583739047e-02 1.292974987236896432e-02 3.643933345091773165e-06
1.099002782599103195e-02 1.311972880408636410e-02 6.729901554791418944e-07
1.076390377974381814e-02 1.330588775609952042e-02 -2.298152455637387085e-06
1.053464493904395470e-02 1.348817349244674224e-02 -5.268614074584235749e-06
1.030231680981608632e-02 1.366653384238239455e-02 -8.237514489477438433e-06
1.006698574543400324e-02 1.384091771365928217e-02 -1.120397395104169928e-05
9.828718930006667340e-03 1.401127510557709926e-02 -1.416711343332879212e-05
9.587584361490476131e-03 1.417755712181183181e-02 -1.712605489415075353e-05
9.343650834635642069e-03 1.433971598303897949e-02 -2.007992153529754965e-05
9.096987923741655171e-03 1.449770503931068800e-02 -2.302783806233382944e-05
8.847665965258709117e-03 1.465147878222177943e-02 -2.596893094396952216e-05
8.595756040208972840e-03 1.480099285684867601e-02 -2.890232867091349904e-05
8.341329956435706433e-03 1.494620407344938659e-02 -3.182716201410500459e-05
8.084460230699083011e-03 1.508707041895119595e-02 -3.474256428230998597e-05
7.825220070584490428e-03 1.522355106818546605e-02 -3.764767157890712358e-05
7.563683356264507343e-03 1.535560639490514585e-02 -4.054162305791383252e-05
7.299924622086909932e-03 1.548319798255851608e-02 -4.342356117905819997e-05
7.034019037999167910e-03 1.560628863482123319e-02 -4.629263196185019047e-05
6.766042390819543284e-03 1.572484238590431821e-02 -4.914798523872891445e-05
6.496071065340339873e-03 1.583882451059640331e-02 -5.198877490687836767e-05
6.224182025276929833e-03 1.594820153408205154e-02 -5.481415917900123213e-05
5.950452794056730263e-03 1.605294124150362031e-02 -5.762330083279479202e-05
5.674961435456207619e-03 1.615301268726773709e-02 -6.041536745892162481e-05
5.397786534080479398e-03 1.624838620412144899e-02 -6.318953170780662978e-05
5.119007175689874178e-03 1.633903341194507114e-02 -6.594497153470475423e-05
4.838702927380789630e-03 1.642492722631145111e-02 -6.868087044332236003e-05
4.556953817608768754e-03 1.650604186677652463e-02 -7.139641772778848193e-05
4.273840316064165396e-03 1.658235286489930654e-02 -7.409080871279883924e-05
3.989443313417434869e-03 1.665383707201922858e-02 -7.676324499219010580e-05
3.703844100894401314e-03 1.672047266673774499e-02 -7.941293466540406498e-05
3.417124349726729463e-03 1.678223916214798689e-02 -8.203909257220266197e-05
3.129366090458888389e-03 1.683911741278608723e-02 -8.464094052532843875e-05
2.840651692111182194e-03 1.689108962129410099e-02 -8.721770754106287723e-05
2.551063841210796882e-03 1.693813934482547856e-02 -8.976863006775317793e-05
2.260685520684680826e-03 1.698025150113968360e-02 -9.229295221198018063e-05
1.969599988624484189e-03 1.701741237443000349e-02 -9.478992596262703920e-05
1.677890756916430165e-03 1.704960962085455209e-02 -9.725881141248113326e-05
1.385641569747142650e-03 1.707683227376480956e-02 -9.969887697748402002e-05
1.092936381982677558e-03 1.709907074865957971e-02 -1.021093996135727903e-04
7.998593374282833264e-04 1.711631684780954427e-02 -1.044896650308460204e-04
5.064947469603866843e-04 1.712856376460056285e-02 -1.068389679053006769e-04
2.129270665501613129e-04 1.713580608756099313e-02 -1.091566120877994820e-04
-8.075912482776744341e-05 1.713803980406937086e-02 -1.114419108103303880e-04
-3.744791474045533431e-04 1.713526230377037177e-02 -1.136941868895878705e-04
-6.681482429261387593e-04 1.712747238164295110e-02 -1.159127729275391625e-04
-9.616815970722494269e-04 1.711467024076946189e-02 -1.180970115092717167e-04
-1.254994361970607078e-03 1.709685749477051972e-02 -1.202462553977599072e-04
-1.548001678814922046e-03 1.707403716990231468e-02 -1.223598677256318792e-04
-1.840618700573286911e-03 1.704621370684341469e-02 -1.244372221839677858e-04
-2.132760614783648940e-03 1.701339296211577465e-02 -1.264777032077864639e-04
-2.424342666442236369e-03 1.697558220918820443e-02 -1.284807061585364202e-04
-2.715280180966739027e-03 1.693279013922715723e-02 -1.304456375032186195e-04
-3.005488587240653844e-03 1.688502686149114321e-02 -1.323719149902429393e-04
-3.294883440729573249e-03 1.683230390339745391e-02 -1.342589678220499066e-04
-3.583380446667160883e-03 1.677463421020310153e-02 -1.361062368241413938e-04
-3.870895483304421722e-03 1.671203214435154280e-02 -1.379131746108462413e-04
-4.157344625213804656e-03 1.664451348444751302e-02 -1.396792457475144625e-04
-4.442644166656866192e-03 1.657209542385850581e-02 -1.414039269091251795e-04
-4.726710644992480718e-03 1.649479656896945742e-02 -1.430867070354582620e-04
-5.009460864128386336e-03 1.641263693703555460e-02 -1.447270874824310336e-04
-5.290811918019907786e-03 1.632563795368230722e-02 -1.463245821699105088e-04
-5.570681214188950500e-03 1.623382245001674454e-02 -1.478787177257659684e-04
-5.848986497279266839e-03 1.613721465934985638e-02 -1.493890336260525877e-04
-6.125645872630265665e-03 1.603584021355254283e-02 -1.508550823316114227e-04
-6.400577829861207706e-03 1.592972613899713147e-02 -1.522764294205527634e-04
-6.673701266471753282e-03 1.581890085212843064e-02 -1.536526537170576439e-04
-6.944935511437332759e-03 1.570339415462982183e-02 -1.549833474161847724e-04
-7.214200348805246445e-03 1.558323722818655103e-02 -1.562681162046367762e-04
-7.481416041281848013e-03 1.545846262886948520e-02 -1.575065793777317643e-04
-7.746503353793119002e-03 1.532910428108692422e-02 -1.586983699520780637e-04
-8.009383577032000434e-03 1.519519747115384047e-02 -1.598431347744162442e-04
-8.269978550967125100e-03 1.505677884044604592e-02 -1.609405346262378258e-04
-8.528210688314403348e-03 1.491388637813481112e-02 -1.619902443242446052e-04
-8.784002997965717832e-03 1.476655941353032658e-02 -1.629919528168398033e-04
-9.037279108357517896e-03 1.461483860798743969e-02 -1.639453632761546039e-04
-9.287963290787546594e-03 1.445876594641102436e-02 -1.648501931860971875e-04
-9.535980482654197316e-03 1.429838472834102023e-02 -1.657061744260572317e-04
-9.781256310622593944e-03 1.413373955860754844e-02 -1.665130533502764498e-04
-1.002371711371242806e-02 1.396487633758675302e-02 -1.672705908631587368e-04
-1.026328996627890247e-02 1.379184225100875925e-02 -1.679785624899700987e-04
-1.049990270090740523e-02 1.361468575936441647e-02 -1.686367584434369637e-04
-1.073348393119215663e-02 1.343345658687801307e-02 -1.692449836859132506e-04
-1.096396307439328859e-02 1.324820571005098230e-02 -1.698030579870938596e-04
-1.119127037398219560e-02 1.305898534579913277e-02 -1.703108159775590001e-04
-1.141533692203374611e-02 1.286584893913958819e-02 -1.707681071976367693e-04
-1.163609468148900546e-02 1.266885115047291892e-02 -1.711747961420713069e-04
-1.185347650826337404e-02 1.246804784243044605e-02 -1.715307623001697439e-04
-1.206741617318361597e-02 1.226349606629503416e-02 -1.718359001914372176e-04
-1.227784838377409676e-02 1.205525404800670067e-02 -1.720901193969720056e-04
-1.248470880584547082e-02 1.184338117373208953e-02 -1.722933445861165160e-04
-1.268793408490558397e-02 1.162793797502167936e-02 -1.724455155388610517e-04
-1.288746186737315183e-02 1.140898611353867789e-02 -1.725465871636889376e-04
-1.308323082157691365e-02 1.118658836536775766e-02 -1.725965295108549617e-04
-1.327518065855581852e-02 1.096080860491384021e-02 -1.725953277814053406e-04
-1.346325215261424957e-02 1.073171178836777005e-02 -1.725429823314177092e-04
-1.364738716165786979e-02 1.049936393677344294e-02 -1.724395086719784605e-04
-1.382752864728416416e-02 1.026383211867284810e-02 -1.722849374645873824e-04
-1.400362069460861676e-02 1.002518443233875803e-02 -1.720793145119867162e-04
-1.417560853185262197e-02 9.783489987613970887e-03 -1.718227007447370263e-04
-1.434343854963092239e-02 9.538818887327719237e-03 -1.715151722030147196e-04
-1.450705831997952701e-02 9.291242208324562366e-03 -1.711568200141646158e-04
-1.466641661509141166e-02 9.040831982091131550e-03 -1.707477503656940423e-04
-1.482146342573571925e-02 8.787661174985049450e-03 -1.702880844737256693e-04
-1.497214997939525470e-02 8.531803668084687528e-03 -1.697779585472284324e-04
-1.511842875806120381e-02 8.273334236638622136e-03 -1.692175237475003285e-04
-1.526025351571494611e-02 8.012328529148285070e-03 -1.686069461434679530e-04
-1.539757929547069630e-02 7.748863046064142883e-03 -1.679464066624736956e-04
-1.553036244636435588e-02 7.483015118112628164e-03 -1.672361010365809803e-04
-1.565856063980644586e-02 7.214862884264362092e-03 -1.664762397447166835e-04
-1.578213288564721262e-02 6.944485269326934260e-03 -1.656670479501603469e-04
-1.590103954788773047e-02 6.671961961198580489e-03 -1.648087654339050185e-04
-1.601524236000365434e-02 6.397373387762494458e-03 -1.639016465236029527e-04
-1.612470443987005717e-02 6.120800693438328485e-03 -1.629459600181247080e-04
-1.622939030430782872e-02 5.842325715408231562e-03 -1.619419891080465254e-04
-1.632926588319721234e-02 5.562030959498979327e-03 -1.608900312915988824e-04
-1.642429853319453403e-02 5.279999575749939542e-03 -1.597903982865820326e-04
-1.651445705101782166e-02 4.996315333667174924e-03 -1.586434159380122825e-04
-1.659971168629268551e-02 4.711062597161801146e-03 -1.574494241214693523e-04
-1.668003415397675826e-02 4.424326299197296405e-03 -1.562087766425377083e-04
-1.675539764631061787e-02 4.136191916137677005e-03 -1.549218411318223452e-04
-1.682577684433208751e-02 3.846745441814871519e-03 -1.535889989360860245e-04
-1.689114792891885375e-02 3.556073361321855555e-03 -1.522106450052644307e-04
-1.695148859135261685e-02 3.264262624533231967e-03 -1.507871877753259599e-04
-1.700677804342495131e-02 2.971400619373976062e-03 -1.493190490474075721e-04
-1.705699702703004569e-02 2.677575144835589449e-03 -1.478066638626887260e-04
-1.710212782328629846e-02 2.382874383753421071e-03 -1.462504803735349538e-04
-1.714215426115036842e-02 2.087386875353292991e-03 -1.446509597107131003e-04
-1.717706172551663329e-02 1.791201487577144319e-03 -1.430085758466871984e-04
-1.720683716482714065e-02 1.494407389199142646e-03 -1.413238154552726720e-04
-1.723146909813355263e-02 1.197094021742467094e-03 -1.395971777673181576e-04
-1.725094762165766196e-02 8.993510711994189217e-04 -1.378291744228337724e-04
-1.726526441481337354e-02 6.012684395815428955e-04 -1.360203293193833294e-04
-1.727441274568440946e-02 3.029362162905028296e-04 -1.341711784567793696e-04
-1.727838747598462940e-02 4.444649338968711572e-06 -1.322822697783573734e-04
-1.727718506544273849e-02 -2.941158835801466155e-04 -1.303541630085135129e-04
-1.727080357565984048e-02 -5.926549041634489399e-04 -1.283874294868932772e-04
-1.725924267340349025e-02 -8.910818626806952733e-04 -1.263826519990989949e-04
-1.724250363333404770e-02 -1.189306167286704671e-03 -1.243404246039414899e-04
-1.722058934019140425e-02 -1.487237213423366847e-03 -1.222613524574973790e-04
-1.719350429038490891e-02 -1.784784413316636538e-03 -1.201460516337015712e-04
-1.716125459303674203e-02 -2.081857225549947968e-03 -1.179951489418410901e-04
-1.712384797044322338e-02 -2.378365184707250703e-03 -1.158092817408135831e-04
-1.708129375795251065e-02 -2.674217931064768686e-03 -1.135890977502224260e-04
-1.703360290328351928e-02 -2.969325240327525331e-03 -1.113352548585215247e-04
-1.698078796524147421e-02 -3.263597053395677662e-03 -1.090484209279973631e-04
-1.692286311186715769e-02 -3.556943506147687041e-03 -1.067292735968958315e-04
-1.685984411798784749e-02 -3.849274959227439417e-03 -1.043785000786212901e-04
-1.679174836219642086e-02 -4.140502027820742136e-03 -1.019967969580852496e-04
-1.671859482324204380e-02 -4.430535611419618262e-03 -9.958486998536277652e-05
-1.664040407580925571e-02 -4.719286923540552681e-03 -9.714343386643591667e-05
-1.655719828574480496e-02 -5.006667521408755817e-03 -9.467321205151539153e-05
-1.646900120468013443e-02 -5.292589335580042374e-03 -9.217493652067287641e-05
-1.637583816404561757e-02 -5.576964699481344601e-03 -8.964934756682165905e-05
-1.627773606853680569e-02 -5.859706378882979794e-03 -8.709719357649909190e-05
-1.617472338896627088e-02 -6.140727601262571320e-03 -8.451923080801132949e-05
-1.606683015453427149e-02 -6.419942085059236227e-03 -8.191622316736381338e-05
-1.595408794451807361e-02 -6.697264068809986870e-03 -7.928894198189484759e-05
-1.583652987938047318e-02 -6.972608340144670173e-03 -7.663816577170602109e-05
-1.571419061130510664e-02 -7.245890264638001239e-03 -7.396468001903332373e-05
-1.558710631412322557e-02 -7.517025814489352795e-03 -7.126927693537405859e-05
-1.545531467270593907e-02 -7.785931597042091389e-03 -6.855275522682968605e-05
-1.531885487176564038e-02 -8.052524883107882100e-03 -6.581591985744263639e-05
-1.517776758406929119e-02 -8.316723635084699931e-03 -6.305958181056926630e-05
-1.503209495812571350e-02 -8.578446534878875554e-03 -6.028455784865924152e-05
-1.488188060528563943e-02 -8.837613011588110051e-03 -5.749167027122098147e-05
-1.472716958628579251e-02 -9.094143268954659604e-03 -5.468174667111313635e-05
-1.456800839724815486e-02 -9.347958312558822536e-03 -5.185561968933239107e-05
-1.440444495513180413e-02 -9.598979976765687969e-03 -4.901412676829273058e-05
-1.423652858264476580e-02 -9.847130951389568634e-03 -4.615810990369892191e-05
-1.406430999259884740e-02 -1.009233480806142301e-02 -4.328841539495582180e-05
-1.388784127176658466e-02 -1.033451602631750392e-02 -4.040589359448541843e-05
-1.370717586419371511e-02 -1.057360001937223196e-02 -3.751139865572480567e-05
-1.352236855398374765e-02 -1.080951315955194086e-02 -3.460578827997539769e-05
-1.333347544760071779e-02 -1.104218280342212505e-02 -3.168992346230083753e-05
-1.314055395564218964e-02 -1.127153731655553860e-02 -2.876466823638162862e-05
-1.294366277412461498e-02 -1.149750609794044157e-02 -2.583088941847736303e-05
-1.274286186527537335e-02 -1.172001960403312726e-02 -2.288945635055667876e-05
-1.253821243784868956e-02 -1.193900937242519528e-02 -1.994124064272060186e-05
-1.232977692697221316e-02 -1.215440804513339725e-02 -1.698711591492189910e-05
-1.211761897350207944e-02 -1.236614939146646851e-02 -1.402795753806670142e-05
-1.190180340295719959e-02 -1.257416833051379183e-02 -1.106464237463791797e-05
-1.168239620398736633e-02 -1.277840095319968117e-02 -8.098048518883553025e-06
-1.145946450639042172e-02 -1.297878454389558150e-02 -5.129055036579901305e-06
-1.123307655873001867e-02 -1.317525760162545183e-02 -2.158541704578168853e-06
-1.100330170550982076e-02 -1.336775986079796058e-02 8.126112499158437860e-07
-1.077021036394690268e-02 -1.355623231148958899e-02 3.783523410162531087e-06
-1.053387400034202018e-02 -1.374061721926114581e-02 6.753314430766576923e-06
-1.029436510606469499e-02 -1.392085814450313118e-02 9.721104298554321345e-06
-1.005175717316235395e-02 -1.409689996130340621e-02 1.268601359333988874e-05
-9.806124669582328215e-03 -1.426868887579832781e-02 1.564716374851304794e-05
-9.557543014061760378e-03 -1.443617244406023362e-02 1.860367731137012103e-05
-9.306088550659811706e-03 -1.459929958946103688e-02 2.155467820314501149e-05
-9.051838522942431964e-03 -1.475802061950788786e-02 2.449929197857890522e-05
-8.794871047867270156e-03 -1.491228724219105517e-02 2.743664608505645667e-05
-8.535265089340880393e-03 -1.506205258177883109e-02 3.036587012117253681e-05
-8.273100431476658467e-03 -1.520727119408699958e-02 3.328609609462559663e-05
-8.008457651567107635e-03 -1.534789908120456903e-02 3.619645867942661782e-05
-7.741418092781567062e-03 -1.548389370568108159e-02 3.909609547233716193e-05
-7.472063836599348099e-03 -1.561521400416472985e-02 4.198414724840233086e-05
-7.200477674977376341e-03 -1.574182040045783021e-02 4.485975821554229090e-05
-6.926743082303541549e-03 -1.586367481804720064e-02 4.772207626816616152e-05
-6.650944187102896324e-03 -1.598074069205293254e-02 5.057025323967550499e-05
-6.373165743529239993e-03 -1.609298298058432775e-02 5.340344515374941659e-05
-6.093493102671373313e-03 -1.620036817556294237e-02 5.622081247447361150e-05
-5.812012183651320794e-03 -1.630286431293960503e-02 5.902152035512375240e-05
-5.528809444559593979e-03 -1.640044098233154127e-02 6.180473888551507567e-05
-5.243971853218927850e-03 -1.649306933608015932e-02 6.456964333791179037e-05
-4.957586857796896819e-03 -1.658072209772422714e-02 6.731541441144597046e-05
-4.669742357297946601e-03 -1.666337356988547430e-02 7.004123847492761961e-05
-4.380526671900595963e-03 -1.674099964153554984e-02 7.274630780782237341e-05
-4.090028513210205996e-03 -1.681357779470954092e-02 7.542982083971514038e-05
-3.798336954406348470e-03 -1.688108711060361256e-02 7.809098238780137584e-05
-3.505541400289272254e-03 -1.694350827505903753e-02 8.072900389245247403e-05
-3.211731557281667215e-03 -1.700082358348748574e-02 8.334310365097169450e-05
-2.916997403346425436e-03 -1.705301694517113650e-02 8.593250704919305467e-05
-2.621429157872411965e-03 -1.710007388696961270e-02 8.849644679101207982e-05
-2.325117251524202316e-03 -1.714198155643201216e-02 9.103416312572252069e-05
-2.028152296065561903e-03 -1.717872872431388739e-02 9.354490407321480771e-05
-1.730625054189959119e-03 -1.721030578650394396e-02 9.602792564678465251e-05
-1.432626409337431350e-03 -1.723670476532561044e-02 9.848249207352306549e-05
-1.134247335548502949e-03 -1.725791931028535300e-02 1.009078760124253746e-04
-8.355788673395862353e-04 -1.727394469821003434e-02 1.033033587699158992e-04
-5.367120696200491535e-04 -1.728477783277457616e-02 1.056682305127194322e-04
-2.377380076749822111e-04 -1.729041724348145959e-02 1.080017904783069278e-04
6.125228278962472728e-05 -1.729086308403006075e-02 1.103033471825208144e-04
3.601678255185638763e-04 -1.728611713009780421e-02 1.125722186244162379e-04
6.589177334851674265e-04 -1.727618277656853274e-02 1.148077324884358463e-04
9.574112385630055306e-04 -1.726106503415397037e-02 1.170092263435613429e-04
1.255557721080635333e-03 -1.724077052546997904e-02 1.191760478396387975e-04
1.553266739243449419e-03 -1.721530748053873641e-02 1.213075549007353287e-04
1.850448058418343060e-03 -1.718468573170315108e-02 1.234031159152750023e-04
2.147011680261098638e-03 -1.714891670802164148e-02 1.254621099232939771e-04
2.442867871682614152e-03 -1.710801342909013673e-02 1.274839268004810723e-04
2.737927193633553444e-03 -1.706199049829620548e-02 1.294679674388067982e-04
3.032100529709236356e-03 -1.701086409557005588e-02 1.314136439242305162e-04
3.325299114552614666e-03 -1.695465196956956119e-02 1.333203797108261268e-04
3.617434562043718091e-03 -1.689337342933766584e-02 1.351876097916358246e-04
3.908418893278592897e-03 -1.682704933543793802e-02 1.370147808660703720e-04
4.198164564312842871e-03 -1.675570209057243576e-02 1.388013515038896359e-04
4.486584493667004035e-03 -1.667935562969261737e-02 1.405467923057170121e-04
4.773592089575113932e-03 -1.659803540957522153e-02 1.422505860597201915e-04
5.059101276988498853e-03 -1.651176839793918813e-02 1.439122278950350376e-04
5.343026524294387271e-03 -1.642058306205274390e-02 1.455312254313801735e-04
5.625282869760271295e-03 -1.632450935683589857e-02 1.471070989247889329e-04
5.905785947698687956e-03 -1.622357871252712649e-02 1.486393814099452643e-04
6.184452014322739180e-03 -1.611782402185239771e-02 1.501276188385025309e-04
6.461197973304933298e-03 -1.600727962673806001e-02 1.515713702135864066e-04
6.735941401013099093e-03 -1.589198130457334171e-02 1.529702077204929541e-04
7.008600571436359415e-03 -1.577196625403166561e-02 1.543237168534620542e-04
7.279094480772498044e-03 -1.564727308046012788e-02 1.556314965385842170e-04
7.547342871672418560e-03 -1.551794178081378206e-02 1.568931592524632304e-04
7.813266257153853034e-03 -1.538401372820980689e-02 1.581083311372044739e-04
8.076785944152061608e-03 -1.524553165605330163e-02 1.592766521112080479e-04
8.337824056707439715e-03 -1.510253964174535467e-02 1.603977759757025333e-04
8.596303558798128880e-03 -1.495508309003480869e-02 1.614713705174883806e-04
8.852148276796012114e-03 -1.480320871596502511e-02 1.624971176073923573e-04
9.105282921530601092e-03 -1.464696452743912726e-02 1.634747132943511973e-04
9.355633109989956731e-03 -1.448639980744882011e-02 1.644038678956770156e-04
9.603125386616687131e-03 -1.432156509592819905e-02 1.652843060828323367e-04
9.847687244208076437e-03 -1.415251217126675329e-02 1.661157669629801227e-04
1.008924714441836699e-02 -1.397929403148492900e-02 1.668980041562948425e-04
1.032773453785577542e-02 -1.380196487509566770e-02 1.676307858690011872e-04
1.056307988377025095e-02 -1.362058008164408578e-02 1.683138949621267998e-04
1.079521466931303124e-02 -1.343519619192430972e-02 1.689471290156437024e-04
1.102407142839512480e-02 -1.324587088793043044e-02 1.695303003886344969e-04
1.124958376011490034e-02 -1.305266297250670497e-02 1.700632362748991154e-04
1.147168634674720043e-02 -1.285563234870543484e-02 1.705457787539650693e-04
1.169031497132462689e-02 -1.265483999891067225e-02 1.709777848380980754e-04
1.190540653476973403e-02 -1.245034796368348073e-02 1.713591265145927444e-04
1.211689907259358608e-02 -1.224221932036175485e-02 1.716896907836811404e-04
1.232473177115709674e-02 -1.203051816142958891e-02 1.719693796920143268e-04
1.252884498349290422e-02 -1.181530957265949054e-02 1.721981103617159210e-04
1.272918024468898228e-02 -1.159665961104000553e-02 1.723758150150210772e-04
1.292568028680488555e-02 -1.137463528247817032e-02 1.725024409941412925e-04
1.311828905337192146e-02 -1.114930451933320368e-02 1.725779507770661386e-04
1.330695171343284321e-02 -1.092073615774535357e-02 1.726023219886817825e-04
1.349161467511333229e-02 -1.068899991478028562e-02 1.725755474072035575e-04
1.367222559877924980e-02 -1.045416636542698813e-02 1.724976349665339136e-04
1.384873340971914425e-02 -1.021630691942059660e-02 1.723686077538325576e-04
1.402108831038027456e-02 -9.975493797919791211e-03 1.721885040026471380e-04
1.418924179215315731e-02 -9.731800010044727722e-03 1.719573770815841993e-04
1.435314664671050351e-02 -9.485299329290470746e-03 1.716752954785225212e-04
1.451275697689994801e-02 -9.236066269816092453e-03 1.713423427803969492e-04
1.466802820715672195e-02 -8.984176062611577349e-03 1.709586176482143108e-04
1.481891709350741798e-02 -8.729704631583430977e-03 1.705242337880122469e-04
1.496538173310469830e-02 -8.472728569533814758e-03 1.700393199171666540e-04
1.510738157329719403e-02 -8.213325114048042330e-03 1.695040197260567344e-04
1.524487742029160403e-02 -7.951572123327399141e-03 1.689184918356952158e-04
1.537783144733979347e-02 -7.687548051936872115e-03 1.682829097506555183e-04
1.550620720249022352e-02 -7.421331926500940833e-03 1.675974618076276625e-04
1.562996961589844039e-02 -7.153003321349917822e-03 1.668623511196074992e-04
1.574908500670035155e-02 -6.882642334123571272e-03 1.660777955157399679e-04
1.586352108945305803e-02 -6.610329561347536020e-03 1.652440274768514068e-04
1.597324698011413913e-02 -6.336146073966578487e-03 1.643612940663434540e-04
1.607823320162325709e-02 -6.060173392881991125e-03 1.634298568571753384e-04
1.617845168903906880e-02 -5.782493464472620616e-03 1.624499918543571126e-04
1.627387579422831868e-02 -5.503188636099038029e-03 1.614219894129693858e-04
1.636448029016731448e-02 -5.222341631636057829e-03 1.603461541523391268e-04
1.645024137479864437e-02 -4.940035527004787638e-03 1.592228048656918775e-04
1.653113667446970067e-02 -4.656353725725919691e-03 1.580522744256633702e-04
1.660714524696077846e-02 -4.371379934500890622e-03 1.568349096856677595e-04
1.667824758410381067e-02 -4.085198138831133176e-03 1.555710713771359100e-04
1.674442561399764468e-02 -3.797892578673635246e-03 1.542611340026928861e-04
1.680566270278930491e-02 -3.509547724140340587e-03 1.529054857249986343e-04
1.686194365609501242e-02 -3.220248251262025282e-03 1.515045282518967388e-04
1.691325472000481528e-02 -2.930079017802831622e-03 1.500586767173745797e-04
1.695958358167350133e-02 -2.639125039142670420e-03 1.485683595583876663e-04
1.700091936956375782e-02 -2.347471464233542512e-03 1.470340183880857474e-04
1.703725265327426380e-02 -2.055203551635147088e-03 1.454561078648953989e-04
1.706857544299027196e-02 -1.762406645627480730e-03 1.438350955577532328e-04
1.709488118856133942e-02 -1.469166152416814027e-03 1.421714618075772775e-04
1.711616477820739404e-02 -1.175567516436202805e-03 1.404656995849306667e-04
1.713242253686094244e-02 -8.816961967457977774e-04 1.387183143440360938e-04
1.714365222411583234e-02 -5.876376435299311782e-04 1.369298238728023536e-04
1.714985303185589255e-02 -2.934772747120457503e-04 1.351007581395428209e-04
1.715102558150848749e-02 6.995473189787431289e-07 1.332316591359717273e-04
1.714717192092667097e-02 2.948075388696826658e-04 1.313230807164043478e-04
1.713829552096475181e-02 5.887615179738300971e-04 1.293755884338270692e-04
1.712440127168208745e-02 8.824764273010854507e-04 1.273897593722559361e-04
1.710549547821271082e-02 1.175867356936119911e-03 1.253661819756935391e-04
1.708158585630391302e-02 1.468849567018107533e-03 1.233054558737818249e-04
1.705268152752769870e-02 1.761338510249787397e-03 1.212081917041274215e-04
1.701879301417196302e-02 2.053249854259202051e-03 1.190750109314132665e-04
1.697993223378068198e-02 2.344499503815390337e-03 1.169065456630970316e-04
1.693611249341982553e-02 2.635003622900883129e-03 1.147034384622352856e-04
1.688734848360983615e-02 2.924678656629165104e-03 1.124663421570862233e-04
1.683365627193152830e-02 3.213441353007383348e-03 1.101959196475126815e-04
1.677505329636916342e-02 3.501208784540324210e-03 1.078928437087228032e-04
1.671155835832480868e-02 3.787898369678133204e-03 1.055577967918293537e-04
1.664319161534169589e-02 4.073427894100811741e-03 1.031914708216323680e-04
1.656997457354040387e-02 4.357715531826240017e-03 1.007945669915673146e-04
1.649193007977034151e-02 4.640679866170093100e-03 9.836779555596316326e-05
1.640908231348230800e-02 4.922239910517155724e-03 9.591187561961531821e-05
1.632145677829527353e-02 5.202315128929474626e-03 9.342753492455622749e-05
1.622908029332669616e-02 5.480825456579738360e-03 9.091550963456079566e-05
1.613198098423414273e-02 5.757691320003952701e-03 8.837654411696121331e-05
1.603018827396977819e-02 6.032833657180603805e-03 8.581139072200770859e-05
1.592373287331181816e-02 6.306173937424338662e-03 8.322080956001838006e-05
1.581264677110826716e-02 6.577634181106004063e-03 8.060556827610440111e-05
1.569696322426875415e-02 6.847136979178905687e-03 7.796644182271092298e-05
1.557671674750811877e-02 7.114605512525911876e-03 7.530421222994484998e-05
1.545194310284168579e-02 7.379963571121144102e-03 7.261966837388686619e-05
1.532267928884141310e-02 7.643135573002713540e-03 6.991360574284937325e-05
1.518896352962324260e-02 7.904046583049705380e-03 6.718682620155931942e-05
1.505083526363078586e-02 8.162622331578866380e-03 6.444013775364906349e-05
1.490833513216838560e-02 8.418789232746151652e-03 6.167435430220436182e-05
1.476150496768505876e-02 8.672474402746519623e-03 5.889029540853094350e-05
1.461038778185985362e-02 8.923605677834241245e-03 5.608878604936613636e-05
1.445502775344360662e-02 9.172111632139046122e-03 5.327065637240734351e-05
1.429547021587430737e-02 9.417921595285511094e-03 5.043674145028904709e-05
1.413176164467748984e-02 9.660965669817275087e-03 4.758788103316676790e-05
1.396394964465231744e-02 9.901174748424930103e-03 4.472491929985900912e-05
1.379208293684302568e-02 1.013848053097726916e-02 4.184870460772545402e-05
1.361621134527740001e-02 1.037281554133524103e-02 3.896008924124732615e-05
1.343638578352478880e-02 1.060411314398792583e-02 3.605992915948869705e-05
1.325265824103426075e-02 1.083230756047912080e-02 3.314908374249482867e-05
1.306508176925105444e-02 1.105733388561198904e-02 3.022841553657071783e-05
1.287371046755981380e-02 1.127912810348101307e-02 2.729878999873125940e-05
1.267859946900695700e-02 1.149762710327873264e-02 2.436107524027008531e-05
1.247980492582787676e-02 1.171276869489970042e-02 2.141614176945917151e-05
1.227738399477915250e-02 1.192449162433817551e-02 1.846486223363794088e-05
1.207139482227693496e-02 1.213273558888291158e-02 1.550811116063844478e-05
1.186189652935031556e-02 1.233744125210534462e-02 1.254676469960234953e-05
1.164894919637808786e-02 1.253855025861541107e-02 9.581700361409487097e-06
1.143261384766852858e-02 1.273600524863947175e-02 6.613796758610164831e-06
1.121295243583804099e-02 1.292974987236990454e-02 3.643933345089581891e-06
1.099002782599097817e-02 1.311972880408669197e-02 6.729901554802044973e-07
1.076390377974372793e-02 1.330588775609914398e-02 -2.298152455637254524e-06
1.053464493904323653e-02 1.348817349244569967e-02 -5.268614074583970628e-06
1.030231680981656510e-02 1.366653384238289762e-02 -8.237514489474912581e-06
1.006698574543474396e-02 1.384091771366014606e-02 -1.120397395104289191e-05
9.828718930005295173e-03 1.401127510557527434e-02 -1.416711343332992207e-05
9.587584361491478802e-03 1.417755712181280325e-02 -1.712605489414769405e-05
9.343650834635820746e-03 1.433971598303970633e-02 -2.007992153529841362e-05
9.096987923741089652e-03 1.449770503930978942e-02 -2.302783806233269781e-05
8.847665965259222595e-03 1.465147878222257047e-02 -2.596893094397025400e-05
8.595756040208882634e-03 1.480099285684836376e-02 -2.890232867091535574e-05
8.341329956435815721e-03 1.494620407344900669e-02 -3.182716201410275487e-05
8.084460230698295446e-03 1.508707041895038237e-02 -3.474256428230554074e-05
7.825220070584906762e-03 1.522355106818612004e-02 -3.764767157891110803e-05
7.563683356265226386e-03 1.535560639490622832e-02 -4.054162305791780341e-05
7.299924622086131909e-03 1.548319798255664778e-02 -4.342356117904856412e-05
7.034019037999494905e-03 1.560628863482219075e-02 -4.629263196185463570e-05
6.766042390819852932e-03 1.572484238590490108e-02 -4.914798523873077792e-05
6.496071065339779557e-03 1.583882451059517860e-02 -5.198877490687278403e-05
6.224182025277712194e-03 1.594820153408324850e-02 -5.481415917900866569e-05
5.950452794056745875e-03 1.605294124150330459e-02 -5.762330083279028581e-05
5.674961435455518066e-03 1.615301268726732770e-02 -6.041536745892056771e-05
5.397786534080360570e-03 1.624838620412074122e-02 -6.318953170780749714e-05
5.119007175690290512e-03 1.633903341194561584e-02 -6.594497153470150162e-05
4.838702927381553776e-03 1.642492722631270705e-02 -6.868087044332694079e-05
4.556953817607697563e-03 1.650604186677442214e-02 -7.139641772777964568e-05
4.273840316064447288e-03 1.658235286490027799e-02 -7.409080871280348775e-05
3.989443313418003859e-03 1.665383707202003696e-02 -7.676324499219324999e-05
3.703844100893890438e-03 1.672047266673642313e-02 -7.941293466539743780e-05
3.417124349726950640e-03 1.678223916214920813e-02 -8.203909257220504722e-05
3.129366090459152067e-03 1.683911741278584784e-02 -8.464094052532704284e-05
2.840651692111020431e-03 1.689108962129368813e-02 -8.721770754106442222e-05
2.551063841210652466e-03 1.693813934482469447e-02 -8.976863006774501931e-05
2.260685520685097160e-03 1.698025150114020054e-02 -9.229295221198848833e-05
1.969599988624577865e-03 1.701741237443121085e-02 -9.478992596263241955e-05
1.677890756916090159e-03 1.704960962085240450e-02 -9.725881141246791955e-05
1.385641569747057865e-03 1.707683227376598570e-02 -9.969887697749057944e-05
1.092936381983025803e-03 1.709907074866032564e-02 -1.021093996135735086e-04
7.998593374284617861e-04 1.711631684780820159e-02 -1.044896650308394474e-04
5.064947469601401367e-04 1.712856376460182573e-02 -1.068389679053067214e-04
2.129270665500593166e-04 1.713580608756065660e-02 -1.091566120878014064e-04
-8.075912482766544709e-05 1.713803980406904126e-02 -1.114419108103290056e-04
-3.744791474042985014e-04 1.713526230376961196e-02 -1.136941868895796306e-04
-6.681482429262065219e-04 1.712747238164346805e-02 -1.159127729275437433e-04
-9.616815970723343199e-04 1.711467024077070742e-02 -1.180970115092785472e-04
-1.254994361970522294e-03 1.709685749476832356e-02 -1.202462553977456770e-04
-1.548001678814828370e-03 1.707403716990349429e-02 -1.223598677256400920e-04
-1.840618700573261974e-03 1.704621370684415715e-02 -1.244372221839726105e-04
-2.132760614783478937e-03 1.701339296211443544e-02 -1.264777032077767332e-04
-2.424342666442270630e-03 1.697558220918951241e-02 -1.284807061585425459e-04
-2.715280180967198295e-03 1.693279013922681028e-02 -1.304456375032182671e-04
-3.005488587240178096e-03 1.688502686149083443e-02 -1.323719149902415028e-04
-3.294883440729394573e-03 1.683230390339669064e-02 -1.342589678220431303e-04
-3.583380446667535149e-03 1.677463421020364970e-02 -1.361062368241443483e-04
-3.870895483304098630e-03 1.671203214435272241e-02 -1.379131746108546710e-04
-4.157344625213532305e-03 1.664451348444536544e-02 -1.396792457474985789e-04
-4.442644166657027521e-03 1.657209542385979298e-02 -1.414039269091347205e-04
-4.726710644992660262e-03 1.649479656897007498e-02 -1.430867070354652551e-04
-5.009460864128326488e-03 1.641263693703433335e-02 -1.447270874824190261e-04
-5.290811918019958093e-03 1.632563795368354234e-02 -1.463245821699206460e-04
-5.570681214188713710e-03 1.623382245001642535e-02 -1.478787177257627700e-04
-5.848986497279302400e-03 1.613721465934956842e-02 -1.493890336260506632e-04
-6.125645872630045355e-03 1.603584021355180730e-02 -1.508550823316030473e-04
-6.400577829861471384e-03 1.592972613899767270e-02 -1.522764294205559076e-04
-6.673701266472021297e-03 1.581890085212952005e-02 -1.536526537170693804e-04
-6.944935511436441111e-03 1.570339415462775057e-02 -1.549833474161657447e-04
-7.214200348805700942e-03 1.558323722818778095e-02 -1.562681162046470761e-04
-7.481416041282251336e-03 1.545846262887010623e-02 -1.575065793777366433e-04
-7.746503353792460675e-03 1.532910428108578103e-02 -1.586983699520669506e-04
-8.009383577032158294e-03 1.519519747115503049e-02 -1.598431347744278452e-04
-8.269978550967315920e-03 1.505677884044577010e-02 -1.609405346262352508e-04
-8.528210688314353041e-03 1.491388637813440866e-02 -1.619902443242423554e-04
-8.784002997965072515e-03 1.476655941352970382e-02 -1.629919528168310755e-04
-9.037279108357840554e-03 1.461483860798797746e-02 -1.639453632761602147e-04
-9.287963290787954254e-03 1.445876594641220744e-02 -1.648501931861092221e-04
-9.535980482652989948e-03 1.429838472833906172e-02 -1.657061744260356561e-04
-9.781256310623502939e-03 1.413373955860853723e-02 -1.665130533502875900e-04
-1.002371711371268480e-02 1.396487633758732028e-02 -1.672705908631664617e-04
-1.026328996627800388e-02 1.379184225100752934e-02 -1.679785624899568443e-04
-1.049990270090819452e-02 1.361468575936579037e-02 -1.686367584434489441e-04
-1.073348393119182530e-02 1.343345658687761061e-02 -1.692449836859103774e-04
-1.096396307439320358e-02 1.324820571005080536e-02 -1.698030579870899294e-04
-1.119127037398177926e-02 1.305898534579875633e-02 -1.703108159775513564e-04
-1.141533692203389183e-02 1.286584893913979115e-02 -1.707681071976421903e-04
-1.163609468148986414e-02 1.266885115047393026e-02 -1.711747961420832331e-04
-1.185347650826187697e-02 1.246804784242914674e-02 -1.715307623001481683e-04
-1.206741617318411557e-02 1.226349606629564826e-02 -1.718359001914490625e-04
-1.227784838377477851e-02 1.205525404800711180e-02 -1.720901193969796221e-04
-1.248470880584460693e-02 1.184338117373137829e-02 -1.722933445861030176e-04
-1.268793408490630735e-02 1.162793797502255019e-02 -1.724455155388735200e-04
-1.288746186737297142e-02 1.140898611353853738e-02 -1.725465871636857121e-04
-1.308323082157674712e-02 1.118658836536741939e-02 -1.725965295108515193e-04
-1.327518065855527382e-02 1.096080860491323826e-02 -1.725953277813978054e-04
-1.346325215261448376e-02 1.073171178836838588e-02 -1.725429823314227778e-04
-1.364738716165886552e-02 1.049936393677419755e-02 -1.724395086719912541e-04
-1.382752864728226984e-02 1.026383211867145512e-02 -1.722849374645654273e-04
-1.400362069460964025e-02 1.002518443233955774e-02 -1.720793145119983172e-04
-1.417560853185344250e-02 9.783489987614191197e-03 -1.718227007447446428e-04
-1.434343854962929349e-02 9.538818887326980245e-03 -1.715151722030016279e-04
-1.450705831998084019e-02 9.291242208325351665e-03 -1.711568200141771654e-04
-1.466641661509123125e-02 9.040831982091050018e-03 -1.707477503656903018e-04
-1.482146342573525781e-02 8.787661174984976592e-03 -1.702880844737229317e-04
-1.497214997939472214e-02 8.531803668084165376e-03 -1.697779585472208972e-04
-1.511842875806146055e-02 8.273334236638941325e-03 -1.692175237475048008e-04
-1.526025351571614480e-02 8.012328529148972020e-03 -1.686069461434802044e-04
-1.539757929546874127e-02 7.748863046063229551e-03 -1.679464066624525808e-04
-1.553036244636536202e-02 7.483015118113237919e-03 -1.672361010365927981e-04
-1.565856063980722648e-02 7.214862884264362092e-03 -1.664762397447245169e-04
-1.578213288564597055e-02 6.944485269326695735e-03 -1.656670479501474449e-04
-1.590103954788876783e-02 6.671961961199152948e-03 -1.648087654339169990e-04
-1.601524236000342882e-02 6.397373387762208229e-03 -1.639016465235995374e-04
-1.612470443986965818e-02 6.120800693438201850e-03 -1.629459600181218620e-04
-1.622939030430711055e-02 5.842325715408147428e-03 -1.619419891080392613e-04
-1.632926588319780908e-02 5.562030959499098155e-03 -1.608900312916034360e-04
-1.642429853319556793e-02 5.279999575750329854e-03 -1.597903982865965880e-04
-1.651445705101575387e-02 4.996315333666810632e-03 -1.586434159379907611e-04
-1.659971168629382349e-02 4.711062597161953802e-03 -1.574494241214786764e-04
-1.668003415397747990e-02 4.424326299197533195e-03 -1.562087766425456230e-04
-1.675539764630926479e-02 4.136191916137421133e-03 -1.549218411318100937e-04
-1.682577684433332610e-02 3.846745441815406681e-03 -1.535889989360995499e-04
-1.689114792891852415e-02 3.556073361321642617e-03 -1.522106450052599313e-04
-1.695148859135221786e-02 3.264262624533019030e-03 -1.507871877753210539e-04
-1.700677804342427824e-02 2.971400619373798253e-03 -1.493190490474035335e-04
-1.705699702703054876e-02 2.677575144835716951e-03 -1.478066638626928189e-04
-1.710212782328755093e-02 2.382874383753973580e-03 -1.462504803735452266e-04
-1.714215426114816879e-02 2.087386875352842397e-03 -1.446509597106955633e-04
-1.717706172551778168e-02 1.791201487577118948e-03 -1.430085758466974983e-04
-1.720683716482791087e-02 1.494407389199380954e-03 -1.413238154552790959e-04
-1.723146909813217872e-02 1.197094021742356939e-03 -1.395971777673061772e-04
-1.725094762165893525e-02 8.993510711997247751e-04 -1.378291744228449668e-04
-1.726526441481304394e-02 6.012684395814153933e-04 -1.360203293193811339e-04
-1.727441274568406945e-02 3.029362162905962878e-04 -1.341711784567768218e-04
-1.727838747598386265e-02 4.444649339215219336e-06 -1.322822697783517898e-04
-1.727718506544325891e-02 -2.941158835802910312e-04 -1.303541630085161421e-04
-1.727080357566111377e-02 -5.926549041634659619e-04 -1.283874294869041734e-04
-1.725924267340127674e-02 -8.910818626806867081e-04 -1.263826519990847105e-04
-1.724250363333525507e-02 -1.189306167286610996e-03 -1.243404246039477511e-04
-1.722058934019216406e-02 -1.487237213423256259e-03 -1.222613524575028813e-04
-1.719350429038359399e-02 -1.784784413316466535e-03 -1.201460516336942528e-04
-1.716125459303794246e-02 -2.081857225550032536e-03 -1.179951489418474327e-04
-1.712384797044294235e-02 -2.378365184707429379e-03 -1.158092817408134341e-04
-1.708129375795203533e-02 -2.674217931064751773e-03 -1.135890977502201086e-04
-1.703360290328320703e-02 -2.969325240327210912e-03 -1.113352548585192073e-04
-1.698078796524286893e-02 -3.263597053395907079e-03 -1.090484209280030822e-04
-1.692286311186743872e-02 -3.556943506147755563e-03 -1.067292735969016185e-04
-1.685984411798579011e-02 -3.849274959227065151e-03 -1.043785000786092283e-04
-1.679174836219841579e-02 -4.140502027821123775e-03 -1.019967969580960239e-04
-1.671859482324210278e-02 -4.430535611419583568e-03 -9.958486998536463322e-05
-1.664040407580725037e-02 -4.719286923539863995e-03 -9.714343386642409887e-05
-1.655719828574675825e-02 -5.006667521409434961e-03 -9.467321205152639618e-05
-1.646900120467991932e-02 -5.292589335579991200e-03 -9.217493652067088419e-05
-1.637583816404440673e-02 -5.576964699480920461e-03 -8.964934756681542489e-05
-1.627773606853673977e-02 -5.859706378883057856e-03 -8.709719357649915966e-05
-1.617472338896748518e-02 -6.140727601262932142e-03 -8.451923080801824128e-05
-1.606683015453469476e-02 -6.419942085059304748e-03 -8.191622316736602244e-05
-1.595408794451607173e-02 -6.697264068809137723e-03 -7.928894198188480517e-05
-1.583652987938240567e-02 -6.972608340145304215e-03 -7.663816577171497931e-05
-1.571419061130500602e-02 -7.245890264638016852e-03 -7.396468001903458412e-05
-1.558710631412135381e-02 -7.517025814488481096e-03 -7.126927693536474801e-05
-1.545531467270792186e-02 -7.785931597042996914e-03 -6.855275522684031123e-05
-1.531885487176537150e-02 -8.052524883107757200e-03 -6.581591985744049509e-05
-1.517776758406815321e-02 -8.316723635084075431e-03 -6.305958181056269332e-05
-1.503209495812573779e-02 -8.578446534878764532e-03 -6.028455784866230439e-05
-1.488188060528662475e-02 -8.837613011588871595e-03 -5.749167027122541315e-05
-1.472716958628616200e-02 -9.094143268954692563e-03 -5.468174667111400371e-05
-1.456800839724647564e-02 -9.347958312557665475e-03 -5.185561968932469323e-05
-1.440444495513347987e-02 -9.598979976766704517e-03 -4.901412676829983210e-05
-1.423652858264476927e-02 -9.847130951389889558e-03 -4.615810990369913197e-05
-1.406430999259721329e-02 -1.009233480805986349e-02 -4.328841539495044822e-05
-1.388784127176827775e-02 -1.033451602631877894e-02 -4.040589359449079201e-05
-1.370717586419343235e-02 -1.057360001937232563e-02 -3.751139865572519191e-05
-1.352236855398281437e-02 -1.080951315955100758e-02 -3.460578827997327672e-05
-1.333347544760068830e-02 -1.104218280342209556e-02 -3.168992346229984819e-05
-1.314055395564321833e-02 -1.127153731655621167e-02 -2.876466823638673792e-05
-1.294366277412508336e-02 -1.149750609794066361e-02 -2.583088941847675994e-05
-1.274286186527375138e-02 -1.172001960403151397e-02 -2.288945635055243005e-05
-1.253821243785000969e-02 -1.193900937242681204e-02 -1.994124064272485397e-05
-1.232977692697231377e-02 -1.215440804513352735e-02 -1.698711591492275630e-05
-1.211761897350056329e-02 -1.236614939146491420e-02 -1.402795753806417557e-05
-1.190180340295870533e-02 -1.257416833051529237e-02 -1.106464237463844821e-05
-1.168239620398724143e-02 -1.277840095319910524e-02 -8.098048518884879478e-06
-1.145946450638958905e-02 -1.297878454389483904e-02 -5.129055036579569268e-06
-1.123307655872997357e-02 -1.317525760162550214e-02 -2.158541704580028513e-06
-1.100330170551061006e-02 -1.336775986079878110e-02 8.126112499164414737e-07
-1.077021036394714033e-02 -1.355623231148997236e-02 3.783523410163726674e-06
-1.053387400034084750e-02 -1.374061721925934690e-02 6.753314430764718533e-06
-1.029436510606611399e-02 -1.392085814450483294e-02 9.721104298554189208e-06
-1.005175717316221344e-02 -1.409689996130332988e-02 1.268601359334048674e-05
-9.806124669581127787e-03 -1.426868887579668156e-02 1.564716374851265153e-05
-9.557543014062953868e-03 -1.443617244406188854e-02 1.860367731137184221e-05
-9.306088550659938341e-03 -1.459929958946084259e-02 2.155467820314308704e-05
-9.051838522941543785e-03 -1.475802061950698234e-02 2.449929197857737378e-05
-8.794871047867211175e-03 -1.491228724219081925e-02 2.743664608505665318e-05
-8.535265089341586425e-03 -1.506205258177990315e-02 3.036587012117579281e-05
-8.273100431476526628e-03 -1.520727119408722856e-02 3.328609609462460052e-05
-8.008457651566450175e-03 -1.534789908120265216e-02 3.619645867942022780e-05
-7.741418092782684224e-03 -1.548389370568285274e-02 3.909609547234008250e-05
-7.472063836599025441e-03 -1.561521400416483220e-02 4.198414724840485163e-05
-7.200477674976780464e-03 -1.574182040045585956e-02 4.485975821553850974e-05
-6.926743082304267531e-03 -1.586367481804938293e-02 4.772207626817139958e-05
-6.650944187102797445e-03 -1.598074069205259948e-02 5.057025323967278093e-05
-6.373165743529103817e-03 -1.609298298058297466e-02 5.340344515374272842e-05
-6.093493102671084481e-03 -1.620036817556307074e-02 5.622081247447546819e-05
-5.812012183651924478e-03 -1.630286431294077770e-02 5.902152035512920052e-05
-5.528809444559941791e-03 -1.640044098233172862e-02 6.180473888551393726e-05
-5.243971853217704870e-03 -1.649306933607816786e-02 6.456964333790276439e-05
-4.957586857797721680e-03 -1.658072209772631228e-02 6.731541441145487447e-05
-4.669742357298218086e-03 -1.666337356988541532e-02 7.004123847492729434e-05
-4.380526671899932431e-03 -1.674099964153350287e-02 7.274630780781661359e-05
-4.090028513210860854e-03 -1.681357779471158789e-02 7.542982083972324479e-05
-3.798336954406110379e-03 -1.688108711060331071e-02 7.809098238779665956e-05
-3.505541400289467844e-03 -1.694350827505782323e-02 8.072900389244863867e-05
-3.211731557281454711e-03 -1.700082358348743022e-02 8.334310365097188423e-05
-2.916997403346587199e-03 -1.705301694517235081e-02 8.593250704919816398e-05
-2.621429157872540334e-03 -1.710007388696998393e-02 8.849644679100980300e-05
-2.325117251523684068e-03 -1.714198155642985069e-02 9.103416312571533785e-05
-2.028152296066080152e-03 -1.717872872431595171e-02 9.354490407322384724e-05
-1.730625054189848530e-03 -1.721030578650395784e-02 9.602792564678320239e-05
-1.432626409337422677e-03 -1.723670476532351142e-02 9.848249207351305017e-05
-1.134247335548621777e-03 -1.725791931028751100e-02 1.009078760124379785e-04
-8.355788673398838488e-04 -1.727394469820973943e-02 1.033033587699143136e-04
-5.367120696195816455e-04 -1.728477783277320573e-02 1.056682305127096743e-04
-2.377380076750501905e-04 -1.729041724348169204e-02 1.080017904783102075e-04
6.125228278931025444e-05 -1.729086308403078934e-02 1.103033471825247988e-04
3.601678255188359027e-04 -1.728611713009964648e-02 1.125722186244248031e-04
6.589177334848613562e-04 -1.727618277656657597e-02 1.148077324884265899e-04
9.574112385629629214e-04 -1.726106503415390445e-02 1.170092263435597844e-04
1.255557721080542092e-03 -1.724077052547209887e-02 1.191760478396515233e-04
1.553266739243390005e-03 -1.721530748053663046e-02 1.213075549007230501e-04
1.850448058418683716e-03 -1.718468573170323782e-02 1.234031159152743789e-04
2.147011680261191879e-03 -1.714891670802348722e-02 1.254621099233069604e-04
2.442867871682367822e-03 -1.710801342908858241e-02 1.274839268004690919e-04
2.737927193633536531e-03 -1.706199049829493219e-02 1.294679674387979890e-04
3.032100529709355185e-03 -1.701086409557131529e-02 1.314136439242385122e-04
3.325299114552912605e-03 -1.695465196957110163e-02 1.333203797108401944e-04
3.617434562043224996e-03 -1.689337342933584438e-02 1.351876097916209169e-04
3.908418893278465395e-03 -1.682704933543788597e-02 1.370147808660693149e-04
4.198164564313666865e-03 -1.675570209057442028e-02 1.388013515039068747e-04
4.486584493666161827e-03 -1.667935562969066407e-02 1.405467923057003696e-04
4.773592089575062758e-03 -1.659803540957533255e-02 1.422505860597200018e-04
5.059101276988888299e-03 -1.651176839794083959e-02 1.439122278950503791e-04
5.343026524294021244e-03 -1.642058306205144980e-02 1.455312254313675697e-04
5.625282869759641591e-03 -1.632450935683425405e-02 1.471070989247733746e-04
5.905785947699588277e-03 -1.622357871252948572e-02 1.486393814099688186e-04
6.184452014323925731e-03 -1.611782402185499979e-02 1.501276188385229410e-04
6.461197973304130121e-03 -1.600727962673623508e-02 1.515713702135720409e-04
6.735941401012754751e-03 -1.589198130457222108e-02 1.529702077204823289e-04
7.008600571436630899e-03 -1.577196625403269256e-02 1.543237168534706194e-04
7.279094480771373075e-03 -1.564727308045825091e-02 1.556314965385659753e-04
7.547342871673081224e-03 -1.551794178081461473e-02 1.568931592524721750e-04
7.813266257155294589e-03 -1.538401372821265704e-02 1.581083311372327715e-04
8.076785944151079755e-03 -1.524553165605134833e-02 1.592766521111895351e-04
8.337824056707108383e-03 -1.510253964174475966e-02 1.603977759756952421e-04
8.596303558798404701e-03 -1.495508309003521809e-02 1.614713705174930427e-04
8.852148276795538534e-03 -1.480320871596429826e-02 1.624971176073834397e-04
9.105282921529423215e-03 -1.464696452743745499e-02 1.634747132943321695e-04
9.355633109991334101e-03 -1.448639980745098851e-02 1.644038678957022775e-04
9.603125386618152973e-03 -1.432156509593045593e-02 1.652843060828573275e-04
9.847687244207040808e-03 -1.415251217126485203e-02 1.661157669629611763e-04
1.008924714441797495e-02 -1.397929403148432184e-02 1.668980041562865755e-04
1.032773453785593674e-02 -1.380196487509625057e-02 1.676307858690058764e-04
1.056307988376988319e-02 -1.362058008164344740e-02 1.683138949621187225e-04
1.079521466931147693e-02 -1.343519619192252643e-02 1.689471290156225876e-04
1.102407142839710585e-02 -1.324587088793291630e-02 1.695303003886655050e-04
1.124958376011568270e-02 -1.305266297250732774e-02 1.700632362749086022e-04
1.147168634674581265e-02 -1.285563234870402971e-02 1.705457787539469360e-04
1.169031497132481424e-02 -1.265483999891126726e-02 1.709777848381021411e-04
1.190540653477002719e-02 -1.245034796368366808e-02 1.713591265145971354e-04
1.211689907259251228e-02 -1.224221932036042432e-02 1.716896907836629800e-04
1.232473177115799012e-02 -1.203051816143016310e-02 1.719693796920240575e-04
1.252884498349525824e-02 -1.181530957266182895e-02 1.721981103617480134e-04
1.272918024468727878e-02 -1.159665961103847030e-02 1.723758150149994745e-04
1.292568028680396441e-02 -1.137463528247762388e-02 1.725024409941325375e-04
1.311828905337250779e-02 -1.114930451933363216e-02 1.725779507770712885e-04
1.330695171343217707e-02 -1.092073615774483489e-02 1.726023219886721873e-04
1.349161467511162532e-02 -1.068899991477896896e-02 1.725755474071844755e-04
1.367222559878146677e-02 -1.045416636542869336e-02 1.724976349665599887e-04
1.384873340972114959e-02 -1.021630691942210754e-02 1.723686077538587411e-04
1.402108831037869770e-02 -9.975493797918438127e-03 1.721885040026277850e-04
1.418924179215230556e-02 -9.731800010044481392e-03 1.719573770815744957e-04
1.435314664671082791e-02 -9.485299329290706669e-03 1.716752954785279422e-04
1.451275697689947616e-02 -9.236066269815533872e-03 1.713423427803884382e-04
1.466802820715481202e-02 -8.984176062610470595e-03 1.709586176481924099e-04
1.481891709351016231e-02 -8.729704631585072025e-03 1.705242337880442309e-04
1.496538173310548586e-02 -8.472728569534132212e-03 1.700393199171767913e-04
1.510738157329551308e-02 -8.213325114047374462e-03 1.695040197260380861e-04
1.524487742029202557e-02 -7.951572123327676697e-03 1.689184918356999049e-04
1.537783144734014736e-02 -7.687548051936899003e-03 1.682829097506595298e-04
1.550620720248867442e-02 -7.421331926500062195e-03 1.675974618076098816e-04
1.562996961589935979e-02 -7.153003321350435637e-03 1.668623511196163083e-04
1.574908500670321732e-02 -6.882642334124960785e-03 1.660777955157713014e-04
1.586352108945117759e-02 -6.610329561346627025e-03 1.652440274768308883e-04
1.597324698011321278e-02 -6.336146073966169960e-03 1.643612940663346990e-04
1.607823320162378444e-02 -6.060173392882269548e-03 1.634298568571808678e-04
1.617845168903824307e-02 -5.782493464472322243e-03 1.624499918543473277e-04
1.627387579422640354e-02 -5.503188636098331997e-03 1.614219894129522825e-04
1.636448029016989922e-02 -5.222341631636900038e-03 1.603461541523634943e-04
1.645024137480111809e-02 -4.940035527005493671e-03 1.592228048657139952e-04
1.653113667446782023e-02 -4.656353725725375856e-03 1.580522744256464566e-04
1.660714524695981742e-02 -4.371379934500686792e-03 1.568349096856609291e-04
1.667824758410434496e-02 -4.085198138831345679e-03 1.555710713771381597e-04
1.674442561399677037e-02 -3.797892578673370701e-03 1.542611340026856491e-04
1.680566270278721283e-02 -3.509547724140034408e-03 1.529054857249816394e-04
1.686194365609816267e-02 -3.220248251262620726e-03 1.515045282519237083e-04
1.691325472000567917e-02 -2.930079017803163387e-03 1.500586767173825756e-04
1.695958358167173191e-02 -2.639125039142048955e-03 1.485683595583711051e-04
1.700091936956422273e-02 -2.347471464233755450e-03 1.470340183880913581e-04
1.703725265327466279e-02 -2.055203551635402092e-03 1.454561078648988141e-04
1.706857544298848520e-02 -1.762406645627251096e-03 1.438350955577379184e-04
1.709488118856228311e-02 -1.469166152416788657e-03 1.421714618075838369e-04
1.711616477821056165e-02 -1.175567516436211261e-03 1.404656995849581783e-04
1.713242253685881566e-02 -8.816961967458742137e-04 1.387183143440193158e-04
1.714365222411496845e-02 -5.876376435298630903e-04 1.369298238727938155e-04
1.714985303185640603e-02 -2.934772747121137297e-04 1.351007581395477811e-04
1.715102558150753340e-02 6.995473190637423557e-07 1.332316591359644902e-04
1.714717192092477319e-02 2.948075388697591562e-04 1.313230807163900092e-04
1.713829552096734002e-02 5.887615179736941382e-04 1.293755884338463409e-04
1.712440127168471729e-02 8.824764273013234331e-04 1.273897593722753705e-04
1.710549547821068467e-02 1.175867356936119911e-03 1.253661819756779537e-04
1.708158585630322607e-02 1.468849567017860985e-03 1.233054558737776236e-04
1.705268152752757380e-02 1.761338510249880638e-03 1.212081917041262695e-04
1.701879301417307325e-02 2.053249854259516470e-03 1.190750109314213845e-04
1.697993223378172281e-02 2.344499503815101506e-03 1.169065456631043770e-04
1.693611249341983940e-02 2.635003622901018871e-03 1.147034384622345674e-04
1.688734848360887858e-02 2.924678656629146889e-03 1.124663421570780376e-04
1.683365627193013705e-02 3.213441353007051582e-03 1.101959196475045907e-04
1.677505329636984691e-02 3.501208784540383191e-03 1.078928437087274246e-04
1.671155835832419112e-02 3.787898369678235119e-03 1.055577967918252202e-04
1.664319161534293795e-02 4.073427894100939244e-03 1.031914708216384802e-04
1.656997457354127817e-02 4.357715531826587829e-03 1.007945669915748905e-04
1.649193007977041089e-02 4.640679866170083559e-03 9.836779555596634811e-05
1.640908231348134350e-02 4.922239910516747197e-03 9.591187561960720024e-05
1.632145677829416330e-02 5.202315128929569168e-03 9.342753492455084714e-05
1.622908029332683841e-02 5.480825456579474682e-03 9.091550963456137841e-05
1.613198098423503438e-02 5.757691320004539905e-03 8.837654411696580761e-05
1.603018827397099944e-02 6.032833657180875289e-03 8.581139072201268236e-05
1.592373287331116244e-02 6.306173937423981309e-03 8.322080956001220010e-05
1.581264677110881881e-02 6.577634181106314579e-03 8.060556827610913095e-05
1.569696322426766474e-02 6.847136979178222206e-03 7.796644182270561039e-05
1.557671674750716641e-02 7.114605512525776568e-03 7.530421222993861582e-05
1.545194310284157477e-02 7.379963571120991446e-03 7.261966837388945473e-05
1.532267928884251465e-02 7.643135573003379674e-03 6.991360574285507886e-05
1.518896352962405619e-02 7.904046583050260491e-03 6.718682620156104059e-05
1.505083526363068004e-02 8.162622331578727602e-03 6.444013775364766758e-05
1.490833513216773855e-02 8.418789232745835932e-03 6.167435430220177329e-05
1.476150496768384446e-02 8.672474402745695629e-03 5.889029540852634920e-05
1.461038778186034628e-02 8.923605677834584721e-03 5.608878604936799305e-05
1.445502775344315038e-02 9.172111632138777240e-03 5.327065637240481597e-05
1.429547021587545749e-02 9.417921595286187636e-03 5.043674145029442745e-05
1.413176164467824444e-02 9.660965669817700094e-03 4.758788103317100984e-05
1.396394964465229142e-02 9.901174748425087963e-03 4.472491929985650190e-05
1.379208293684208199e-02 1.013848053097674527e-02 4.184870460772252668e-05
1.361621134527678592e-02 1.037281554133444653e-02 3.896008924124692635e-05
1.343638578352462747e-02 1.060411314398808369e-02 3.605992915948756541e-05
1.325265824103495464e-02 1.083230756047985285e-02 3.314908374249682767e-05
1.306508176925221150e-02 1.105733388561275579e-02 3.022841553657191045e-05
1.287371046755911817e-02 1.127912810348052214e-02 2.729878999872853873e-05
1.267859946900753640e-02 1.149762710327925132e-02 2.436107524027420867e-05
1.247980492582691225e-02 1.171276869489874112e-02 2.141614176945737241e-05
1.227738399477841698e-02 1.192449162433761173e-02 1.846486223363474926e-05
1.207139482227694016e-02 1.213273558888290637e-02 1.550811116063545645e-05
1.186189652935110139e-02 1.233744125210585983e-02 1.254676469960799585e-05
1.164894919637877654e-02 1.253855025861636517e-02 9.581700361409751371e-06
1.143261384766833255e-02 1.273600524863965043e-02 6.613796758607242568e-06
1.121295243583748762e-02 1.292974987236900769e-02 3.643933345092901413e-06
1.099002782599032418e-02 1.311972880408562858e-02 6.729901554774156413e-07
1.076390377974394998e-02 1.330588775609975113e-02 -2.298152455636192345e-06
1.053464493904279591e-02 1.348817349244496068e-02 -5.268614074583571675e-06
1.030231680981735266e-02 1.366653384238403907e-02 -8.237514489478698818e-06
1.006698574543522275e-02 1.384091771366112791e-02 -1.120397395104176366e-05
9.828718930005433951e-03 1.401127510557504362e-02 -1.416711343332806368e-05
9.587584361490772769e-03 1.417755712181206947e-02 -1.712605489414995393e-05
9.343650834635324615e-03 1.433971598303889275e-02 -2.007992153529662130e-05
9.096987923741063631e-03 1.449770503930951186e-02 -2.302783806233210149e-05
8.847665965259878321e-03 1.465147878222354885e-02 -2.596893094397271040e-05
8.595756040209494991e-03 1.480099285684952776e-02 -2.890232867091435963e-05
8.341329956435111423e-03 1.494620407344848974e-02 -3.182716201410368322e-05
8.084460230698942498e-03 1.508707041895107105e-02 -3.474256428230905762e-05
7.825220070584178178e-03 1.522355106818482247e-02 -3.764767157890619524e-05
7.563683356264695561e-03 1.535560639490537484e-02 -4.054162305791707835e-05
7.299924622086246401e-03 1.548319798255666686e-02 -4.342356117904696492e-05
7.034019037999906902e-03 1.560628863482318822e-02 -4.629263196185862692e-05
6.766042390820481769e-03 1.572484238590583089e-02 -4.914798523873316317e-05
6.496071065339770016e-03 1.583882451059524105e-02 -5.198877490687278403e-05
6.224182025276998355e-03 1.594820153408213134e-02 -5.481415917900647695e-05
5.950452794056330409e-03 1.605294124150250315e-02 -5.762330083278790056e-05
5.674961435455485106e-03 1.615301268726694259e-02 -6.041536745891890075e-05
5.397786534081219258e-03 1.624838620412315596e-02 -6.318953170781333828e-05
5.119007175690469189e-03 1.633903341194674341e-02 -6.594497153470872512e-05
4.838702927380865958e-03 1.642492722631065660e-02 -6.868087044332176372e-05
4.556953817608181551e-03 1.650604186677555665e-02 -7.139641772777923911e-05
4.273840316064157589e-03 1.658235286489876184e-02 -7.409080871279883924e-05
3.989443313417868550e-03 1.665383707201929450e-02 -7.676324499219177276e-05
3.703844100893746456e-03 1.672047266673627047e-02 -7.941293466539486282e-05
3.417124349727273733e-03 1.678223916215025591e-02 -8.203909257221330071e-05
3.129366090459160740e-03 1.683911741278711766e-02 -8.464094052533307371e-05
2.840651692110791014e-03 1.689108962129302546e-02 -8.721770754105843200e-05
2.551063841210856730e-03 1.693813934482539876e-02 -8.976863006775079269e-05
2.260685520684850829e-03 1.698025150113887521e-02 -9.229295221198077694e-05
1.969599988624374035e-03 1.701741237443026716e-02 -9.478992596262683591e-05
1.677890756916022071e-03 1.704960962085233858e-02 -9.725881141246707929e-05
1.385641569747397654e-03 1.707683227376709245e-02 -9.969887697750021529e-05
1.092936381983111022e-03 1.709907074866136301e-02 -1.021093996135790109e-04
7.998593374281558243e-04 1.711631684780823975e-02 -1.044896650308389731e-04
5.064947469603696623e-04 1.712856376460064611e-02 -1.068389679053029944e-04
2.129270665501613129e-04 1.713580608755982393e-02 -1.091566120877906457e-04
-8.075912482776744341e-05 1.713803980406849309e-02 -1.114419108103245604e-04
-3.744791474045533431e-04 1.713526230377216547e-02 -1.136941868895985499e-04
-6.681482429261301941e-04 1.712747238164480379e-02 -1.159127729275527286e-04
-9.616815970721899042e-04 1.711467024076848004e-02 -1.180970115092651031e-04
-1.254994361970836712e-03 1.709685749476956562e-02 -1.202462553977527108e-04
-1.548001678814760499e-03 1.707403716990190182e-02 -1.223598677256293313e-04
-1.840618700573091321e-03 1.704621370684328285e-02 -1.244372221839639640e-04
-2.132760614783563938e-03 1.701339296211442156e-02 -1.264777032077780072e-04
-2.424342666442431959e-03 1.697558220919050814e-02 -1.284807061585535235e-04
-2.715280180967053879e-03 1.693279013922810092e-02 -1.304456375032247994e-04
-3.005488587240279577e-03 1.688502686149020646e-02 -1.323719149902377352e-04
-3.294883440729708558e-03 1.683230390339731167e-02 -1.342589678220479008e-04
-3.583380446667220730e-03 1.677463421020223763e-02 -1.361062368241341026e-04
-3.870895483303945107e-03 1.671203214435187240e-02 -1.379131746108474069e-04
-4.157344625213252147e-03 1.664451348444533421e-02 -1.396792457474964105e-04
-4.442644166657691053e-03 1.657209542386076095e-02 -1.414039269091457794e-04
-4.726710644992880572e-03 1.649479656897118174e-02 -1.430867070354731698e-04
-5.009460864128156485e-03 1.641263693703431253e-02 -1.447270874824179961e-04
-5.290811918019746457e-03 1.632563795368244253e-02 -1.463245821699126501e-04
-5.570681214188406664e-03 1.623382245001568983e-02 -1.478787177257553161e-04
-5.848986497279029181e-03 1.613721465934901331e-02 -1.493890336260445646e-04
-6.125645872630995983e-03 1.603584021355413530e-02 -1.508550823316278755e-04
-6.400577829861989199e-03 1.592972613899893211e-02 -1.522764294205675086e-04
-6.673701266471272764e-03 1.581890085212757716e-02 -1.536526537170506508e-04
-6.944935511436814944e-03 1.570339415462878099e-02 -1.549833474161763157e-04
-7.214200348805200474e-03 1.558323722818615552e-02 -1.562681162046320057e-04
-7.481416041281741328e-03 1.545846262886944877e-02 -1.575065793777292978e-04
-7.746503353792167507e-03 1.532910428108563358e-02 -1.586983699520663272e-04
-8.009383577033056881e-03 1.519519747115600887e-02 -1.598431347744380909e-04
-8.269978550967775621e-03 1.505677884044704512e-02 -1.609405346262460929e-04
-8.528210688313917626e-03 1.491388637813373039e-02 -1.619902443242355792e-04
-8.784002997965693546e-03 1.476655941353033005e-02 -1.629919528168385023e-04
-9.037279108356987070e-03 1.461483860798662437e-02 -1.639453632761471501e-04
-9.287963290787506696e-03 1.445876594641127763e-02 -1.648501931861002503e-04
-9.535980482653244952e-03 1.429838472833920224e-02 -1.657061744260346803e-04
-9.781256310623957437e-03 1.413373955860956072e-02 -1.665130533502990555e-04
-1.002371711371320868e-02 1.396487633758817550e-02 -1.672705908631767345e-04
-1.026328996627818603e-02 1.379184225100750505e-02 -1.679785624899560582e-04
-1.049990270090741390e-02 1.361468575936472351e-02 -1.686367584434376142e-04
-1.073348393119130662e-02 1.343345658687702948e-02 -1.692449836859021917e-04
-1.096396307439272653e-02 1.324820571005038035e-02 -1.698030579870848608e-04
-1.119127037398339256e-02 1.305898534580052922e-02 -1.703108159775772960e-04
-1.141533692203486328e-02 1.286584893914108005e-02 -1.707681071976550923e-04
-1.163609468148844688e-02 1.266885115047216778e-02 -1.711747961420611425e-04
-1.185347650826260382e-02 1.246804784242986144e-02 -1.715307623001606908e-04
-1.206741617318327076e-02 1.226349606629468549e-02 -1.718359001914327995e-04
-1.227784838377415227e-02 1.205525404800652893e-02 -1.720901193969708671e-04
-1.248470880584437968e-02 1.184338117373126553e-02 -1.722933445861026653e-04
-1.268793408490713828e-02 1.162793797502321286e-02 -1.724455155388835488e-04
-1.288746186737392205e-02 1.140898611353934923e-02 -1.725465871636989936e-04
-1.308323082157631344e-02 1.118658836536700132e-02 -1.725965295108451497e-04
-1.327518065855579424e-02 1.096080860491364245e-02 -1.725953277814042564e-04
-1.346325215261349496e-02 1.073171178836748556e-02 -1.725429823314093608e-04
-1.364738716165799295e-02 1.049936393677387142e-02 -1.724395086719815776e-04
-1.382752864728222300e-02 1.026383211867128338e-02 -1.722849374645648852e-04
-1.400362069461078690e-02 1.002518443233987692e-02 -1.720793145120094302e-04
-1.417560853185407914e-02 9.783489987615421116e-03 -1.718227007447550782e-04
-1.434343854962943920e-02 9.538818887326768609e-03 -1.715151722030018447e-04
-1.450705831998002661e-02 9.291242208324494711e-03 -1.711568200141658355e-04
-1.466641661509043154e-02 9.040831982090671848e-03 -1.707477503656817095e-04
-1.482146342573452055e-02 8.787661174984659138e-03 -1.702880844737174294e-04
-1.497214997939699116e-02 8.531803668085501113e-03 -1.697779585472468367e-04
-1.511842875806292986e-02 8.273334236639548478e-03 -1.692175237475176486e-04
-1.526025351571408221e-02 8.012328529147913839e-03 -1.686069461434581951e-04
-1.539757929546983761e-02 7.748863046063739560e-03 -1.679464066624647509e-04
-1.553036244636389618e-02 7.483015118112350608e-03 -1.672361010365762640e-04
-1.565856063980642157e-02 7.214862884264030760e-03 -1.664762397447167106e-04
-1.578213288564588035e-02 6.944485269326865738e-03 -1.656670479501472009e-04
-1.590103954788969071e-02 6.671961961199492953e-03 -1.648087654339266755e-04
-1.601524236000470558e-02 6.397373387762879567e-03 -1.639016465236121142e-04
-1.612470443986909266e-02 6.120800693437938172e-03 -1.629459600181150315e-04
-1.622939030430764137e-02 5.842325715408172582e-03 -1.619419891080459020e-04
-1.632926588319648376e-02 5.562030959498810191e-03 -1.608900312915911303e-04
-1.642429853319479077e-02 5.279999575749871020e-03 -1.597903982865862881e-04
-1.651445705101571917e-02 4.996315333666708283e-03 -1.586434159379902732e-04
-1.659971168629484350e-02 4.711062597162208807e-03 -1.574494241214903316e-04
-1.668003415397849645e-02 4.424326299197670238e-03 -1.562087766425544321e-04
-1.675539764630936887e-02 4.136191916137617157e-03 -1.549218411318108526e-04
-1.682577684433214649e-02 3.846745441814777410e-03 -1.535889989360887892e-04
-1.689114792891769148e-02 3.556073361321829968e-03 -1.522106450052520708e-04
-1.695148859135176336e-02 3.264262624533061097e-03 -1.507871877753171779e-04
-1.700677804342673460e-02 2.971400619374026802e-03 -1.493190490474248652e-04
-1.705699702703184287e-02 2.677575144836226960e-03 -1.478066638627049620e-04
-1.710212782328535824e-02 2.382874383753072825e-03 -1.462504803735256026e-04
-1.714215426114939697e-02 2.087386875353318579e-03 -1.446509597107058904e-04
-1.717706172551621002e-02 1.791201487576991229e-03 -1.430085758466842982e-04
-1.720683716482701575e-02 1.494407389199219408e-03 -1.413238154552710728e-04
-1.723146909813214750e-02 1.197094021742569009e-03 -1.395971777673062043e-04
-1.725094762165994833e-02 8.993510711994952495e-04 -1.378291744228531254e-04
-1.726526441481436927e-02 6.012684395813899145e-04 -1.360203293193925993e-04
-1.727441274568343108e-02 3.029362162905962878e-04 -1.341711784567700997e-04
-1.727838747598451838e-02 4.444649339223719311e-06 -1.322822697783573192e-04
-1.727718506544189542e-02 -2.941158835802230517e-04 -1.303541630085070077e-04
-1.727080357566015620e-02 -5.926549041636189428e-04 -1.283874294868942530e-04
-1.725924267340123164e-02 -8.910818626806101634e-04 -1.263826519990844666e-04
-1.724250363333636182e-02 -1.189306167286551582e-03 -1.243404246039579155e-04
-1.722058934019319795e-02 -1.487237213423579351e-03 -1.222613524575096847e-04
-1.719350429038362521e-02 -1.784784413316398448e-03 -1.201460516336928298e-04
-1.716125459303681142e-02 -2.081857225549862966e-03 -1.179951489418400602e-04
-1.712384797044206805e-02 -2.378365184707480120e-03 -1.158092817408064816e-04
-1.708129375795147328e-02 -2.674217931064615597e-03 -1.135890977502179266e-04
-1.703360290328575360e-02 -2.969325240327499744e-03 -1.113352548585369882e-04
-1.698078796524420120e-02 -3.263597053396374587e-03 -1.090484209280115661e-04
-1.692286311186526684e-02 -3.556943506147151879e-03 -1.067292735968850708e-04
-1.685984411798696278e-02 -3.849274959227268981e-03 -1.043785000786181730e-04
-1.679174836219683026e-02 -4.140502027821268624e-03 -1.019967969580854529e-04
-1.671859482324120419e-02 -4.430535611419082233e-03 -9.958486998535896826e-05
-1.664040407580719139e-02 -4.719286923539752106e-03 -9.714343386642529149e-05
-1.655719828574787542e-02 -5.006667521409700373e-03 -9.467321205153039418e-05
-1.646900120468118220e-02 -5.292589335580195897e-03 -9.217493652067640006e-05
-1.637583816404370590e-02 -5.576964699481047096e-03 -8.964934756681477437e-05
-1.627773606853736080e-02 -5.859706378883260819e-03 -8.709719357649983729e-05
-1.617472338896625700e-02 -6.140727601262353612e-03 -8.451923080801273895e-05
-1.606683015453376842e-02 -6.419942085059152093e-03 -8.191622316736190247e-05
-1.595408794451594336e-02 -6.697264068809098692e-03 -7.928894198188262321e-05
-1.583652987938352977e-02 -6.972608340145865398e-03 -7.663816577172289399e-05
-1.571419061130607114e-02 -7.245890264638260581e-03 -7.396468001903743015e-05
-1.558710631412118901e-02 -7.517025814488635486e-03 -7.126927693536507327e-05
-1.545531467270691399e-02 -7.785931597042622214e-03 -6.855275522683499864e-05
-1.531885487176463598e-02 -8.052524883107174333e-03 -6.581591985743903141e-05
-1.517776758406765361e-02 -8.316723635083770119e-03 -6.305958181056061978e-05
-1.503209495812778129e-02 -8.578446534880065574e-03 -6.028455784866913487e-05
-1.488188060528812182e-02 -8.837613011589509973e-03 -5.749167027122978384e-05
-1.472716958628414452e-02 -9.094143268953573667e-03 -5.468174667110589252e-05
-1.456800839724735862e-02 -9.347958312558354160e-03 -5.185561968933039885e-05
-1.440444495513233843e-02 -9.598979976765968994e-03 -4.901412676829366570e-05
-1.423652858264390884e-02 -9.847130951389237302e-03 -4.615810990369587259e-05
-1.406430999259743186e-02 -1.009233480806007340e-02 -4.328841539495091579e-05
-1.388784127176878949e-02 -1.033451602631939303e-02 -4.040589359449199141e-05
-1.370717586419444196e-02 -1.057360001937278013e-02 -3.751139865572970491e-05
-1.352236855398244661e-02 -1.080951315955085493e-02 -3.460578827997188081e-05
-1.333347544760097973e-02 -1.104218280342258648e-02 -3.168992346230043773e-05
-1.314055395564237873e-02 -1.127153731655545013e-02 -2.876466823638176414e-05
-1.294366277412421773e-02 -1.149750609794000442e-02 -2.583088941847822362e-05
-1.274286186527356403e-02 -1.172001960403124682e-02 -2.288945635055256218e-05
-1.253821243785107654e-02 -1.193900937242768114e-02 -1.994124064272432542e-05
-1.232977692697311348e-02 -1.215440804513411195e-02 -1.698711591492395569e-05
-1.211761897350066564e-02 -1.236614939146518134e-02 -1.402795753806404174e-05
-1.190180340295772868e-02 -1.257416833051450827e-02 -1.106464237464183465e-05
-1.168239620398656836e-02 -1.277840095319846166e-02 -8.098048518879966687e-06
-1.145946450638941211e-02 -1.297878454389436546e-02 -5.129055036579303300e-06
-1.123307655873141860e-02 -1.317525760162730451e-02 -2.158541704582285856e-06
-1.100330170551169599e-02 -1.336775986079994510e-02 8.126112499200272818e-07
-1.077021036394575255e-02 -1.355623231148823764e-02 3.783523410162730563e-06
-1.053387400034131588e-02 -1.374061721926045018e-02 6.753314430763987544e-06
-1.029436510606517897e-02 -1.392085814450353017e-02 9.721104298554585619e-06
-1.005175717316181272e-02 -1.409689996130274355e-02 1.268601359333856059e-05
-9.806124669581087888e-03 -1.426868887579650462e-02 1.564716374851258377e-05
-9.557543014063345915e-03 -1.443617244406278192e-02 1.860367731137337364e-05
-9.306088550660489983e-03 -1.459929958946190078e-02 2.155467820314534692e-05
-9.051838522941316537e-03 -1.475802061950633529e-02 2.449929197857870532e-05
-8.794871047867698632e-03 -1.491228724219158773e-02 2.743664608505440007e-05
-8.535265089340885597e-03 -1.506205258177868538e-02 3.036587012117186935e-05
-8.273100431476065192e-03 -1.520727119408629181e-02 3.328609609462658596e-05
-8.008457651566365174e-03 -1.534789908120260532e-02 3.619645867941838466e-05
-7.741418092783107496e-03 -1.548389370568405490e-02 3.909609547234513759e-05
-7.472063836599551929e-03 -1.561521400416555905e-02 4.198414724840531919e-05
-7.200477674976593981e-03 -1.574182040045599834e-02 4.485975821553764916e-05
-6.926743082303978699e-03 -1.586367481804825882e-02 4.772207626816927183e-05
-6.650944187102602288e-03 -1.598074069205186742e-02 5.057025323967178482e-05
-6.373165743528750801e-03 -1.609298298058241955e-02 5.340344515374192882e-05
-6.093493102671950976e-03 -1.620036817556537098e-02 5.622081247448190564e-05
-5.812012183652510815e-03 -1.630286431294218283e-02 5.902152035513464186e-05
-5.528809444559116930e-03 -1.640044098232960185e-02 6.180473888550397615e-05
-5.243971853218077836e-03 -1.649306933607934400e-02 6.456964333790847000e-05
-4.957586857797304479e-03 -1.658072209772484470e-02 6.731541441145049700e-05
-4.669742357297750578e-03 -1.666337356988454796e-02 7.004123847492226636e-05
-4.380526671899925492e-03 -1.674099964153343348e-02 7.274630780781707437e-05
-4.090028513211234687e-03 -1.681357779471255587e-02 7.542982083972682265e-05
-3.798336954406442579e-03 -1.688108711060457706e-02 7.809098238780502147e-05
-3.505541400289093577e-03 -1.694350827505722648e-02 8.072900389244451870e-05
-3.211731557281556626e-03 -1.700082358348808248e-02 8.334310365097421527e-05
-2.916997403346356914e-03 -1.705301694517104977e-02 8.593250704919365099e-05
-2.621429157872599315e-03 -1.710007388696906105e-02 8.849644679100695697e-05
-2.325117251523692308e-03 -1.714198155642971885e-02 9.103416312571177354e-05
-2.028152296066088392e-03 -1.717872872431706541e-02 9.354490407323023048e-05
-1.730625054189908162e-03 -1.721030578650504031e-02 9.602792564679168627e-05
-1.432626409337167889e-03 -1.723670476532353918e-02 9.848249207351263005e-05
-1.134247335548519862e-03 -1.725791931028634874e-02 1.009078760124319340e-04
-8.355788673399857638e-04 -1.727394469820889983e-02 1.033033587699066293e-04
-5.367120696198280846e-04 -1.728477783277265409e-02 1.056682305127053511e-04
-2.377380076749056935e-04 -1.729041724348425249e-02 1.080017904783271210e-04
6.125228278931873832e-05 -1.729086308403214589e-02 1.103033471825335944e-04
3.601678255187678690e-04 -1.728611713009739134e-02 1.125722186244113861e-04
6.589177334850314675e-04 -1.727618277656780069e-02 1.148077324884340302e-04
9.574112385630735101e-04 -1.726106503415234319e-02 1.170092263435503112e-04
1.255557721080601289e-03 -1.724077052547116212e-02 1.191760478396454247e-04
1.553266739243075803e-03 -1.721530748053660617e-02 1.213075549007221828e-04
1.850448058418836372e-03 -1.718468573170425090e-02 1.234031159152812907e-04
2.147011680261345402e-03 -1.714891670802481602e-02 1.254621099233172062e-04
2.442867871682078990e-03 -1.710801342908794404e-02 1.274839268004645382e-04
2.737927193633808882e-03 -1.706199049829553588e-02 1.294679674388039793e-04
3.032100529709058113e-03 -1.701086409557002119e-02 1.314136439242282394e-04
3.325299114552954672e-03 -1.695465196957015100e-02 1.333203797108317647e-04
3.617434562043174689e-03 -1.689337342933575070e-02 1.351876097916202934e-04
3.908418893278720399e-03 -1.682704933543892334e-02 1.370147808660777716e-04
4.198164564313795234e-03 -1.675570209057553397e-02 1.388013515039162530e-04
4.486584493666316217e-03 -1.667935562969062938e-02 1.405467923057004509e-04
4.773592089574816427e-03 -1.659803540957411824e-02 1.422505860597117347e-04
5.059101276988726970e-03 -1.651176839794019774e-02 1.439122278950423560e-04
5.343026524293622258e-03 -1.642058306205070733e-02 1.455312254313604681e-04
5.625282869760815999e-03 -1.632450935683717533e-02 1.471070989248007236e-04
5.905785947699886650e-03 -1.622357871252949960e-02 1.486393814099691709e-04
6.184452014322391368e-03 -1.611782402185185994e-02 1.501276188384963780e-04
6.461197973304441504e-03 -1.600727962673755000e-02 1.515713702135815548e-04
6.735941401012831078e-03 -1.589198130457167291e-02 1.529702077204772061e-04
7.008600571436502530e-03 -1.577196625403286950e-02 1.543237168534722728e-04
7.279094480771339248e-03 -1.564727308045823356e-02 1.556314965385662192e-04
7.547342871673280718e-03 -1.551794178081458350e-02 1.568931592524724732e-04
7.813266257155225200e-03 -1.538401372821260500e-02 1.581083311372323650e-04
8.076785944151027713e-03 -1.524553165605148537e-02 1.592766521111888575e-04
8.337824056707101444e-03 -1.510253964174471802e-02 1.603977759756951879e-04
8.596303558798363068e-03 -1.495508309003508972e-02 1.614713705174930969e-04
8.852148276795528126e-03 -1.480320871596433815e-02 1.624971176073837921e-04
9.105282921529397194e-03 -1.464696452743757468e-02 1.634747132943325219e-04
9.355633109991497165e-03 -1.448639980745090872e-02 1.644038678957022504e-04
9.603125386618152973e-03 -1.432156509593041603e-02 1.652843060828568125e-04
9.847687244206874274e-03 -1.415251217126494744e-02 1.661157669629623960e-04
1.008924714441799923e-02 -1.397929403148413623e-02 1.668980041562838921e-04
1.032773453785622471e-02 -1.380196487509669639e-02 1.676307858690104301e-04
1.056307988376882154e-02 -1.362058008164253493e-02 1.683138949621073384e-04
1.079521466931387605e-02 -1.343519619192502616e-02 1.689471290156538668e-04
1.102407142839701738e-02 -1.324587088793280354e-02 1.695303003886659387e-04
1.124958376011362185e-02 -1.305266297250493035e-02 1.700632362748766724e-04
1.147168634674672165e-02 -1.285563234870493871e-02 1.705457787539591333e-04
1.169031497132428862e-02 -1.265483999891069827e-02 1.709777848380970996e-04
1.190540653477028740e-02 -1.245034796368389707e-02 1.713591265145990598e-04
1.211689907259241167e-02 -1.224221932036051799e-02 1.716896907836622753e-04
1.232473177115789645e-02 -1.203051816143035739e-02 1.719693796920243557e-04
1.252884498349530161e-02 -1.181530957266162078e-02 1.721981103617478237e-04
1.272918024468735858e-02 -1.159665961103830724e-02 1.723758150149993661e-04
1.292568028680388115e-02 -1.137463528247789971e-02 1.725024409941326188e-04
1.311828905337245575e-02 -1.114930451933360440e-02 1.725779507770713156e-04
1.330695171343218228e-02 -1.092073615774470478e-02 1.726023219886722686e-04
1.349161467511170165e-02 -1.068899991477896549e-02 1.725755474071844484e-04
1.367222559878139218e-02 -1.045416636542878183e-02 1.724976349665601784e-04
1.384873340972114612e-02 -1.021630691942215959e-02 1.723686077538581990e-04
1.402108831037872198e-02 -9.975493797918419045e-03 1.721885040026290047e-04
1.418924179215220321e-02 -9.731800010044276694e-03 1.719573770815721375e-04
1.435314664671129802e-02 -9.485299329291110859e-03 1.716752954785327398e-04
1.451275697689835380e-02 -9.236066269814933657e-03 1.713423427803769457e-04
1.466802820715766911e-02 -8.984176062611985009e-03 1.709586176482242854e-04
1.481891709351004088e-02 -8.729704631585262845e-03 1.705242337880440683e-04
1.496538173310268949e-02 -8.472728569532446061e-03 1.700393199171449700e-04
1.510738157329666147e-02 -8.213325114047972941e-03 1.695040197260503376e-04
1.524487742029154332e-02 -7.951572123327458122e-03 1.689184918356939147e-04
1.537783144734032950e-02 -7.687548051936872115e-03 1.682829097506620777e-04
1.550620720248861370e-02 -7.421331926500101227e-03 1.675974618076089058e-04
1.562996961589937367e-02 -7.153003321350411350e-03 1.668623511196166878e-04
1.574908500670321732e-02 -6.882642334125083951e-03 1.660777955157711930e-04
1.586352108945118453e-02 -6.610329561346622688e-03 1.652440274768311864e-04
1.597324698011327523e-02 -6.336146073966000825e-03 1.643612940663346719e-04
1.607823320162378444e-02 -6.060173392882253068e-03 1.634298568571801089e-04
1.617845168903815981e-02 -5.782493464472340458e-03 1.624499918543477884e-04
1.627387579422638619e-02 -5.503188636098494194e-03 1.614219894129526891e-04
1.636448029016982636e-02 -5.222341631636807230e-03 1.603461541523634943e-04
1.645024137480106605e-02 -4.940035527005237799e-03 1.592228048657139139e-04
1.653113667446795207e-02 -4.656353725725460857e-03 1.580522744256482998e-04
1.660714524695960925e-02 -4.371379934500950470e-03 1.568349096856578391e-04
1.667824758410491395e-02 -4.085198138831354353e-03 1.555710713771430386e-04
1.674442561399562199e-02 -3.797892578673277460e-03 1.542611340026755389e-04
1.680566270279034227e-02 -3.509547724140765160e-03 1.529054857250083108e-04
1.686194365609816267e-02 -3.220248251262442050e-03 1.515045282519249280e-04
1.691325472000256014e-02 -2.930079017802347200e-03 1.500586767173547659e-04
1.695958358167285948e-02 -2.639125039142449242e-03 1.485683595583805919e-04
1.700091936956375782e-02 -2.347471464233576340e-03 1.470340183880871298e-04
1.703725265327487789e-02 -2.055203551635623269e-03 1.454561078648996001e-04
1.706857544298835336e-02 -1.762406645627174768e-03 1.438350955577387587e-04
1.709488118856232822e-02 -1.469166152416652481e-03 1.421714618075844332e-04
1.711616477821055471e-02 -1.175567516436593768e-03 1.404656995849567689e-04
1.713242253685882260e-02 -8.816961967456618185e-04 1.387183143440207252e-04
1.714365222411496845e-02 -5.876376435298376116e-04 1.369298238727929753e-04
1.714985303185639909e-02 -2.934772747121137297e-04 1.351007581395476456e-04
1.715102558150754034e-02 6.995473190552422742e-07 1.332316591359644360e-04
1.714717192092475237e-02 2.948075388696911768e-04 1.313230807163924215e-04
1.713829552096737124e-02 5.887615179738471191e-04 1.293755884338445520e-04
1.712440127168463402e-02 8.824764273012555621e-04 1.273897593722748826e-04
1.710549547821090671e-02 1.175867356936119911e-03 1.253661819756807998e-04
1.708158585630274034e-02 1.468849567017945987e-03 1.233054558737716605e-04
1.705268152752871524e-02 1.761338510249846811e-03 1.212081917041363797e-04
1.701879301416993687e-02 2.053249854259125290e-03 1.190750109313984943e-04
1.697993223378170546e-02 2.344499503815416358e-03 1.169065456631043635e-04
1.693611249342300354e-02 2.635003622901188874e-03 1.147034384622574305e-04
1.688734848360763305e-02 2.924678656628849818e-03 1.124663421570705702e-04
1.683365627193088299e-02 3.213441353007212911e-03 1.101959196475099575e-04
1.677505329636912873e-02 3.501208784539891396e-03 1.078928437087203366e-04
1.671155835832536379e-02 3.787898369678873063e-03 1.055577967918306818e-04
1.664319161533986402e-02 4.073427894100318213e-03 1.031914708216226780e-04
1.656997457354143083e-02 4.357715531826443847e-03 1.007945669915747550e-04
1.649193007977333911e-02 4.640679866170950921e-03 9.836779555598110681e-05
1.640908231348021593e-02 4.922239910516330863e-03 9.591187561960370369e-05
1.632145677829441657e-02 5.202315128929551821e-03 9.342753492455312396e-05
1.622908029332733107e-02 5.480825456579747033e-03 9.091550963456206959e-05
1.613198098423322679e-02 5.757691320003757544e-03 8.837654411695525019e-05
1.603018827396800183e-02 6.032833657179583788e-03 8.581139072199968549e-05
1.592373287331423984e-02 6.306173937425281484e-03 8.322080956003011655e-05
1.581264677111050496e-02 6.577634181107199288e-03 8.060556827611773680e-05
1.569696322426719290e-02 6.847136979178080826e-03 7.796644182270115160e-05
1.557671674750707100e-02 7.114605512525372377e-03 7.530421222994006594e-05
1.545194310284258785e-02 7.379963571121619416e-03 7.261966837389483508e-05
1.532267928883972348e-02 7.643135573002119397e-03 6.991360574284179738e-05
1.518896352962395037e-02 7.904046583050054059e-03 6.718682620156098638e-05
1.505083526363361693e-02 8.162622331580389468e-03 6.444013775366020367e-05
1.490833513216659016e-02 8.418789232745084797e-03 6.167435430219591860e-05
1.476150496768435620e-02 8.672474402746009614e-03 5.889029540852708103e-05
1.461038778185999067e-02 8.923605677834171856e-03 5.608878604936980231e-05
1.445502775344403683e-02 9.172111632139465925e-03 5.327065637240707246e-05
1.429547021587265765e-02 9.417921595284362707e-03 5.043674145028279938e-05
1.413176164467833465e-02 9.660965669817665399e-03 4.758788103317088109e-05
1.396394964465482065e-02 9.901174748426990954e-03 4.472491929986692380e-05
1.379208293684157371e-02 1.013848053097606700e-02 4.184870460772125952e-05
1.361621134527674255e-02 1.037281554133456102e-02 3.896008924124366696e-05
1.343638578352485992e-02 1.060411314398833349e-02 3.605992915948982868e-05
1.325265824103365533e-02 1.083230756047861253e-02 3.314908374249589932e-05
1.306508176924966319e-02 1.105733388561073657e-02 3.022841553656726194e-05
1.287371046756171679e-02 1.127912810348255697e-02 2.729878999873537260e-05
1.267859946900884958e-02 1.149762710328064083e-02 2.436107524027533014e-05
1.247980492582673531e-02 1.171276869489827101e-02 2.141614176945485164e-05
1.227738399477817412e-02 1.192449162433725784e-02 1.846486223363541672e-05
1.207139482227751262e-02 1.213273558888389864e-02 1.550811116063764857e-05
1.186189652934910473e-02 1.233744125210356653e-02 1.254676469960307967e-05
1.164894919637884767e-02 1.253855025861637384e-02 9.581700361410950769e-06
1.143261384767058943e-02 1.273600524864203568e-02 6.613796758610961042e-06
1.121295243583652484e-02 1.292974987236809523e-02 3.643933345089581044e-06
1.099002782599085848e-02 1.311972880408609869e-02 6.729901554796067038e-07
1.076390377974348680e-02 1.330588775609912490e-02 -2.298152455636723435e-06
1.053464493904355051e-02 1.348817349244615070e-02 -5.268614074584434802e-06
1.030231680981542192e-02 1.366653384238119238e-02 -8.237514489473784333e-06
1.006698574543525744e-02 1.384091771366124241e-02 -1.120397395104402015e-05
9.828718930007307453e-03 1.401127510557779315e-02 -1.416711343332952396e-05
9.587584361490091023e-03 1.417755712181086210e-02 -1.712605489414889345e-05
9.343650834635409616e-03 1.433971598303914081e-02 -2.007992153529794945e-05
9.096987923741450474e-03 1.449770503931004442e-02 -2.302783806233322974e-05
8.847665965258814935e-03 1.465147878222192689e-02 -2.596893094396879033e-05
8.595756040207859147e-03 1.480099285684681812e-02 -2.890232867090745462e-05
8.341329956437004006e-03 1.494620407345113519e-02 -3.182716201411064921e-05
8.084460230699782105e-03 1.508707041895254383e-02 -3.474256428231350962e-05
7.825220070583857254e-03 1.522355106818451889e-02 -3.764767157890373545e-05
7.563683356264674744e-03 1.535560639490524126e-02 -4.054162305791554692e-05
7.299924622086693092e-03 1.548319798255752035e-02 -4.342356117905287383e-05
7.034019037998521726e-03 1.560628863482041440e-02 -4.629263196184740543e-05
6.766042390820465290e-03 1.572484238590586211e-02 -4.914798523873289889e-05
6.496071065340975649e-03 1.583882451059811375e-02 -5.198877490688168126e-05
6.224182025276513500e-03 1.594820153408117724e-02 -5.481415917900348862e-05
5.950452794056941032e-03 1.605294124150264193e-02 -5.762330083278848332e-05
5.674961435455467759e-03 1.615301268726733117e-02 -6.041536745892163836e-05
5.397786534080309395e-03 1.624838620412126511e-02 -6.318953170780570820e-05
5.119007175689882852e-03 1.633903341194381173e-02 -6.594497153469591798e-05
4.838702927381767147e-03 1.642492722631362645e-02 -6.868087044333253798e-05
4.556953817608538904e-03 1.650604186677735036e-02 -7.139641772778802114e-05
4.273840316064259938e-03 1.658235286489842183e-02 -7.409080871279618294e-05
3.989443313417783549e-03 1.665383707201924593e-02 -7.676324499219085119e-05
3.703844100893635433e-03 1.672047266673684293e-02 -7.941293466540109698e-05
3.417124349727052555e-03 1.678223916214831996e-02 -8.203909257220291947e-05
3.129366090458786474e-03 1.683911741278390148e-02 -8.464094052531575358e-05
2.840651692111411178e-03 1.689108962129623470e-02 -8.721770754107312294e-05
2.551063841210754381e-03 1.693813934482728267e-02 -8.976863006776366759e-05
2.260685520684850396e-03 1.698025150113839990e-02 -9.229295221197553211e-05
1.969599988624569625e-03 1.701741237443006940e-02 -9.478992596262279726e-05
1.677890756916243465e-03 1.704960962085339329e-02 -9.725881141247643053e-05
1.385641569746904993e-03 1.707683227376392485e-02 -9.969887697748036084e-05
1.092936381983034477e-03 1.709907074866136301e-02 -1.021093996135806779e-04
7.998593374286828549e-04 1.711631684781139695e-02 -1.044896650308562390e-04
5.064947469598510884e-04 1.712856376459958793e-02 -1.068389679052966247e-04
2.129270665502888422e-04 1.713580608756004250e-02 -1.091566120877946302e-04
-8.075912482756343721e-05 1.713803980406895452e-02 -1.114419108103258886e-04
-3.744791474043663725e-04 1.713526230377026421e-02 -1.136941868895852549e-04
-6.681482429261385424e-04 1.712747238164156680e-02 -1.159127729275319119e-04
-9.616815970724363434e-04 1.711467024077169968e-02 -1.180970115092865567e-04
-1.254994361970760385e-03 1.709685749477151198e-02 -1.202462553977650842e-04
-1.548001678814598953e-03 1.707403716990135711e-02 -1.223598677256256179e-04
-1.840618700573244844e-03 1.704621370684325857e-02 -1.244372221839659697e-04
-2.132760614783546591e-03 1.701339296211498014e-02 -1.264777032077816392e-04
-2.424342666442049453e-03 1.697558220918856525e-02 -1.284807061585363931e-04
-2.715280180966628872e-03 1.693279013922490556e-02 -1.304456375032019499e-04
-3.005488587240628690e-03 1.688502686149342957e-02 -1.323719149902594192e-04
-3.294883440730236347e-03 1.683230390339920599e-02 -1.342589678220644349e-04
-3.583380446667067207e-03 1.677463421020182477e-02 -1.361062368241319613e-04
-3.870895483303664515e-03 1.671203214435162954e-02 -1.379131746108456721e-04
-4.157344625213889658e-03 1.664451348444638892e-02 -1.396792457475056262e-04
-4.442644166656841039e-03 1.657209542385771478e-02 -1.414039269091159909e-04
-4.726710644992931747e-03 1.649479656897116092e-02 -1.430867070354746335e-04
-5.009460864128734148e-03 1.641263693703735524e-02 -1.447270874824461582e-04
-5.290811918019567781e-03 1.632563795368137741e-02 -1.463245821699034614e-04
-5.570681214188561055e-03 1.623382245001600901e-02 -1.478787177257562648e-04
-5.848986497279088162e-03 1.613721465934943311e-02 -1.493890336260486574e-04
-6.125645872630426127e-03 1.603584021355234507e-02 -1.508550823316117751e-04
-6.400577829860570195e-03 1.592972613899595880e-02 -1.522764294205383978e-04
-6.673701266472709982e-03 1.581890085213046721e-02 -1.536526537170768343e-04
-6.944935511437528783e-03 1.570339415463066143e-02 -1.549833474161953705e-04
-7.214200348804902102e-03 1.558323722818570622e-02 -1.562681162046272081e-04
-7.481416041281579998e-03 1.545846262886948173e-02 -1.575065793777278341e-04
-7.746503353792494502e-03 1.532910428108619563e-02 -1.586983699520724258e-04
-8.009383577032120130e-03 1.519519747115417353e-02 -1.598431347744185753e-04
-8.269978550966143246e-03 1.505677884044404058e-02 -1.609405346262171175e-04
-8.528210688315706126e-03 1.491388637813658574e-02 -1.619902443242667771e-04
-8.784002997966394374e-03 1.476655941353214631e-02 -1.629919528168551448e-04
-9.037279108356988805e-03 1.461483860798620978e-02 -1.639453632761436806e-04
-9.287963290787102505e-03 1.445876594641117528e-02 -1.648501931860980006e-04
-9.535980482653676898e-03 1.429838472834013725e-02 -1.657061744260443839e-04
-9.781256310622444758e-03 1.413373955860685628e-02 -1.665130533502679931e-04
-1.002371711371320868e-02 1.396487633758799508e-02 -1.672705908631767888e-04
-1.026328996628008208e-02 1.379184225101044714e-02 -1.679785624899875272e-04
-1.049990270090665929e-02 1.361468575936364105e-02 -1.686367584434273956e-04
-1.073348393119145927e-02 1.343345658687704856e-02 -1.692449836859043601e-04
-1.096396307439302491e-02 1.324820571005102393e-02 -1.698030579870891976e-04
-1.119127037398214182e-02 1.305898534579905991e-02 -1.703108159775576719e-04
-1.141533692203273130e-02 1.286584893913848664e-02 -1.707681071976230541e-04
-1.163609468149060661e-02 1.266885115047458599e-02 -1.711747961420932349e-04
-1.185347650826407660e-02 1.246804784243145565e-02 -1.715307623001797186e-04
-1.206741617318270003e-02 1.226349606629415293e-02 -1.718359001914276224e-04
-1.227784838377394064e-02 1.205525404800659311e-02 -1.720901193969711653e-04
-1.248470880584492959e-02 1.184338117373160901e-02 -1.722933445861080592e-04
-1.268793408490582510e-02 1.162793797502172967e-02 -1.724455155388641416e-04
-1.288746186737131476e-02 1.140898611353734042e-02 -1.725465871636665217e-04
-1.308323082157879930e-02 1.118658836536936055e-02 -1.725965295108777028e-04
-1.327518065855726528e-02 1.096080860491490359e-02 -1.725953277814234739e-04
-1.346325215261294159e-02 1.073171178836710392e-02 -1.725429823314047258e-04
-1.364738716165800163e-02 1.049936393677374132e-02 -1.724395086719793821e-04
-1.382752864728312679e-02 1.026383211867193564e-02 -1.722849374645755646e-04
-1.400362069460810155e-02 1.002518443233811445e-02 -1.720793145119779613e-04
-1.417560853185407393e-02 9.783489987615263256e-03 -1.718227007447552680e-04
-1.434343854963206211e-02 9.538818887328626497e-03 -1.715151722030332866e-04
-1.450705831997892506e-02 9.291242208323899701e-03 -1.711568200141545869e-04
-1.466641661509062756e-02 9.040831982090791544e-03 -1.707477503656844471e-04
-1.482146342573524393e-02 8.787661174984893325e-03 -1.702880844737220101e-04
-1.497214997939523215e-02 8.531803668084578240e-03 -1.697779585472268874e-04
-1.511842875805993400e-02 8.273334236638171107e-03 -1.692175237474870470e-04
-1.526025351571692196e-02 8.012328529149334577e-03 -1.686069461434897996e-04
-1.539757929547164866e-02 7.748863046064632075e-03 -1.679464066624834263e-04
-1.553036244636341219e-02 7.483015118112215300e-03 -1.672361010365720356e-04
-1.565856063980637994e-02 7.214862884264016014e-03 -1.664762397447162770e-04
-1.578213288564639730e-02 6.944485269326895228e-03 -1.656670479501517275e-04
-1.590103954788802190e-02 6.671961961198809472e-03 -1.648087654339082441e-04
-1.601524236000155185e-02 6.397373387761549034e-03 -1.639016465235826239e-04
-1.612470443987213189e-02 6.120800693439149009e-03 -1.629459600181452808e-04
-1.622939030430955304e-02 5.842325715409047750e-03 -1.619419891080647672e-04
-1.632926588319597028e-02 5.562030959498699169e-03 -1.608900312915851672e-04
-1.642429853319448546e-02 5.279999575749726171e-03 -1.597903982865839841e-04
-1.651445705101676348e-02 4.996315333667038748e-03 -1.586434159380009255e-04
-1.659971168629177998e-02 4.711062597161495835e-03 -1.574494241214615460e-04
-1.668003415397855890e-02 4.424326299197754372e-03 -1.562087766425550013e-04
-1.675539764631243239e-02 4.136191916138364823e-03 -1.549218411318385540e-04
-1.682577684433107790e-02 3.846745441814582254e-03 -1.535889989360796277e-04
-1.689114792891794128e-02 3.556073361321634378e-03 -1.522106450052540224e-04
-1.695148859135216929e-02 3.264262624533053291e-03 -1.507871877753210539e-04
-1.700677804342485416e-02 2.971400619374035476e-03 -1.493190490474091984e-04
-1.705699702702860934e-02 2.677575144835538275e-03 -1.478066638626779382e-04
-1.710212782328857442e-02 2.382874383753676509e-03 -1.462504803735527076e-04
-1.714215426115134333e-02 2.087386875353403146e-03 -1.446509597107219637e-04
-1.717706172551565491e-02 1.791201487577161232e-03 -1.430085758466788772e-04
-1.720683716482702616e-02 1.494407389199210951e-03 -1.413238154552726178e-04
-1.723146909813269567e-02 1.197094021742339809e-03 -1.395971777673108121e-04
-1.725094762165797768e-02 8.993510711997247751e-04 -1.378291744228357782e-04
-1.726526441481112187e-02 6.012684395814153933e-04 -1.360203293193673103e-04
-1.727441274568668889e-02 3.029362162905962878e-04 -1.341711784567968253e-04
-1.727838747598643698e-02 4.444649339215219336e-06 -1.322822697783717120e-04
-1.727718506544142704e-02 -2.941158835802910312e-04 -1.303541630085039990e-04
-1.727080357565994109e-02 -5.926549041634745271e-04 -1.283874294868924369e-04
-1.725924267340230370e-02 -8.910818626807291004e-04 -1.263826519990909176e-04
-1.724250363333318034e-02 -1.189306167286228490e-03 -1.243404246039358791e-04
-1.722058934019322224e-02 -1.487237213423587808e-03 -1.222613524575095762e-04
-1.719350429038674077e-02 -1.784784413316823455e-03 -1.201460516337169804e-04
-1.716125459303574630e-02 -2.081857225549862966e-03 -1.179951489418321726e-04
-1.712384797044235255e-02 -2.378365184707080266e-03 -1.158092817408080266e-04
-1.708129375795188962e-02 -2.674217931064811621e-03 -1.135890977502227784e-04
-1.703360290328386970e-02 -2.969325240327254280e-03 -1.113352548585222430e-04
-1.698078796524098155e-02 -3.263597053395474266e-03 -1.090484209279919149e-04
-1.692286311186849343e-02 -3.556943506148426467e-03 -1.067292735969063483e-04
-1.685984411798882934e-02 -3.849274959227499265e-03 -1.043785000786275513e-04
-1.679174836219642433e-02 -4.140502027820537438e-03 -1.019967969580841925e-04
-1.671859482324104113e-02 -4.430535611419252236e-03 -9.958486998535937484e-05
-1.664040407580808650e-02 -4.719286923540398290e-03 -9.714343386642946567e-05
-1.655719828574483618e-02 -5.006667521408433158e-03 -9.467321205151353484e-05
-1.646900120468124118e-02 -5.292589335580322532e-03 -9.217493652068072332e-05
-1.637583816404687698e-02 -5.576964699481948284e-03 -8.964934756682909939e-05
-1.627773606853610833e-02 -5.859706378882887853e-03 -8.709719357649433496e-05
-1.617472338896694742e-02 -6.140727601262638974e-03 -8.451923080801485315e-05
-1.606683015453305025e-02 -6.419942085058417437e-03 -8.191622316735864987e-05
-1.595408794451716808e-02 -6.697264068809995544e-03 -7.928894198189091736e-05
-1.583652987938052523e-02 -6.972608340144361393e-03 -7.663816577170562807e-05
-1.571419061130604339e-02 -7.245890264638227621e-03 -7.396468001903942237e-05
-1.558710631412413977e-02 -7.517025814490241840e-03 -7.126927693537643028e-05
-1.545531467270597377e-02 -7.785931597041917916e-03 -6.855275522682796488e-05
-1.531885487176481812e-02 -8.052524883107297499e-03 -6.581591985744237889e-05
-1.517776758406806821e-02 -8.316723635084127472e-03 -6.305958181056242227e-05
-1.503209495812630851e-02 -8.578446534879080251e-03 -6.028455784866256189e-05
-1.488188060528498023e-02 -8.837613011587813414e-03 -5.749167027122203857e-05
-1.472716958628690447e-02 -9.094143268955225123e-03 -5.468174667111353615e-05
-1.456800839724919742e-02 -9.347958312559388055e-03 -5.185561968933598249e-05
-1.440444495513180934e-02 -9.598979976765700112e-03 -4.901412676829506161e-05
-1.423652858264386201e-02 -9.847130951389093320e-03 -4.615810990369236249e-05
-1.406430999259822463e-02 -1.009233480806047065e-02 -4.328841539495349754e-05
-1.388784127176631404e-02 -1.033451602631768260e-02 -4.040589359448887432e-05
-1.370717586419456686e-02 -1.057360001937291891e-02 -3.751139865572858005e-05
-1.352236855398488043e-02 -1.080951315955268853e-02 -3.460578827997699689e-05
-1.333347544760003604e-02 -1.104218280342188045e-02 -3.168992346230043773e-05
-1.314055395564294251e-02 -1.127153731655567391e-02 -2.876466823638275348e-05
-1.294366277412368517e-02 -1.149750609793953951e-02 -2.583088941847596712e-05
-1.274286186527440363e-02 -1.172001960403230153e-02 -2.288945635055455779e-05
-1.253821243784884742e-02 -1.193900937242543640e-02 -1.994124064272073400e-05
-1.232977692697305970e-02 -1.215440804513409634e-02 -1.698711591492521608e-05
-1.211761897350282363e-02 -1.236614939146732893e-02 -1.402795753806703007e-05
-1.190180340295708163e-02 -1.257416833051369295e-02 -1.106464237463771807e-05
-1.168239620398674010e-02 -1.277840095319865595e-02 -8.098048518881692940e-06
-1.145946450638978160e-02 -1.297878454389473669e-02 -5.129055036581228605e-06
-1.123307655873001694e-02 -1.317525760162586296e-02 -2.158541704580227990e-06
-1.100330170550963688e-02 -1.336775986079752690e-02 8.126112499164414737e-07
-1.077021036394795392e-02 -1.355623231149065758e-02 3.783523410163859658e-06
-1.053387400034270019e-02 -1.374061721926191082e-02 6.753314430766111902e-06
-1.029436510606453192e-02 -1.392085814450329945e-02 9.721104298554785519e-06
-1.005175717316177803e-02 -1.409689996130225088e-02 1.268601359333849452e-05
-9.806124669581764430e-03 -1.426868887579748821e-02 1.564716374851145552e-05
-9.557543014061739561e-03 -1.443617244406014515e-02 1.860367731136872512e-05
-9.306088550660580189e-03 -1.459929958946188516e-02 2.155467820314587547e-05
-9.051838522942954116e-03 -1.475802061950918544e-02 2.449929197858195792e-05
-8.794871047866774025e-03 -1.491228724219033179e-02 2.743664608505380037e-05
-8.535265089341216929e-03 -1.506205258177941222e-02 3.036587012117519311e-05
-8.273100431475966313e-03 -1.520727119408567252e-02 3.328609609462221527e-05
-8.008457651566889060e-03 -1.534789908120377452e-02 3.619645867942222680e-05
-7.741418092781822066e-03 -1.548389370568108159e-02 3.909609547233650463e-05
-7.472063836599603104e-03 -1.561521400416568395e-02 4.198414724840678286e-05
-7.200477674977966147e-03 -1.574182040045875655e-02 4.485975821554753572e-05
-6.926743082303376750e-03 -1.586367481804730820e-02 4.772207626816198057e-05
-6.650944187102721984e-03 -1.598074069205195763e-02 5.057025323967384480e-05
-6.373165743528962437e-03 -1.609298298058298854e-02 5.340344515374438183e-05
-6.093493102671270964e-03 -1.620036817556357728e-02 5.622081247447606450e-05
-5.812012183651456103e-03 -1.630286431293900828e-02 5.902152035512096058e-05
-5.528809444560171642e-03 -1.640044098233280415e-02 6.180473888551720342e-05
-5.243971853218767389e-03 -1.649306933608096770e-02 6.456964333791672349e-05
-4.957586857797194324e-03 -1.658072209772442837e-02 6.731541441144663453e-05
-4.669742357297741904e-03 -1.666337356988440224e-02 7.004123847492264583e-05
-4.380526671899949778e-03 -1.674099964153445697e-02 7.274630780781806371e-05
-4.090028513210639677e-03 -1.681357779470955133e-02 7.542982083971626524e-05
-3.798336954406374057e-03 -1.688108711060455625e-02 7.809098238780404569e-05
-3.505541400289833003e-03 -1.694350827506038021e-02 8.072900389245773242e-05
-3.211731557281463385e-03 -1.700082358348682307e-02 8.334310365096997332e-05
-2.916997403346340001e-03 -1.705301694517176794e-02 8.593250704919571097e-05
-2.621429157872607555e-03 -1.710007388696830818e-02 8.849644679100164438e-05
-2.325117251523743482e-03 -1.714198155643103030e-02 9.103416312571913256e-05
-2.028152296065773973e-03 -1.717872872431379372e-02 9.354490407321204299e-05
-1.730625054190043904e-03 -1.721030578650506460e-02 9.602792564679243166e-05
-1.432626409337209956e-03 -1.723670476532672760e-02 9.848249207353163069e-05
-1.134247335548774866e-03 -1.725791931028528015e-02 1.009078760124241549e-04
-8.355788673399688503e-04 -1.727394469820910106e-02 1.033033587699082827e-04
-5.367120696194456865e-04 -1.728477783277311899e-02 1.056682305127110431e-04
-2.377380076752711510e-04 -1.729041724348233736e-02 1.080017904783140429e-04
6.125228278945473793e-05 -1.729086308402886379e-02 1.103033471825103925e-04
3.601678255188443594e-04 -1.728611713010067344e-02 1.125722186244350895e-04
6.589177334848189639e-04 -1.727618277656973317e-02 1.148077324884453330e-04
9.574112385633454280e-04 -1.726106503415184706e-02 1.170092263435458795e-04
1.255557721080261500e-03 -1.724077052547097824e-02 1.191760478396451808e-04
1.553266739243483463e-03 -1.721530748053767476e-02 1.213075549007290810e-04
1.850448058418275405e-03 -1.718468573170112146e-02 1.234031159152590104e-04
2.147011680261191879e-03 -1.714891670802473622e-02 1.254621099233175043e-04
2.442867871682784155e-03 -1.710801342909121225e-02 1.274839268004861951e-04
2.737927193633502704e-03 -1.706199049829430076e-02 1.294679674387941943e-04
3.032100529709389446e-03 -1.701086409557066997e-02 1.314136439242350428e-04
3.325299114552521425e-03 -1.695465196956945017e-02 1.333203797108254763e-04
3.617434562043386759e-03 -1.689337342933705174e-02 1.351876097916309999e-04
3.908418893278005693e-03 -1.682704933543567594e-02 1.370147808660521032e-04
4.198164564313947890e-03 -1.675570209057561377e-02 1.388013515039143828e-04
4.486584493666901687e-03 -1.667935562969370331e-02 1.405467923057269054e-04
4.773592089574655965e-03 -1.659803540957303231e-02 1.422505860597024919e-04
5.059101276989024475e-03 -1.651176839794051346e-02 1.439122278950445244e-04
5.343026524293418428e-03 -1.642058306205113755e-02 1.455312254313664855e-04
5.625282869759992005e-03 -1.632450935683525672e-02 1.471070989247827800e-04
5.905785947698696629e-03 -1.622357871252653669e-02 1.486393814099400872e-04
6.184452014323865883e-03 -1.611782402185498245e-02 1.501276188385251094e-04
6.461197973305261161e-03 -1.600727962673921534e-02 1.515713702135995525e-04
6.735941401012355764e-03 -1.589198130457133984e-02 1.529702077204721916e-04
7.008600571436564113e-03 -1.577196625403266828e-02 1.543237168534705109e-04
7.279094480771890890e-03 -1.564727308045914950e-02 1.556314965385749741e-04
7.547342871671615383e-03 -1.551794178081180968e-02 1.568931592524437147e-04
7.813266257155265099e-03 -1.538401372821255816e-02 1.581083311372319042e-04
8.076785944152642741e-03 -1.524553165605437022e-02 1.592766521112190525e-04
8.337824056706424902e-03 -1.510253964174363729e-02 1.603977759756836953e-04
8.596303558798694400e-03 -1.495508309003586514e-02 1.614713705174999003e-04
8.852148276795208937e-03 -1.480320871596358355e-02 1.624971176073770700e-04
9.105282921530170881e-03 -1.464696452743840041e-02 1.634747132943444481e-04
9.355633109989614990e-03 -1.448639980744836214e-02 1.644038678956711338e-04
9.603125386618262260e-03 -1.432156509593050450e-02 1.652843060828564602e-04
9.847687244208608998e-03 -1.415251217126755993e-02 1.661157669629931331e-04
1.008924714441718738e-02 -1.397929403148327060e-02 1.668980041562744053e-04
1.032773453785642073e-02 -1.380196487509673456e-02 1.676307858690123545e-04
1.056307988376917542e-02 -1.362058008164309178e-02 1.683138949621116481e-04
1.079521466931269991e-02 -1.343519619192350308e-02 1.689471290156348662e-04
1.102407142839471367e-02 -1.324587088793022747e-02 1.695303003886334398e-04
1.124958376011565495e-02 -1.305266297250754111e-02 1.700632362749092527e-04
1.147168634674800881e-02 -1.285563234870637159e-02 1.705457787539776189e-04
1.169031497132408740e-02 -1.265483999891049011e-02 1.709777848380926002e-04
1.190540653477019546e-02 -1.245034796368364900e-02 1.713591265145970541e-04
1.211689907259282280e-02 -1.224221932036103841e-02 1.716896907836726837e-04
1.232473177115582692e-02 -1.203051816142830695e-02 1.719693796919928867e-04
1.252884498349524610e-02 -1.181530957266161037e-02 1.721981103617475255e-04
1.272918024468966229e-02 -1.159665961104064391e-02 1.723758150150319463e-04
1.292568028680307624e-02 -1.137463528247697163e-02 1.725024409941196355e-04
1.311828905337287729e-02 -1.114930451933402421e-02 1.725779507770785256e-04
1.330695171343172778e-02 -1.092073615774431621e-02 1.726023219886649773e-04
1.349161467511260024e-02 -1.068899991477974959e-02 1.725755474071972691e-04
1.367222559877881438e-02 -1.045416636542665333e-02 1.724976349665275981e-04
1.384873340972131439e-02 -1.021630691942229316e-02 1.723686077538586327e-04
1.402108831038133101e-02 -9.975493797920268260e-03 1.721885040026604466e-04
1.418924179215123003e-02 -9.731800010043681684e-03 1.719573770815615936e-04
1.435314664671151832e-02 -9.485299329291282597e-03 1.716752954785349624e-04
1.451275697689872676e-02 -9.236066269815249377e-03 1.713423427803813096e-04
1.466802820715580775e-02 -8.984176062610947644e-03 1.709586176482054474e-04
1.481891709350760880e-02 -8.729704631583550672e-03 1.705242337880118403e-04
1.496538173310540953e-02 -8.472728569534362930e-03 1.700393199171770081e-04
1.510738157329816894e-02 -8.213325114048729281e-03 1.695040197260694196e-04
1.524487742029113566e-02 -7.951572123327085156e-03 1.689184918356896321e-04
1.537783144734019246e-02 -7.687548051936830482e-03 1.682829097506604514e-04
1.550620720248956780e-02 -7.421331926500789045e-03 1.675974618076194226e-04
1.562996961589647668e-02 -7.153003321348971530e-03 1.668623511195857880e-04
1.574908500670318262e-02 -6.882642334125126451e-03 1.660777955157703527e-04
1.586352108945410927e-02 -6.610329561348046029e-03 1.652440274768627638e-04
1.597324698011212685e-02 -6.336146073965143004e-03 1.643612940663222849e-04
1.607823320162429792e-02 -6.060173392883026755e-03 1.634298568571877254e-04
1.617845168903761857e-02 -5.782493464471941472e-03 1.624499918543403888e-04
1.627387579422771846e-02 -5.503188636098553174e-03 1.614219894129640190e-04
1.636448029016669345e-02 -5.222341631636236506e-03 1.603461541523337871e-04
1.645024137480112503e-02 -4.940035527005348821e-03 1.592228048657149439e-04
1.653113667447090804e-02 -4.656353725726277044e-03 1.580522744256757572e-04
1.660714524695862046e-02 -4.371379934500620006e-03 1.568349096856484607e-04
1.667824758410505620e-02 -4.085198138831387313e-03 1.555710713771461828e-04
1.674442561399610424e-02 -3.797892578673175545e-03 1.542611340026785747e-04
1.680566270278840632e-02 -3.509547724140450742e-03 1.529054857249929423e-04
1.686194365609492915e-02 -3.220248251261999695e-03 1.515045282518952209e-04
1.691325472000577632e-02 -2.930079017803239282e-03 1.500586767173842020e-04
1.695958358167471910e-02 -2.639125039142593224e-03 1.485683595583970717e-04
1.700091936956331026e-02 -2.347471464233262355e-03 1.470340183880821695e-04
1.703725265327466279e-02 -2.055203551635759445e-03 1.454561078648994104e-04
1.706857544298941501e-02 -1.762406645627166311e-03 1.438350955577466733e-04
1.709488118855922653e-02 -1.469166152416397477e-03 1.421714618075586834e-04
1.711616477821052695e-02 -1.175567516436610681e-03 1.404656995849577717e-04
1.713242253686204572e-02 -8.816961967460696954e-04 1.387183143440466105e-04
1.714365222411368128e-02 -5.876376435297015442e-04 1.369298238727822688e-04
1.714985303185711726e-02 -2.934772747120287825e-04 1.351007581395537714e-04
1.715102558150682910e-02 6.995473189277372400e-07 1.332316591359590421e-04
1.714717192092602913e-02 2.948075388699631489e-04 1.313230807164003904e-04
1.713829552096414813e-02 5.887615179733625892e-04 1.293755884338226511e-04
1.712440127168465137e-02 8.824764273011535386e-04 1.273897593722743676e-04
1.710549547821404309e-02 1.175867356936451461e-03 1.253661819757044625e-04
1.708158585630167176e-02 1.468849567017971574e-03 1.233054558737655619e-04
1.705268152752896157e-02 1.761338510249778723e-03 1.212081917041336014e-04
1.701879301417036708e-02 2.053249854259235879e-03 1.190750109314040508e-04
1.697993223377977992e-02 2.344499503814880762e-03 1.169065456630913530e-04
1.693611249341987757e-02 2.635003622900781214e-03 1.147034384622347707e-04
1.688734848361079371e-02 2.924678656629504242e-03 1.124663421570929318e-04
1.683365627193278424e-02 3.213441353007475722e-03 1.101959196475207995e-04
1.677505329636864648e-02 3.501208784540102599e-03 1.078928437087194151e-04
1.671155835832516603e-02 3.787898369678337901e-03 1.055577967918331348e-04
1.664319161534090138e-02 4.073427894100513369e-03 1.031914708216273129e-04
1.656997457353839853e-02 4.357715531825618986e-03 1.007945669915537757e-04
1.649193007977328707e-02 4.640679866170916226e-03 9.836779555598342429e-05
1.640908231348333149e-02 4.922239910517614558e-03 9.591187561962148461e-05
1.632145677829330635e-02 5.202315128929032272e-03 9.342753492454522284e-05
1.622908029332800761e-02 5.480825456579908363e-03 9.091550963456898138e-05
1.613198098423239760e-02 5.757691320003595348e-03 8.837654411695000537e-05
1.603018827396921614e-02 6.032833657180101603e-03 8.581139072200278902e-05
1.592373287331126305e-02 6.306173937423963094e-03 8.322080956001564245e-05
1.581264677111056394e-02 6.577634181106953824e-03 8.060556827612028468e-05
1.569696322427012458e-02 6.847136979179462533e-03 7.796644182271485321e-05
1.557671674750604751e-02 7.114605512525134720e-03 7.530421222993621702e-05
1.545194310284281163e-02 7.379963571121590793e-03 7.261966837389490284e-05
1.532267928884003920e-02 7.643135573002161898e-03 6.991360574284067252e-05
1.518896352962249494e-02 7.904046583049445171e-03 6.718682620155454893e-05
1.505083526363073555e-02 8.162622331578590559e-03 6.444013775365051361e-05
1.490833513216941429e-02 8.418789232746562781e-03 6.167435430220980994e-05
1.476150496768610654e-02 8.672474402747121572e-03 5.889029540853152626e-05
1.461038778185932453e-02 8.923605677833989711e-03 5.608878604936681398e-05
1.445502775344395703e-02 9.172111632139249085e-03 5.327065637240726897e-05
1.429547021587363777e-02 9.417921595284827613e-03 5.043674145028739368e-05
1.413176164467562848e-02 9.660965669816215171e-03 4.758788103316404384e-05
1.396394964465493514e-02 9.901174748426779318e-03 4.472491929986632749e-05
1.379208293684415498e-02 1.013848053097785550e-02 4.184870460772870663e-05
1.361621134527558549e-02 1.037281554133382029e-02 3.896008924124028561e-05
1.343638578352564054e-02 1.060411314398865962e-02 3.605992915949348109e-05
1.325265824103300655e-02 1.083230756047830201e-02 3.314908374249131179e-05
1.306508176925072137e-02 1.105733388561156751e-02 3.022841553656925416e-05
1.287371046755929858e-02 1.127912810348041112e-02 2.729878999873405123e-05
1.267859946900879060e-02 1.149762710328060440e-02 2.436107524027313802e-05
1.247980492582901127e-02 1.171276869490050013e-02 2.141614176946036413e-05
1.227738399477748023e-02 1.192449162433648069e-02 1.846486223363402081e-05
1.207139482227787171e-02 1.213273558888395415e-02 1.550811116063738091e-05
1.186189652934935626e-02 1.233744125210417542e-02 1.254676469960241559e-05
1.164894919637738530e-02 1.253855025861496872e-02 9.581700361410617039e-06
1.143261384766848868e-02 1.273600524863932777e-02 6.613796758608636784e-06
1.121295243583876437e-02 1.292974987237055159e-02 3.643933345092702360e-06
1.099002782599192533e-02 1.311972880408777964e-02 6.729901554804037618e-07
1.076390377974333762e-02 1.330588775609857152e-02 -2.298152455638250635e-06
1.053464493904339438e-02 1.348817349244594427e-02 -5.268614074581248264e-06
1.030231680981599784e-02 1.366653384238209964e-02 -8.237514489478830955e-06
1.006698574543365109e-02 1.384091771365874614e-02 -1.120397395103924119e-05
9.828718930007101021e-03 1.401127510557757111e-02 -1.416711343332879212e-05
9.587584361492137996e-03 1.417755712181363245e-02 -1.712605489415320654e-05
9.343650834634722666e-03 1.433971598303814855e-02 -2.007992153529588946e-05
9.096987923741644763e-03 1.449770503931055096e-02 -2.302783806233396497e-05
8.847665965258415949e-03 1.465147878222136657e-02 -2.596893094396620180e-05
8.595756040208419463e-03 1.480099285684777395e-02 -2.890232867091236741e-05
8.341329956435548573e-03 1.494620407344842035e-02 -3.182716201410381196e-05
8.084460230699804656e-03 1.508707041895255077e-02 -3.474256428231217470e-05
7.825220070585529528e-03 1.522355106818730139e-02 -3.764767157891045073e-05
7.563683356264120500e-03 1.535560639490430104e-02 -4.054162305791202326e-05
7.299924622086616764e-03 1.548319798255767127e-02 -4.342356117905666853e-05
7.034019037998822700e-03 1.560628863482087757e-02 -4.629263196184965515e-05
6.766042390819654306e-03 1.572484238590401637e-02 -4.914798523872413718e-05
6.496071065340161196e-03 1.583882451059515084e-02 -5.198877490687125937e-05
6.224182025277567344e-03 1.594820153408421995e-02 -5.481415917901298894e-05
5.950452794057366906e-03 1.605294124150435237e-02 -5.762330083279526636e-05
5.674961435455238776e-03 1.615301268726691483e-02 -6.041536745891998495e-05
5.397786534080274701e-03 1.624838620412105000e-02 -6.318953170780351270e-05
5.119007175690501281e-03 1.633903341194481787e-02 -6.594497153470083755e-05
4.838702927380525952e-03 1.642492722631071211e-02 -6.868087044331863309e-05
4.556953817608896257e-03 1.650604186677730525e-02 -7.139641772778867166e-05
4.273840316064931276e-03 1.658235286490146107e-02 -7.409080871281007428e-05
3.989443313417400175e-03 1.665383707201803856e-02 -7.676324499218501005e-05
3.703844100894128528e-03 1.672047266673752641e-02 -7.941293466540612497e-05
3.417124349726618441e-03 1.678223916214759484e-02 -8.203909257219663110e-05
3.129366090458879715e-03 1.683911741278518170e-02 -8.464094052532338366e-05
2.840651692111206914e-03 1.689108962129300465e-02 -8.721770754105832358e-05
2.551063841211069234e-03 1.693813934482732084e-02 -8.976863006775874802e-05
2.260685520684876416e-03 1.698025150114151546e-02 -9.229295221199385513e-05
1.969599988624501537e-03 1.701741237442902163e-02 -9.478992596262065596e-05
1.677890756916413251e-03 1.704960962085360146e-02 -9.725881141247554962e-05
1.385641569746989994e-03 1.707683227376440016e-02 -9.969887697748122820e-05
1.092936381982838887e-03 1.709907074865945828e-02 -1.021093996135684671e-04
7.998593374283936982e-04 1.711631684780814261e-02 -1.044896650308390409e-04
5.064947469604801425e-04 1.712856376460283533e-02 -1.068389679053138907e-04
2.129270665501698239e-04 1.713580608756193682e-02 -1.091566120878076406e-04
-8.075912482775044854e-05 1.713803980406849656e-02 -1.114419108103260647e-04
-3.744791474043919054e-04 1.713526230377004217e-02 -1.136941868895831949e-04
-6.681482429261809347e-04 1.712747238164262498e-02 -1.159127729275358964e-04
-9.616815970720113361e-04 1.711467024076857718e-02 -1.180970115092635852e-04
-1.254994361970658253e-03 1.709685749477146341e-02 -1.202462553977676728e-04
-1.548001678814862198e-03 1.707403716990459758e-02 -1.223598677256478712e-04
-1.840618700573448457e-03 1.704621370684200610e-02 -1.244372221839566727e-04
-2.132760614783640700e-03 1.701339296211566363e-02 -1.264777032077864368e-04
-2.424342666441981799e-03 1.697558220918788524e-02 -1.284807061585319207e-04
-2.715280180966654026e-03 1.693279013922619966e-02 -1.304456375032107048e-04
-3.005488587240109574e-03 1.688502686149017176e-02 -1.323719149902350246e-04
-3.294883440730066344e-03 1.683230390339927190e-02 -1.342589678220642993e-04
-3.583380446667568976e-03 1.677463421020486747e-02 -1.361062368241551361e-04
-3.870895483303808931e-03 1.671203214435063381e-02 -1.379131746108377304e-04
-4.157344625213957312e-03 1.664451348444666648e-02 -1.396792457475079031e-04
-4.442644166656542666e-03 1.657209542385812417e-02 -1.414039269091213035e-04
-4.726710644992354084e-03 1.649479656896933252e-02 -1.430867070354564731e-04
-5.009460864128292661e-03 1.641263693703421886e-02 -1.447270874824186737e-04
-5.290811918019966767e-03 1.632563795368452073e-02 -1.463245821699317049e-04
-5.570681214189588878e-03 1.623382245001770904e-02 -1.478787177257714707e-04
-5.848986497278876526e-03 1.613721465934900637e-02 -1.493890336260456759e-04
-6.125645872629908312e-03 1.603584021355222711e-02 -1.508550823316096067e-04
-6.400577829861352555e-03 1.592972613899692330e-02 -1.522764294205472069e-04
-6.673701266471047250e-03 1.581890085212765001e-02 -1.536526537170496479e-04
-6.944935511437690112e-03 1.570339415463053653e-02 -1.549833474161936900e-04
-7.214200348806167583e-03 1.558323722818872464e-02 -1.562681162046572134e-04
-7.481416041281452496e-03 1.545846262886832814e-02 -1.575065793777181034e-04
-7.746503353792818028e-03 1.532910428108657727e-02 -1.586983699520775487e-04
-8.009383577031551141e-03 1.519519747115375893e-02 -1.598431347744123953e-04
-8.269978550966989791e-03 1.505677884044512652e-02 -1.609405346262271193e-04
-8.528210688313928034e-03 1.491388637813411029e-02 -1.619902443242394281e-04
-8.784002997966264270e-03 1.476655941353164497e-02 -1.629919528168504827e-04
-9.037279108359354968e-03 1.461483860799000535e-02 -1.639453632761857205e-04
-9.287963290784542053e-03 1.445876594640706572e-02 -1.648501931860518678e-04
-9.535980482654396809e-03 1.429838472834143656e-02 -1.657061744260597525e-04
-9.781256310622321593e-03 1.413373955860712863e-02 -1.665130533502700530e-04
-1.002371711371173243e-02 1.396487633758596025e-02 -1.672705908631516624e-04
-1.026328996627913492e-02 1.379184225100940457e-02 -1.679785624899748421e-04
-1.049990270090577112e-02 1.361468575936217347e-02 -1.686367584434080968e-04
-1.073348393119567985e-02 1.343345658688293101e-02 -1.692449836859738575e-04
-1.096396307439151223e-02 1.324820571004881910e-02 -1.698030579870661583e-04
-1.119127037398236039e-02 1.305898534579942594e-02 -1.703108159775599216e-04
-1.141533692203356050e-02 1.286584893913996809e-02 -1.707681071976383143e-04
-1.163609468148724124e-02 1.266885115047085113e-02 -1.711747961420434700e-04
-1.185347650826772820e-02 1.246804784243495633e-02 -1.715307623002312182e-04
-1.206741617318113705e-02 1.226349606629278076e-02 -1.718359001914079170e-04
-1.227784838377465361e-02 1.205525404800723843e-02 -1.720901193969779145e-04
-1.248470880584479428e-02 1.184338117373147717e-02 -1.722933445861081676e-04
-1.268793408490505661e-02 1.162793797502144691e-02 -1.724455155388567691e-04
-1.288746186737296968e-02 1.140898611353885310e-02 -1.725465871636865794e-04
-1.308323082157489443e-02 1.118658836536558406e-02 -1.725965295108251732e-04
-1.327518065856120658e-02 1.096080860491830192e-02 -1.725953277814762474e-04
-1.346325215261118952e-02 1.073171178836599716e-02 -1.725429823313838549e-04
-1.364738716165892450e-02 1.049936393677419755e-02 -1.724395086719887605e-04
-1.382752864728251443e-02 1.026383211867182808e-02 -1.722849374645706857e-04
-1.400362069460829931e-02 1.002518443233844925e-02 -1.720793145119822167e-04
-1.417560853185332800e-02 9.783489987614267525e-03 -1.718227007447432333e-04
-1.434343854962761081e-02 9.538818887325948084e-03 -1.715151722029811907e-04
-1.450705831998605477e-02 9.291242208328739580e-03 -1.711568200142392360e-04
-1.466641661508776007e-02 9.040831982089006513e-03 -1.707477503656522463e-04
-1.482146342573632466e-02 8.787661174985571602e-03 -1.702880844737362945e-04
-1.497214997939477071e-02 8.531803668084174050e-03 -1.697779585472197316e-04
-1.511842875806043880e-02 8.273334236638597849e-03 -1.692175237474917633e-04
-1.526025351571577704e-02 8.012328529148807221e-03 -1.686069461434786866e-04
-1.539757929546693195e-02 7.748863046062222544e-03 -1.679464066624326585e-04
-1.553036244637099120e-02 7.483015118116016079e-03 -1.672361010366540284e-04
-1.565856063980330601e-02 7.214862884262814718e-03 -1.664762397446840219e-04
-1.578213288564778854e-02 6.944485269327422584e-03 -1.656670479501667437e-04
-1.590103954788721005e-02 6.671961961198647276e-03 -1.648087654339019286e-04
-1.601524236000217982e-02 6.397373387761703424e-03 -1.639016465235860391e-04
-1.612470443987091759e-02 6.120800693438669358e-03 -1.629459600181346827e-04
-1.622939030430464030e-02 5.842325715407672114e-03 -1.619419891080158425e-04
-1.632926588320392919e-02 5.562030959501163344e-03 -1.608900312916642598e-04
-1.642429853319156766e-02 5.279999575749089527e-03 -1.597903982865559304e-04
-1.651445705101765860e-02 4.996315333667209618e-03 -1.586434159380102225e-04
-1.659971168629218244e-02 4.711062597161571296e-03 -1.574494241214652865e-04
-1.668003415397600192e-02 4.424326299197337171e-03 -1.562087766425297936e-04
-1.675539764631109665e-02 4.136191916137488787e-03 -1.549218411318290672e-04
-1.682577684432920093e-02 3.846745441814760497e-03 -1.535889989360627141e-04
-1.689114792892490446e-02 3.556073361323351320e-03 -1.522106450053166350e-04
-1.695148859134982741e-02 3.264262624532483434e-03 -1.507871877753003728e-04
-1.700677804342514213e-02 2.971400619374162978e-03 -1.493190490474123968e-04
-1.705699702703022957e-02 2.677575144835827106e-03 -1.478066638626901084e-04
-1.710212782328350903e-02 2.382874383753106652e-03 -1.462504803735110201e-04
-1.714215426115644342e-02 2.087386875354083158e-03 -1.446509597107660365e-04
-1.717706172551370508e-02 1.791201487577050860e-03 -1.430085758466625057e-04
-1.720683716482771658e-02 1.494407389199066535e-03 -1.413238154552780117e-04
-1.723146909813270261e-02 1.197094021742722099e-03 -1.395971777673105682e-04
-1.725094762165725257e-02 8.993510711995207282e-04 -1.378291744228314413e-04
-1.726526441481312374e-02 6.012684395814664592e-04 -1.360203293193849286e-04
-1.727441274568143614e-02 3.029362162905113406e-04 -1.341711784567543788e-04
-1.727838747599171401e-02 4.444649339147200896e-06 -1.322822697784114751e-04
-1.727718506543934884e-02 -2.941158835800701250e-04 -1.303541630084887118e-04
-1.727080357566086743e-02 -5.926549041636953790e-04 -1.283874294868993758e-04
-1.725924267340181104e-02 -8.910818626806697946e-04 -1.263826519990895081e-04
-1.724250363333365565e-02 -1.189306167286185989e-03 -1.243404246039389691e-04
-1.722058934019201834e-02 -1.487237213423205301e-03 -1.222613524575025831e-04
-1.719350429038154007e-02 -1.784784413316441165e-03 -1.201460516336795619e-04
-1.716125459304418399e-02 -2.081857225550567698e-03 -1.179951489418917359e-04
-1.712384797043908780e-02 -2.378365184706987025e-03 -1.158092817407845401e-04
-1.708129375795333291e-02 -2.674217931064760013e-03 -1.135890977502301239e-04
-1.703360290328323132e-02 -2.969325240326964582e-03 -1.113352548585221753e-04
-1.698078796524147074e-02 -3.263597053395873252e-03 -1.090484209279933786e-04
-1.692286311186724790e-02 -3.556943506147610280e-03 -1.067292735968988266e-04
-1.685984411798389232e-02 -3.849274959226631470e-03 -1.043785000785959468e-04
-1.679174836220447345e-02 -4.140502027822594820e-03 -1.019967969581377792e-04
-1.671859482323802965e-02 -4.430535611418139411e-03 -9.958486998534113314e-05
-1.664040407580914815e-02 -4.719286923540484159e-03 -9.714343386643099711e-05
-1.655719828574521088e-02 -5.006667521408883319e-03 -9.467321205151882032e-05
-1.646900120467864603e-02 -5.292589335579557519e-03 -9.217493652066485331e-05
-1.637583816404569043e-02 -5.576964699481268273e-03 -8.964934756682670059e-05
-1.627773606853444299e-02 -5.859706378882129779e-03 -8.709719357648388596e-05
-1.617472338897337283e-02 -6.140727601264815184e-03 -8.451923080804744698e-05
-1.606683015453177696e-02 -6.419942085058245700e-03 -8.191622316735524818e-05
-1.595408794451521825e-02 -6.697264068808891392e-03 -7.928894198187923508e-05
-1.583652987938784576e-02 -6.972608340147641755e-03 -7.663816577174280265e-05
-1.571419061130140821e-02 -7.245890264636241362e-03 -7.396468001901844306e-05
-1.558710631412297404e-02 -7.517025814489492440e-03 -7.126927693536951850e-05
-1.545531467270653582e-02 -7.785931597042163380e-03 -6.855275522683539167e-05
-1.531885487176416413e-02 -8.052524883107025147e-03 -6.581591985743724248e-05
-1.517776758406945078e-02 -8.316723635084632277e-03 -6.305958181056713855e-05
-1.503209495812337336e-02 -8.578446534877463489e-03 -6.028455784865341394e-05
-1.488188060529235454e-02 -8.837613011592429513e-03 -5.749167027124680581e-05
-1.472716958628248092e-02 -9.094143268952232725e-03 -5.468174667109767292e-05
-1.456800839724806292e-02 -9.347958312558806923e-03 -5.185561968933352270e-05
-1.440444495513230373e-02 -9.598979976765890931e-03 -4.901412676829559694e-05
-1.423652858264328955e-02 -9.847130951388815764e-03 -4.615810990369229472e-05
-1.406430999259920128e-02 -1.009233480806105698e-02 -4.328841539495794955e-05
-1.388784127176470075e-02 -1.033451602631629655e-02 -4.040589359448276213e-05
-1.370717586419858275e-02 -1.057360001937597549e-02 -3.751139865573993706e-05
-1.352236855398111261e-02 -1.080951315954946021e-02 -3.460578827996730006e-05
-1.333347544760104218e-02 -1.104218280342305486e-02 -3.168992346230236896e-05
-1.314055395564326864e-02 -1.127153731655578320e-02 -2.876466823638620937e-05
-1.294366277412192616e-02 -1.149750609793796091e-02 -2.583088941846939414e-05
-1.274286186527974485e-02 -1.172001960403715702e-02 -2.288945635056365493e-05
-1.253821243784736250e-02 -1.193900937242389423e-02 -1.994124064272080515e-05
-1.232977692697198938e-02 -1.215440804513337469e-02 -1.698711591492235988e-05
-1.211761897350091023e-02 -1.236614939146516053e-02 -1.402795753806543934e-05
-1.190180340295765235e-02 -1.257416833051428276e-02 -1.106464237463798235e-05
-1.168239620398735593e-02 -1.277840095319929606e-02 -8.098048518885413109e-06
-1.145946450638782484e-02 -1.297878454389260472e-02 -5.129055036579037331e-06
-1.123307655873513264e-02 -1.317525760163128744e-02 -2.158541704580493111e-06
-1.100330170550821787e-02 -1.336775986079602983e-02 8.126112499177030234e-07
-1.077021036394700676e-02 -1.355623231148976593e-02 3.783523410163593689e-06
-1.053387400034106608e-02 -1.374061721925968864e-02 6.753314430762195222e-06
-1.029436510606487887e-02 -1.392085814450353537e-02 9.721104298555053181e-06
-1.005175717316239038e-02 -1.409689996130314253e-02 1.268601359333836408e-05
-9.806124669579986339e-03 -1.426868887579507868e-02 1.564716374851032727e-05
-9.557543014066400763e-03 -1.443617244406716731e-02 1.860367731137649072e-05
-9.306088550657795957e-03 -1.459929958945749284e-02 2.155467820314016308e-05
-9.051838522942336554e-03 -1.475802061950793817e-02 2.449929197858195792e-05
-8.794871047867199032e-03 -1.491228724219085394e-02 2.743664608505366485e-05
-8.535265089340859576e-03 -1.506205258177888313e-02 3.036587012117353292e-05
-8.273100431476717448e-03 -1.520727119408690070e-02 3.328609609462433624e-05
-8.008457651565258420e-03 -1.534789908120082029e-02 3.619645867941479324e-05
-7.741418092785664479e-03 -1.548389370568863804e-02 3.909609547235609481e-05
-7.472063836597230869e-03 -1.561521400416098111e-02 4.198414724839529710e-05
-7.200477674977336442e-03 -1.574182040045760470e-02 4.485975821554249418e-05
-6.926743082303979566e-03 -1.586367481804771412e-02 4.772207626816362720e-05
-6.650944187102122637e-03 -1.598074069205140252e-02 5.057025323966879649e-05
-6.373165743529660664e-03 -1.609298298058426183e-02 5.340344515374903034e-05
-6.093493102670063596e-03 -1.620036817556056580e-02 5.622081247446610340e-05
-5.812012183654268957e-03 -1.630286431294693250e-02 5.902152035515076937e-05
-5.528809444558743097e-03 -1.640044098232768324e-02 6.180473888550014078e-05
-5.243971853218222685e-03 -1.649306933608001707e-02 6.456964333791006920e-05
-4.957586857797627138e-03 -1.658072209772479960e-02 6.731541441144597046e-05
-4.669742357297486900e-03 -1.666337356988401019e-02 7.004123847492112794e-05
-4.380526671900188303e-03 -1.674099964153527575e-02 7.274630780782131631e-05
-4.090028513210155689e-03 -1.681357779470753211e-02 7.542982083970756451e-05
-3.798336954407776581e-03 -1.688108711060965633e-02 7.809098238782827760e-05
-3.505541400288592242e-03 -1.694350827505533216e-02 8.072900389243672600e-05
-3.211731557281777803e-03 -1.700082358348840861e-02 8.334310365097569249e-05
-2.916997403346654420e-03 -1.705301694517203162e-02 8.593250704919661899e-05
-2.621429157872081066e-03 -1.710007388696592467e-02 8.849644679098730580e-05
-2.325117251524823347e-03 -1.714198155643812185e-02 9.103416312575672727e-05
-2.028152296065451315e-03 -1.717872872431185777e-02 9.354490407320486015e-05
-1.730625054189840074e-03 -1.721030578650382600e-02 9.602792564678351410e-05
-1.432626409337269804e-03 -1.723670476532403878e-02 9.848249207351309083e-05
-1.134247335548689865e-03 -1.725791931028583526e-02 1.009078760124295352e-04
-8.355788673398838488e-04 -1.727394469820980535e-02 1.033033587699126466e-04
-5.367120696195136660e-04 -1.728477783277057589e-02 1.056682305126939263e-04
-2.377380076752286773e-04 -1.729041724348953646e-02 1.080017904783588746e-04
6.125228278914025153e-05 -1.729086308402688621e-02 1.103033471825005533e-04
3.601678255189803184e-04 -1.728611713009939321e-02 1.125722186244245321e-04
6.589177334848019419e-04 -1.727618277656709292e-02 1.148077324884267390e-04
9.574112385630394661e-04 -1.726106503415233973e-02 1.170092263435517884e-04
1.255557721080499808e-03 -1.724077052547187683e-02 1.191760478396478642e-04
1.553266739242973454e-03 -1.721530748053465287e-02 1.213075549007094298e-04
1.850448058419499253e-03 -1.718468573170945854e-02 1.234031159153194817e-04
2.147011680260631130e-03 -1.714891670801963613e-02 1.254621099232781207e-04
2.442867871682537825e-03 -1.710801342908990080e-02 1.274839268004788226e-04
2.737927193633391681e-03 -1.706199049829487668e-02 1.294679674387982872e-04
3.032100529709295771e-03 -1.701086409556996221e-02 1.314136439242279955e-04
3.325299114552419510e-03 -1.695465196957086917e-02 1.333203797108352341e-04
3.617434562042698941e-03 -1.689337342933389108e-02 1.351876097916069035e-04
3.908418893280199251e-03 -1.682704933544396098e-02 1.370147808661180498e-04
4.198164564312418731e-03 -1.675570209057052062e-02 1.388013515038735897e-04
4.486584493666808011e-03 -1.667935562969246818e-02 1.405467923057183944e-04
4.773592089574629077e-03 -1.659803540957366028e-02 1.422505860597037930e-04
5.059101276988770338e-03 -1.651176839793972589e-02 1.439122278950399978e-04
5.343026524294090633e-03 -1.642058306205258431e-02 1.455312254313776256e-04
5.625282869758936426e-03 -1.632450935683214810e-02 1.471070989247543468e-04
5.905785947701399329e-03 -1.622357871253451295e-02 1.486393814100129727e-04
6.184452014322013198e-03 -1.611782402185008012e-02 1.501276188384795458e-04
6.461197973304715590e-03 -1.600727962673807736e-02 1.515713702135888460e-04
6.735941401012424286e-03 -1.589198130457175964e-02 1.529702077204769621e-04
7.008600571436780086e-03 -1.577196625403218255e-02 1.543237168534661199e-04
7.279094480772149364e-03 -1.564727308046000645e-02 1.556314965385815336e-04
7.547342871670523375e-03 -1.551794178081001251e-02 1.568931592524257441e-04
7.813266257157570546e-03 -1.538401372821729049e-02 1.581083311372801512e-04
8.076785944150286986e-03 -1.524553165604990157e-02 1.592766521111727029e-04
8.337824056707106649e-03 -1.510253964174501987e-02 1.603977759756966786e-04
8.596303558798833178e-03 -1.495508309003612014e-02 1.614713705175031258e-04
8.852148276793956466e-03 -1.480320871596155913e-02 1.624971176073541934e-04
9.105282921533690635e-03 -1.464696452744448235e-02 1.634747132944115602e-04
9.355633109988574156e-03 -1.448639980744662048e-02 1.644038678956526753e-04
9.603125386617760925e-03 -1.432156509592946540e-02 1.652843060828449405e-04
9.847687244207160503e-03 -1.415251217126541929e-02 1.661157669629662449e-04
1.008924714441765749e-02 -1.397929403148358805e-02 1.668980041562795552e-04
1.032773453785649879e-02 -1.380196487509750825e-02 1.676307858690199981e-04
1.056307988376771825e-02 -1.362058008164092164e-02 1.683138949620866572e-04
1.079521466931714600e-02 -1.343519619192917736e-02 1.689471290157055290e-04
1.102407142839353579e-02 -1.324587088792875990e-02 1.695303003886137886e-04
1.124958376011488993e-02 -1.305266297250632333e-02 1.700632362748966760e-04
1.147168634674619256e-02 -1.285563234870465942e-02 1.705457787539519775e-04
1.169031497132447944e-02 -1.265483999891072776e-02 1.709777848380970996e-04
1.190540653477059965e-02 -1.245034796368446779e-02 1.713591265146062427e-04
1.211689907259075674e-02 -1.224221932035906776e-02 1.716896907836423802e-04
1.232473177116184988e-02 -1.203051816143403327e-02 1.719693796920761535e-04
1.252884498349133777e-02 -1.181530957265802644e-02 1.721981103616955651e-04
1.272918024468886779e-02 -1.159665961103969155e-02 1.723758150150196406e-04
1.292568028680340410e-02 -1.137463528247743133e-02 1.725024409941253005e-04
1.311828905337242279e-02 -1.114930451933345348e-02 1.725779507770714512e-04
1.330695171343271831e-02 -1.092073615774534143e-02 1.726023219886793159e-04
1.349161467511001897e-02 -1.068899991477787782e-02 1.725755474071645804e-04
1.367222559878562144e-02 -1.045416636543188178e-02 1.724976349666124641e-04
1.384873340971709034e-02 -1.021630691941905963e-02 1.723686077538060218e-04
1.402108831038028323e-02 -9.975493797919551819e-03 1.721885040026481951e-04
1.418924179215149718e-02 -9.731800010043992200e-03 1.719573770815675025e-04
1.435314664671115403e-02 -9.485299329290675444e-03 1.716752954785274814e-04
1.451275697689979188e-02 -9.236066269816120208e-03 1.713423427803955669e-04
1.466802820715308771e-02 -8.984176062609537314e-03 1.709586176481738700e-04
1.481891709351461188e-02 -8.729704631587778194e-03 1.705242337880948360e-04
1.496538173310116987e-02 -8.472728569531877071e-03 1.700393199171267825e-04
1.510738157329685229e-02 -8.213325114047884470e-03 1.695040197260531836e-04
1.524487742029222333e-02 -7.951572123328063540e-03 1.689184918357043502e-04
1.537783144733758517e-02 -7.687548051935422753e-03 1.682829097506320182e-04
1.550620720249621352e-02 -7.421331926503895067e-03 1.675974618076909528e-04
1.562996961589463094e-02 -7.153003321348203915e-03 1.668623511195664892e-04
1.574908500670205505e-02 -6.882642334124475930e-03 1.660777955157582096e-04
1.586352108945172923e-02 -6.610329561346856009e-03 1.652440274768364719e-04
1.597324698011263686e-02 -6.336146073965473469e-03 1.643612940663282751e-04
1.607823320162492589e-02 -6.060173392883196758e-03 1.634298568571939325e-04
1.617845168903515526e-02 -5.782493464470971761e-03 1.624499918543166989e-04
1.627387579423450817e-02 -5.503188636101130106e-03 1.614219894130312666e-04
1.636448029016481648e-02 -5.222341631635507055e-03 1.603461541523144612e-04
1.645024137479995582e-02 -4.940035527005254279e-03 1.592228048657039934e-04
1.653113667446837881e-02 -4.656353725725519838e-03 1.580522744256519048e-04
1.660714524695911659e-02 -4.371379934500620006e-03 1.568349096856533397e-04
1.667824758410568070e-02 -4.085198138832068192e-03 1.555710713771533114e-04
1.674442561399362359e-02 -3.797892578672513314e-03 1.542611340026555896e-04
1.680566270279549093e-02 -3.509547724141420019e-03 1.529054857250566120e-04
1.686194365609297932e-02 -3.220248251261618056e-03 1.515045282518783616e-04
1.691325472000454813e-02 -2.930079017803307369e-03 1.500586767173712999e-04
1.695958358167212743e-02 -2.639125039142116609e-03 1.485683595583765803e-04
1.700091936956374394e-02 -2.347471464233398097e-03 1.470340183880846090e-04
1.703725265327559260e-02 -2.055203551635895187e-03 1.454561078649077317e-04
1.706857544298637230e-02 -1.762406645626775131e-03 1.438350955577226854e-04
1.709488118856753933e-02 -1.469166152417323819e-03 1.421714618076279639e-04
1.711616477820534707e-02 -1.175567516436262219e-03 1.404656995849139429e-04
1.713242253686081060e-02 -8.816961967458144742e-04 1.387183143440374761e-04
1.714365222411424680e-02 -5.876376435301095295e-04 1.369298238727867953e-04
1.714985303185639909e-02 -2.934772747121222949e-04 1.351007581395466698e-04
1.715102558150825504e-02 6.995473192167354584e-07 1.332316591359734078e-04
1.714717192092278172e-02 2.948075388696571870e-04 1.313230807163734209e-04
1.713829552097255807e-02 5.887615179741276022e-04 1.293755884338878388e-04
1.712440127167947496e-02 8.824764273007710321e-04 1.273897593722351194e-04
1.710549547821278715e-02 1.175867356936009323e-03 1.253661819756930241e-04
1.708158585630224074e-02 1.468849567018167164e-03 1.233054558737720400e-04
1.705268152752826769e-02 1.761338510249634308e-03 1.212081917041313788e-04
1.701879301417175486e-02 2.053249854259159551e-03 1.190750109314106238e-04
1.697993223377664354e-02 2.344499503814421928e-03 1.169065456630688423e-04
1.693611249342807587e-02 2.635003622902038888e-03 1.147034384622918132e-04
1.688734848360587404e-02 2.924678656629155996e-03 1.124663421570614493e-04
1.683365627193109809e-02 3.213441353006855558e-03 1.101959196475114347e-04
1.677505329637016609e-02 3.501208784540170687e-03 1.078928437087263133e-04
1.671155835832242864e-02 3.787898369678090703e-03 1.055577967918149067e-04
1.664319161534785069e-02 4.073427894102034721e-03 1.031914708216701389e-04
1.656997457353641748e-02 4.357715531825227806e-03 1.007945669915453460e-04
1.649193007977218378e-02 4.640679866170381931e-03 9.836779555597598395e-05
1.640908231348092369e-02 4.922239910517011742e-03 9.591187561960619736e-05
1.632145677829366717e-02 5.202315128929321970e-03 9.342753492454854321e-05
1.622908029332863558e-02 5.480825456579933516e-03 9.091550963456997072e-05
1.613198098423026042e-02 5.757691320002915336e-03 8.837654411693965123e-05
1.603018827397577339e-02 6.032833657182381897e-03 8.581139072204045149e-05
1.592373287330943465e-02 6.306173937423258796e-03 8.322080956000528832e-05
1.581264677110952310e-02 6.577634181106570450e-03 8.060556827611297986e-05
1.569696322426752944e-02 6.847136979178285524e-03 7.796644182270222225e-05
1.557671674750659915e-02 7.114605512525354163e-03 7.530421222994002528e-05
1.545194310284346562e-02 7.379963571121896972e-03 7.261966837389803348e-05
1.532267928883770947e-02 7.643135573001048205e-03 6.991360574283110444e-05
1.518896352962879545e-02 7.904046583052500019e-03 6.718682620158496080e-05
1.505083526362906154e-02 8.162622331577778709e-03 6.444013775363876357e-05
1.490833513216830754e-02 8.418789232745934811e-03 6.167435430220329117e-05
1.476150496768371956e-02 8.672474402745765018e-03 5.889029540852702005e-05
1.461038778185982066e-02 8.923605677834324512e-03 5.608878604936641418e-05
1.445502775344509848e-02 9.172111632139554396e-03 5.327065637241279163e-05
1.429547021587093680e-02 9.417921595283347894e-03 5.043674145027988558e-05
1.413176164468248931e-02 9.660965669820794841e-03 4.758788103318582953e-05
1.396394964465089844e-02 9.901174748423665489e-03 4.472491929985130451e-05
1.379208293684286261e-02 1.013848053097734722e-02 4.184870460772530495e-05
1.361621134527613887e-02 1.037281554133398682e-02 3.896008924124280638e-05
1.343638578352507676e-02 1.060411314398848094e-02 3.605992915948869705e-05
1.325265824103432494e-02 1.083230756047895774e-02 3.314908374249842009e-05
1.306508176924815051e-02 1.105733388560938002e-02 3.022841553656234915e-05
1.287371046756551410e-02 1.127912810348615825e-02 2.729878999874779349e-05
1.267859946900528473e-02 1.149762710327699965e-02 2.436107524026816086e-05
1.247980492582787156e-02 1.171276869489969001e-02 2.141614176945511592e-05
1.227738399477772309e-02 1.192449162433672702e-02 1.846486223363986534e-05
1.207139482227745191e-02 1.213273558888360373e-02 1.550811116063558859e-05
1.186189652935036934e-02 1.233744125210506533e-02 1.254676469960394195e-05
1.164894919637525332e-02 1.253855025861246204e-02 9.581700361409356653e-06
1.143261384767402244e-02 1.273600524864574972e-02 6.613796758613417438e-06
1.121295243583550830e-02 1.292974987236649581e-02 3.643933345089780520e-06
1.099002782599109093e-02 1.311972880408645258e-02 6.729901554788763496e-07
1.076390377974405232e-02 1.330588775609979103e-02 -2.298152455637254101e-06
1.053464493904150180e-02 1.348817349244380362e-02 -5.268614074582907601e-06
1.030231680982068854e-02 1.366653384238785199e-02 -8.237514489477236839e-06
1.006698574543214188e-02 1.384091771365694376e-02 -1.120397395104103352e-05
9.828718930006519888e-03 1.401127510557699518e-02 -1.416711343332852785e-05
9.587584361490843893e-03 1.417755712181117608e-02 -1.712605489414875792e-05
9.343650834634753891e-03 1.433971598303856315e-02 -2.007992153529715323e-05
9.096987923742203344e-03 1.449770503931105056e-02 -2.302783806233124091e-05
8.847665965257137458e-03 1.465147878221925541e-02 -2.596893094396474151e-05
8.595756040212022484e-03 1.480099285685391661e-02 -2.890232867092611306e-05
8.341329956434589271e-03 1.494620407344660062e-02 -3.182716201409909568e-05
8.084460230699207911e-03 1.508707041895183086e-02 -3.474256428230899663e-05
7.825220070584310017e-03 1.522355106818473226e-02 -3.764767157890466380e-05
7.563683356264504741e-03 1.535560639490476942e-02 -4.054162305791521488e-05
7.299924622086912535e-03 1.548319798255834955e-02 -4.342356117905414099e-05
7.034019037997841714e-03 1.560628863481846977e-02 -4.629263196184248586e-05
6.766042390822362210e-03 1.572484238591059444e-02 -4.914798523874578057e-05
6.496071065339122964e-03 1.583882451059337101e-02 -5.198877490686667862e-05
6.224182025277567344e-03 1.594820153408301952e-02 -5.481415917900880799e-05
5.950452794056234999e-03 1.605294124150200355e-02 -5.762330083278656564e-05
5.674961435455527607e-03 1.615301268726737974e-02 -6.041536745892142830e-05
5.397786534080820271e-03 1.624838620412193471e-02 -6.318953170780543715e-05
5.119007175689184626e-03 1.633903341194180986e-02 -6.594497153468895198e-05
4.838702927383322326e-03 1.642492722631859470e-02 -6.868087044335178257e-05
4.556953817607382710e-03 1.650604186677251742e-02 -7.139641772776742130e-05
4.273840316064361419e-03 1.658235286490015656e-02 -7.409080871280388078e-05
3.989443313417689874e-03 1.665383707201847571e-02 -7.676324499218705648e-05
3.703844100894103375e-03 1.672047266673692273e-02 -7.941293466540509498e-05
3.417124349726806225e-03 1.678223916214897915e-02 -8.203909257220087304e-05
3.129366090458455575e-03 1.683911741278194818e-02 -8.464094052530703931e-05
2.840651692112490610e-03 1.689108962130137642e-02 -8.721770754110234219e-05
2.551063841210219219e-03 1.693813934482215136e-02 -8.976863006773398755e-05
2.260685520684995245e-03 1.698025150114025258e-02 -9.229295221198621150e-05
1.969599988624186684e-03 1.701741237442957674e-02 -9.478992596261932781e-05
1.677890756916413251e-03 1.704960962085289022e-02 -9.725881141247443831e-05
1.385641569747304413e-03 1.707683227376581916e-02 -9.969887697748767920e-05
1.092936381982685798e-03 1.709907074865625598e-02 -1.021093996135485449e-04
7.998593374289803600e-04 1.711631684781646234e-02 -1.044896650308901746e-04
5.064947469598936975e-04 1.712856376459780464e-02 -1.068389679052855252e-04
2.129270665503823275e-04 1.713580608756032353e-02 -1.091566120877966766e-04
-8.075912482748694675e-05 1.713803980406996066e-02 -1.114419108103326513e-04
-3.744791474045448864e-04 1.713526230376717988e-02 -1.136941868895642214e-04
-6.681482429262829582e-04 1.712747238164990735e-02 -1.159127729275841298e-04
-9.616815970720199013e-04 1.711467024076654755e-02 -1.180970115092512253e-04
-1.254994361970658253e-03 1.709685749477025604e-02 -1.202462553977605984e-04
-1.548001678814820131e-03 1.707403716990192610e-02 -1.223598677256278406e-04
-1.840618700573031907e-03 1.704621370684258549e-02 -1.244372221839605487e-04
-2.132760614783674527e-03 1.701339296211643384e-02 -1.264777032077904484e-04
-2.424342666441990039e-03 1.697558220918526234e-02 -1.284807061585134893e-04
-2.715280180967478887e-03 1.693279013923325305e-02 -1.304456375032646710e-04
-3.005488587239999853e-03 1.688502686148829479e-02 -1.323719149902204963e-04
-3.294883440729742818e-03 1.683230390339802637e-02 -1.342589678220555444e-04
-3.583380446667067207e-03 1.677463421020231049e-02 -1.361062368241339670e-04
-3.870895483304072609e-03 1.671203214435115422e-02 -1.379131746108415793e-04
-4.157344625213694501e-03 1.664451348444736731e-02 -1.396792457475122941e-04
-4.442644166656287662e-03 1.657209542385571291e-02 -1.414039269091009476e-04
-4.726710644994164268e-03 1.649479656897618815e-02 -1.430867070355167818e-04
-5.009460864127486014e-03 1.641263693703235924e-02 -1.447270874824010012e-04
-5.290811918019908654e-03 1.632563795368328560e-02 -1.463245821699209171e-04
-5.570681214188364164e-03 1.623382245001527002e-02 -1.478787177257500577e-04
-5.848986497279123724e-03 1.613721465934944352e-02 -1.493890336260491995e-04
-6.125645872630146836e-03 1.603584021355300079e-02 -1.508550823316163829e-04
-6.400577829860382845e-03 1.592972613899421366e-02 -1.522764294205203729e-04
-6.673701266474239141e-03 1.581890085213530708e-02 -1.536526537171243223e-04
-6.944935511435621454e-03 1.570339415462575217e-02 -1.549833474161477469e-04
-7.214200348805850128e-03 1.558323722818766299e-02 -1.562681162046466424e-04
-7.481416041281103817e-03 1.545846262886872192e-02 -1.575065793777213289e-04
-7.746503353792808487e-03 1.532910428108617829e-02 -1.586983699520713687e-04
-8.009383577032016047e-03 1.519519747115479803e-02 -1.598431347744245926e-04
-8.269978550965414663e-03 1.505677884044242729e-02 -1.609405346261982253e-04
-8.528210688317865856e-03 1.491388637814133888e-02 -1.619902443243153493e-04
-8.784002997963877291e-03 1.476655941352741225e-02 -1.629919528168068707e-04
-9.037279108358279439e-03 1.461483860798799134e-02 -1.639453632761611363e-04
-9.287963290786887399e-03 1.445876594641086650e-02 -1.648501931860929049e-04
-9.535980482653369852e-03 1.429838472833948153e-02 -1.657061744260410229e-04
-9.781256310623133443e-03 1.413373955860833253e-02 -1.665130533502848524e-04
-1.002371711371027006e-02 1.396487633758422726e-02 -1.672705908631265631e-04
-1.026328996628273621e-02 1.379184225101435547e-02 -1.679785624900382408e-04
-1.049990270090588040e-02 1.361468575936220470e-02 -1.686367584434093978e-04
-1.073348393119158244e-02 1.343345658687757592e-02 -1.692449836859065556e-04
-1.096396307439342216e-02 1.324820571005162935e-02 -1.698030579870989012e-04
-1.119127037398023189e-02 1.305898534579677181e-02 -1.703108159775275853e-04
-1.141533692203829282e-02 1.286584893914502307e-02 -1.707681071977064293e-04
-1.163609468148733318e-02 1.266885115047060827e-02 -1.711747961420413829e-04
-1.185347650826304097e-02 1.246804784243030900e-02 -1.715307623001674400e-04
-1.206741617318285095e-02 1.226349606629481559e-02 -1.718359001914329892e-04
-1.227784838377371165e-02 1.205525404800614382e-02 -1.720901193969635488e-04
-1.248470880584582818e-02 1.184338117373271056e-02 -1.722933445861225062e-04
-1.268793408490332709e-02 1.162793797501934095e-02 -1.724455155388312632e-04
-1.288746186737780089e-02 1.140898611354311011e-02 -1.725465871637513876e-04
-1.308323082157460474e-02 1.118658836536582865e-02 -1.725965295108252274e-04
-1.327518065855644996e-02 1.096080860491393388e-02 -1.725953277814113037e-04
-1.346325215261339088e-02 1.073171178836739188e-02 -1.725429823314095234e-04
-1.364738716165751417e-02 1.049936393677351580e-02 -1.724395086719742321e-04
-1.382752864728379813e-02 1.026383211867290535e-02 -1.722849374645850243e-04
-1.400362069460628182e-02 1.002518443233673187e-02 -1.720793145119570633e-04
-1.417560853185837605e-02 9.783489987618009323e-03 -1.718227007448073368e-04
-1.434343854962766632e-02 9.538818887326095536e-03 -1.715151722029814075e-04
-1.450705831998074825e-02 9.291242208325178192e-03 -1.711568200141745904e-04
-1.466641661508999439e-02 9.040831982090196534e-03 -1.707477503656775082e-04
-1.482146342573500281e-02 8.787661174984919346e-03 -1.702880844737218746e-04
-1.497214997939596247e-02 8.531803668085024064e-03 -1.697779585472342599e-04
-1.511842875805832244e-02 8.273334236637007108e-03 -1.692175237474666911e-04
-1.526025351572156581e-02 8.012328529151960949e-03 -1.686069461435416245e-04
-1.539757929546694062e-02 7.748863046062234687e-03 -1.679464066624332006e-04
-1.553036244636511048e-02 7.483015118112954292e-03 -1.672361010365902231e-04
-1.565856063980572421e-02 7.214862884264103618e-03 -1.664762397447092839e-04
-1.578213288564637648e-02 6.944485269326794614e-03 -1.656670479501529201e-04
-1.590103954788849028e-02 6.671961961199365451e-03 -1.648087654339156437e-04
-1.601524235999986570e-02 6.397373387760765806e-03 -1.639016465235625390e-04
-1.612470443987690932e-02 6.120800693440972204e-03 -1.629459600181946391e-04
-1.622939030430476173e-02 5.842325715407372007e-03 -1.619419891080160594e-04
-1.632926588319773969e-02 5.562030959499150197e-03 -1.608900312916047371e-04
-1.642429853319405872e-02 5.279999575749581321e-03 -1.597903982865759610e-04
-1.651445705101595510e-02 4.996315333667982438e-03 -1.586434159380032294e-04
-1.659971168629431615e-02 4.711062597159292736e-03 -1.574494241214673465e-04
-1.668003415397169981e-02 4.424326299202210877e-03 -1.562087766425344557e-04
-1.675539764632182418e-02 4.136191916126216554e-03 -1.549218411318217488e-04
-1.682577684431912218e-02 3.846745441845607783e-03 -1.535889989362136080e-04
-1.689114792894175904e-02 3.556073361249518019e-03 -1.522106450049066982e-04
-1.695148859129740754e-02 3.264262624704592722e-03 -1.507871877761585730e-04
-1.700677804357500142e-02 2.971400618903432753e-03 -1.493190490451144574e-04
-1.705699702613319713e-02 2.677575147596145122e-03 -1.478066638760096134e-04
